{
"type": "FeatureCollection",
"name": "england_lad_2020",
"crs": { "type": "name", "properties": { "name": "urn:ogc:def:crs:OGC:1.3:CRS84" } },
"xy_coordinate_resolution": 1e-05,
"features": [
{"type":"Feature","properties":{"area_code":"E06000001","area_name":"Hartlepool"},"geometry":{"type":"Polygon","coordinates":[[[-1.24224,54.72297],[-1.24194,54.72272],[-1.24252,54.72243],[-1.24284,54.72226],[-1.17763,54.69919],[-1.17409,54.69188],[-1.19633,54.69856],[-1.18751,54.69391],[-1.18881,54.69241],[-1.19211,54.69253],[-1.19441,54.68596],[-1.1991,54.68055],[-1.1828,54.6588],[-1.17383,54.65501],[-1.15772,54.64819],[-1.16845,54.64562],[-1.17321,54.63346],[-1.18876,54.63265],[-1.19319,54.62905],[-1.20939,54.62168],[-1.23421,54.62888],[-1.25672,54.62335],[-1.29901,54.62798],[-1.31636,54.64523],[-1.32886,54.644],[-1.33506,54.63132],[-1.3809,54.64392],[-1.34125,54.65021],[-1.34785,54.66242],[-1.33095,54.68213],[-1.34453,54.69112],[-1.31933,54.69136],[-1.30133,54.7081],[-1.30552,54.71752],[-1.27025,54.72717],[-1.25186,54.71962],[-1.24224,54.72297]]]}},
{"type":"Feature","properties":{"area_code":"E06000002","area_name":"Middlesbrough"},"geometry":{"type":"Polygon","coordinates":[[[-1.1986,54.58287],[-1.16664,54.55423],[-1.19906,54.5445],[-1.16132,54.52498],[-1.15974,54.51584],[-1.13737,54.515],[-1.1462,54.50282],[-1.23487,54.51032],[-1.28225,54.51838],[-1.28543,54.53625],[-1.27061,54.55602],[-1.28263,54.56528],[-1.26256,54.57029],[-1.25236,54.59131],[-1.1986,54.58287]]]}},
{"type":"Feature","properties":{"area_code":"E06000003","area_name":"Redcar and Cleveland"},"geometry":{"type":"Polygon","coordinates":[[[-0.79189,54.55824],[-0.80042,54.55101],[-0.82698,54.54858],[-0.84865,54.53],[-0.84853,54.48797],[-0.88083,54.49705],[-0.95295,54.48804],[-1.0034,54.50301],[-1.03685,54.49404],[-1.09452,54.50676],[-1.11838,54.4982],[-1.1462,54.50282],[-1.13737,54.515],[-1.15974,54.51584],[-1.16132,54.52498],[-1.19906,54.5445],[-1.16664,54.55423],[-1.1986,54.58287],[-1.16025,54.60454],[-1.14913,54.61433],[-1.15462,54.6275],[-1.13545,54.62963],[-1.13698,54.64321],[-1.12994,54.64003],[-1.11881,54.62886],[-1.07234,54.62019],[-1.05412,54.61679],[-1.04048,54.61078],[-0.99999,54.59294],[-0.9628,54.58516],[-0.94646,54.58745],[-0.93641,54.5881],[-0.89603,54.5714],[-0.85301,54.57174],[-0.84407,54.56971],[-0.79425,54.55835],[-0.79189,54.55824]]]}},
{"type":"Feature","properties":{"area_code":"E06000004","area_name":"Stockton-on-Tees"},"geometry":{"type":"Polygon","coordinates":[[[-1.19319,54.62905],[-1.20018,54.6235],[-1.16208,54.62265],[-1.16044,54.61049],[-1.1986,54.58287],[-1.25236,54.59131],[-1.26256,54.57029],[-1.28263,54.56528],[-1.27061,54.55602],[-1.28543,54.53625],[-1.28225,54.51838],[-1.23487,54.51032],[-1.25667,54.50111],[-1.2574,54.48732],[-1.28098,54.49044],[-1.30034,54.47585],[-1.34363,54.46416],[-1.34492,54.47241],[-1.36442,54.46595],[-1.37256,54.47231],[-1.38101,54.49403],[-1.39505,54.48568],[-1.40709,54.49353],[-1.41279,54.4772],[-1.43212,54.47945],[-1.43491,54.48749],[-1.42149,54.51964],[-1.44961,54.53297],[-1.44676,54.55567],[-1.41135,54.56482],[-1.40729,54.59373],[-1.42333,54.60313],[-1.43836,54.59508],[-1.45091,54.61051],[-1.41282,54.61659],[-1.3809,54.64392],[-1.33506,54.63132],[-1.32886,54.644],[-1.31636,54.64523],[-1.29901,54.62798],[-1.25672,54.62335],[-1.23421,54.62888],[-1.20939,54.62168],[-1.19319,54.62905]]]}},
{"type":"Feature","properties":{"area_code":"E06000005","area_name":"Darlington"},"geometry":{"type":"Polygon","coordinates":[[[-1.43836,54.59508],[-1.42333,54.60313],[-1.40729,54.59373],[-1.41135,54.56482],[-1.44676,54.55567],[-1.44961,54.53297],[-1.42149,54.51964],[-1.43491,54.48749],[-1.45851,54.50392],[-1.47456,54.50071],[-1.45919,54.49427],[-1.4638,54.47355],[-1.45341,54.46602],[-1.46279,54.46139],[-1.45615,54.45245],[-1.47205,54.4556],[-1.47537,54.47385],[-1.49905,54.47568],[-1.49178,54.4862],[-1.51134,54.47501],[-1.51413,54.48378],[-1.52884,54.48481],[-1.51983,54.47105],[-1.54567,54.47124],[-1.5552,54.48498],[-1.58298,54.4971],[-1.57921,54.50519],[-1.59188,54.5043],[-1.58107,54.51285],[-1.60264,54.51058],[-1.61148,54.52],[-1.63333,54.51411],[-1.63377,54.52536],[-1.65468,54.52465],[-1.65794,54.53459],[-1.69693,54.53601],[-1.70527,54.54917],[-1.69121,54.55624],[-1.70928,54.56318],[-1.70898,54.57414],[-1.69403,54.58689],[-1.67931,54.58597],[-1.68242,54.61777],[-1.60676,54.61754],[-1.60622,54.60344],[-1.58419,54.61049],[-1.59341,54.59508],[-1.57627,54.5802],[-1.55282,54.58234],[-1.55864,54.59212],[-1.52676,54.59645],[-1.46869,54.60056],[-1.45171,54.59083],[-1.43836,54.59508]]]}},
{"type":"Feature","properties":{"area_code":"E06000006","area_name":"Halton"},"geometry":{"type":"Polygon","coordinates":[[[-2.69063,53.38539],[-2.69091,53.35815],[-2.67464,53.35366],[-2.63062,53.36405],[-2.63147,53.34603],[-2.60661,53.343],[-2.61913,53.33107],[-2.59522,53.32245],[-2.60909,53.31207],[-2.61993,53.32032],[-2.62412,53.3094],[-2.64506,53.31014],[-2.64156,53.30503],[-2.68515,53.31545],[-2.7008,53.30581],[-2.72353,53.31314],[-2.73929,53.30687],[-2.75247,53.31474],[-2.76306,53.33092],[-2.75325,53.3436],[-2.7402,53.34506],[-2.73819,53.34794],[-2.75913,53.34961],[-2.77822,53.33263],[-2.78429,53.33643],[-2.77769,53.32928],[-2.78863,53.32254],[-2.82666,53.33166],[-2.82795,53.33146],[-2.83246,53.33729],[-2.81878,53.33977],[-2.81881,53.348],[-2.7873,53.35629],[-2.77667,53.38106],[-2.75765,53.38074],[-2.74517,53.4021],[-2.71523,53.39903],[-2.7128,53.39063],[-2.69063,53.38539]]]}},
{"type":"Feature","properties":{"area_code":"E06000007","area_name":"Warrington"},"geometry":{"type":"Polygon","coordinates":[[[-2.48971,53.46028],[-2.44938,53.41589],[-2.47845,53.39622],[-2.42659,53.38746],[-2.43988,53.36666],[-2.48688,53.3679],[-2.52105,53.3479],[-2.51839,53.34239],[-2.56188,53.32334],[-2.58629,53.3294],[-2.59522,53.32245],[-2.61913,53.33107],[-2.60661,53.343],[-2.63147,53.34603],[-2.63062,53.36405],[-2.67464,53.35366],[-2.69091,53.35815],[-2.69063,53.38539],[-2.67632,53.38762],[-2.66355,53.42871],[-2.67527,53.43297],[-2.66851,53.44091],[-2.68208,53.4389],[-2.67717,53.45279],[-2.63914,53.44439],[-2.62746,53.43441],[-2.59623,53.44267],[-2.59868,53.45041],[-2.5853,53.43981],[-2.57674,53.44606],[-2.57039,53.45848],[-2.54908,53.46149],[-2.55264,53.46781],[-2.49633,53.48093],[-2.48971,53.46028]]]}},
{"type":"Feature","properties":{"area_code":"E06000008","area_name":"Blackburn with Darwen"},"geometry":{"type":"Polygon","coordinates":[[[-2.41099,53.70514],[-2.39835,53.69156],[-2.37442,53.68725],[-2.37124,53.66708],[-2.36275,53.6554],[-2.37033,53.63153],[-2.37913,53.63087],[-2.4217,53.62384],[-2.43872,53.64605],[-2.4597,53.62004],[-2.4792,53.61704],[-2.51132,53.62699],[-2.53234,53.6649],[-2.51538,53.69167],[-2.53979,53.70219],[-2.5616,53.7469],[-2.5513,53.75639],[-2.46581,53.78081],[-2.44632,53.76659],[-2.45178,53.75645],[-2.44007,53.74942],[-2.43387,53.71918],[-2.41099,53.70514]]]}},
{"type":"Feature","properties":{"area_code":"E06000009","area_name":"Blackpool"},"geometry":{"type":"Polygon","coordinates":[[[-3.01065,53.82619],[-2.995,53.81849],[-2.98336,53.7938],[-3.00389,53.79134],[-2.99648,53.7745],[-3.0288,53.77312],[-3.03282,53.78086],[-3.05685,53.77659],[-3.05012,53.85164],[-3.04806,53.87448],[-3.01975,53.8686],[-3.01065,53.82619]]]}},
{"type":"Feature","properties":{"area_code":"E06000010","area_name":"Kingston upon Hull, City of"},"geometry":{"type":"Polygon","coordinates":[[[-0.25169,53.73285],[-0.28675,53.74256],[-0.33264,53.73829],[-0.41913,53.71959],[-0.4223,53.7315],[-0.40194,53.74999],[-0.42228,53.75098],[-0.4182,53.76063],[-0.38811,53.76935],[-0.39222,53.79113],[-0.35941,53.7934],[-0.36234,53.80493],[-0.31613,53.81327],[-0.27825,53.78206],[-0.25232,53.78133],[-0.2542,53.7635],[-0.2414,53.75491],[-0.25169,53.73285]]]}},
{"type":"Feature","properties":{"area_code":"E06000011","area_name":"East Riding of Yorkshire"},"geometry":{"type":"Polygon","coordinates":[[[-0.21263,54.15763],[-0.16436,54.14602],[-0.10277,54.13119],[-0.07636,54.11636],[-0.10515,54.10401],[-0.16644,54.09875],[-0.16729,54.09868],[-0.19842,54.07792],[-0.21298,54.05374],[-0.21311,54.02273],[-0.21317,54.008],[-0.17363,53.93501],[-0.15554,53.90154],[-0.09205,53.84108],[-0.04199,53.79328],[0.117,53.66226],[0.11725,53.6618],[0.11946,53.65774],[0.13844,53.62278],[0.14795,53.60417],[0.14621,53.60056],[0.11291,53.57498],[0.11123,53.57369],[0.1114,53.57406],[0.11293,53.57536],[0.14628,53.6036],[0.14223,53.61169],[0.11538,53.6244],[0.08128,53.64052],[0.0337,53.64928],[0.01948,53.64525],[0.00058,53.65486],[0.01733,53.64492],[-0.05379,53.629],[-0.10355,53.63534],[-0.14887,53.66219],[-0.18454,53.68328],[-0.22725,53.70849],[-0.24439,53.73083],[-0.25169,53.73285],[-0.2414,53.75491],[-0.2542,53.7635],[-0.25232,53.78133],[-0.27825,53.78206],[-0.31613,53.81327],[-0.36234,53.80493],[-0.35941,53.7934],[-0.39222,53.79113],[-0.38811,53.76935],[-0.4182,53.76063],[-0.42228,53.75098],[-0.40194,53.74999],[-0.4223,53.7315],[-0.41913,53.71959],[-0.48629,53.71354],[-0.54256,53.70844],[-0.58334,53.7266],[-0.63022,53.73399],[-0.63725,53.72889],[-0.61853,53.73051],[-0.67161,53.72184],[-0.69598,53.70436],[-0.72513,53.70686],[-0.6985,53.69765],[-0.70246,53.67749],[-0.72177,53.67936],[-0.7745,53.65621],[-0.77214,53.66408],[-0.78874,53.65921],[-0.84826,53.63304],[-0.86534,53.63771],[-0.94684,53.65914],[-1.04866,53.65606],[-1.10357,53.66956],[-1.08105,53.68461],[-1.07493,53.704],[-1.06166,53.70677],[-1.03893,53.69388],[-0.98033,53.69694],[-0.98049,53.70504],[-0.96265,53.7008],[-0.95771,53.71484],[-0.90374,53.71836],[-0.91095,53.73267],[-0.96074,53.73602],[-0.97361,53.74988],[-0.92825,53.7656],[-0.9345,53.80178],[-0.92011,53.81609],[-0.94061,53.82352],[-0.94823,53.86161],[-0.92352,53.88077],[-0.92084,53.89062],[-0.94952,53.89391],[-0.9216,53.92142],[-0.92121,53.96042],[-0.93411,53.96846],[-0.92529,53.99152],[-0.8939,53.99954],[-0.87844,54.01718],[-0.8007,54.02412],[-0.79919,54.01905],[-0.73426,54.03026],[-0.73049,54.0127],[-0.6835,54.0088],[-0.68704,54.03077],[-0.65948,54.03717],[-0.64465,54.05511],[-0.66032,54.0631],[-0.61552,54.07049],[-0.56314,54.094],[-0.52461,54.08547],[-0.46594,54.10763],[-0.45435,54.11676],[-0.45854,54.12597],[-0.42709,54.13744],[-0.43317,54.16407],[-0.41825,54.17406],[-0.39075,54.17652],[-0.37493,54.15411],[-0.3464,54.14687],[-0.32384,54.1503],[-0.30424,54.13626],[-0.26542,54.14056],[-0.22975,54.13244],[-0.21263,54.15763]]]}},
{"type":"Feature","properties":{"area_code":"E06000012","area_name":"North East Lincolnshire"},"geometry":{"type":"Polygon","coordinates":[[[0.01417,53.52762],[-0.0148,53.51537],[-0.06505,53.51874],[-0.07526,53.48934],[-0.09549,53.48599],[-0.0898,53.47768],[-0.10782,53.46986],[-0.08221,53.45115],[-0.12034,53.43356],[-0.13188,53.43594],[-0.14923,53.4467],[-0.15368,53.46568],[-0.1818,53.46865],[-0.18857,53.48454],[-0.2106,53.48629],[-0.20409,53.51177],[-0.21059,53.53171],[-0.21988,53.53261],[-0.18934,53.56592],[-0.19519,53.57162],[-0.22256,53.56802],[-0.23467,53.58625],[-0.2514,53.58465],[-0.24848,53.59366],[-0.29212,53.61327],[-0.23262,53.624],[-0.20464,53.63809],[-0.20442,53.6379],[-0.18687,53.62895],[-0.09301,53.58098],[-0.07946,53.57693],[-0.07145,53.5841],[-0.06081,53.58208],[0.01417,53.52762]]]}},
{"type":"Feature","properties":{"area_code":"E06000013","area_name":"North Lincolnshire"},"geometry":{"type":"MultiPolygon","coordinates":[[[[-0.87192,53.46631],[-0.91625,53.4603],[-0.92025,53.46551],[-0.90047,53.47516],[-0.93556,53.50252],[-0.93209,53.51067],[-0.95001,53.51366],[-0.94372,53.53064],[-0.8923,53.53747],[-0.90127,53.54791],[-0.891,53.56656],[-0.90112,53.56872],[-0.89793,53.58328],[-0.86534,53.63771],[-0.84826,53.63304],[-0.78874,53.65921],[-0.77214,53.66408],[-0.7745,53.65621],[-0.72177,53.67936],[-0.70246,53.67749],[-0.69849,53.68461],[-0.68535,53.67675],[-0.69422,53.69522],[-0.6395,53.71017],[-0.61066,53.71446],[-0.58625,53.69334],[-0.52351,53.67699],[-0.48708,53.69158],[-0.47049,53.69822],[-0.39354,53.69687],[-0.29422,53.71415],[-0.24566,53.67296],[-0.23786,53.66357],[-0.22569,53.65599],[-0.20464,53.63809],[-0.23262,53.624],[-0.29212,53.61327],[-0.30856,53.61433],[-0.30074,53.59528],[-0.33594,53.55863],[-0.41696,53.56321],[-0.429,53.57452],[-0.46702,53.54896],[-0.49093,53.54587],[-0.50123,53.53746],[-0.43066,53.54634],[-0.40815,53.53211],[-0.40507,53.51762],[-0.48838,53.50486],[-0.48663,53.48047],[-0.47175,53.47487],[-0.55179,53.45952],[-0.62975,53.45822],[-0.62449,53.51284],[-0.73959,53.51994],[-0.75211,53.50053],[-0.76811,53.49893],[-0.77157,53.4792],[-0.78439,53.47667],[-0.78436,53.46338],[-0.79748,53.45506],[-0.87192,53.46631]]],[[[-0.55549,53.69052],[-0.52069,53.68541],[-0.53575,53.68126],[-0.55549,53.69052]]]]}},
{"type":"Feature","properties":{"area_code":"E06000014","area_name":"York"},"geometry":{"type":"Polygon","coordinates":[[[-0.92529,53.99152],[-0.93411,53.96846],[-0.92121,53.96042],[-0.9216,53.92142],[-0.94952,53.89391],[-0.92084,53.89062],[-0.92352,53.88077],[-0.94407,53.88812],[-0.99283,53.87521],[-1.0082,53.89],[-1.06496,53.87459],[-1.0912,53.88582],[-1.1051,53.87573],[-1.19564,53.92238],[-1.22371,53.97483],[-1.21652,53.98559],[-1.1821,53.98535],[-1.19194,54.00052],[-1.17551,54.0022],[-1.15191,53.98918],[-1.137,53.99108],[-1.14909,54.00295],[-1.1408,54.02986],[-1.12028,54.02905],[-1.08941,54.04801],[-1.05873,54.04785],[-1.05971,54.05661],[-1.01438,54.04932],[-1.00208,54.05526],[-0.96685,54.02298],[-0.98478,54.00268],[-0.97542,54.00475],[-0.97193,53.9967],[-0.99484,53.98306],[-0.92529,53.99152]]]}},
{"type":"Feature","properties":{"area_code":"E06000015","area_name":"Derby"},"geometry":{"type":"Polygon","coordinates":[[[-1.38826,52.90147],[-1.40277,52.90046],[-1.41891,52.88455],[-1.42357,52.86508],[-1.44623,52.86131],[-1.46409,52.87256],[-1.49451,52.87008],[-1.50311,52.88485],[-1.54169,52.88954],[-1.55685,52.91468],[-1.54407,52.92421],[-1.50803,52.93745],[-1.49541,52.96588],[-1.47463,52.96593],[-1.46855,52.95066],[-1.40928,52.95032],[-1.42396,52.93565],[-1.38307,52.92593],[-1.38826,52.90147]]]}},
{"type":"Feature","properties":{"area_code":"E06000016","area_name":"Leicester"},"geometry":{"type":"Polygon","coordinates":[[[-1.04861,52.655],[-1.04696,52.63462],[-1.07049,52.61807],[-1.09661,52.61649],[-1.10365,52.59591],[-1.12017,52.59754],[-1.14362,52.58803],[-1.1495,52.58102],[-1.16094,52.58253],[-1.15789,52.59082],[-1.17422,52.59293],[-1.16556,52.61308],[-1.21598,52.63453],[-1.20725,52.64259],[-1.19066,52.64039],[-1.18529,52.66064],[-1.17807,52.67803],[-1.15725,52.69152],[-1.14326,52.68716],[-1.12922,52.66539],[-1.11881,52.67319],[-1.07508,52.66963],[-1.04861,52.655]]]}},
{"type":"Feature","properties":{"area_code":"E06000017","area_name":"Rutland"},"geometry":{"type":"Polygon","coordinates":[[[-0.49503,52.64024],[-0.5174,52.64238],[-0.54026,52.62597],[-0.55294,52.60135],[-0.54417,52.59289],[-0.55812,52.59448],[-0.5719,52.5858],[-0.58155,52.59587],[-0.58697,52.58743],[-0.60302,52.58859],[-0.67486,52.55864],[-0.71366,52.52496],[-0.74221,52.53949],[-0.73886,52.54888],[-0.75989,52.56491],[-0.76526,52.58247],[-0.79244,52.59761],[-0.82095,52.59645],[-0.80582,52.62069],[-0.80869,52.64613],[-0.78204,52.66948],[-0.78604,52.69474],[-0.82175,52.71568],[-0.81344,52.72913],[-0.77648,52.74393],[-0.7517,52.73671],[-0.6641,52.75671],[-0.61029,52.75982],[-0.60544,52.75049],[-0.57264,52.75311],[-0.53997,52.7384],[-0.54243,52.72328],[-0.49453,52.70965],[-0.43044,52.70542],[-0.43405,52.68371],[-0.45619,52.67039],[-0.50667,52.65953],[-0.52359,52.66523],[-0.49503,52.64024]]]}},
{"type":"Feature","properties":{"area_code":"E06000018","area_name":"Nottingham"},"geometry":{"type":"Polygon","coordinates":[[[-1.08612,52.94857],[-1.09968,52.94198],[-1.13176,52.94282],[-1.14188,52.93199],[-1.15229,52.93703],[-1.1586,52.90006],[-1.17643,52.88907],[-1.21392,52.90441],[-1.2109,52.91215],[-1.19901,52.90948],[-1.1823,52.91734],[-1.24689,52.9532],[-1.23198,52.96764],[-1.24684,52.98454],[-1.22618,52.98114],[-1.20335,52.98753],[-1.21911,52.9915],[-1.22515,53.0081],[-1.20988,53.01814],[-1.18275,53.01857],[-1.14351,53.0065],[-1.15366,52.99719],[-1.13825,52.99484],[-1.14249,52.98629],[-1.12279,52.98347],[-1.12011,52.96783],[-1.08612,52.94857]]]}},
{"type":"Feature","properties":{"area_code":"E06000019","area_name":"Herefordshire, County of"},"geometry":{"type":"Polygon","coordinates":[[[-2.61803,52.30696],[-2.66321,52.30392],[-2.63988,52.28638],[-2.59793,52.28162],[-2.6283,52.26116],[-2.62897,52.24037],[-2.57421,52.25273],[-2.53167,52.25328],[-2.52582,52.2481],[-2.49565,52.25694],[-2.50311,52.27745],[-2.4514,52.28508],[-2.428,52.27061],[-2.4681,52.25604],[-2.4747,52.24136],[-2.46486,52.23437],[-2.42307,52.23726],[-2.3844,52.22523],[-2.40389,52.22145],[-2.39268,52.20861],[-2.40784,52.20275],[-2.42195,52.17248],[-2.43518,52.16822],[-2.41519,52.14524],[-2.37932,52.15511],[-2.3514,52.14462],[-2.35215,52.10349],[-2.33796,52.08988],[-2.35138,52.02136],[-2.39289,52.01296],[-2.39902,51.99615],[-2.4132,51.99409],[-2.43729,51.99717],[-2.43655,52.0148],[-2.46326,52.01434],[-2.46408,52.02327],[-2.47893,52.02253],[-2.49198,52.00766],[-2.47099,51.99474],[-2.49491,51.98108],[-2.49224,51.96413],[-2.50091,51.96061],[-2.46549,51.9517],[-2.46604,51.92797],[-2.44818,51.91867],[-2.43936,51.8974],[-2.48779,51.88042],[-2.50862,51.88517],[-2.53162,51.86077],[-2.58064,51.86167],[-2.58282,51.84958],[-2.60122,51.85622],[-2.62547,51.83896],[-2.63671,51.8431],[-2.6504,51.82612],[-2.6662,51.83562],[-2.6933,51.83384],[-2.6973,51.84481],[-2.71513,51.84024],[-2.71961,51.84892],[-2.73885,51.83662],[-2.7788,51.86586],[-2.76843,51.88054],[-2.8361,51.90605],[-2.84191,51.91773],[-2.86192,51.91402],[-2.84493,51.92203],[-2.87784,51.93381],[-2.97185,51.90498],[-2.97667,51.92749],[-3.00812,51.92713],[-3.02594,51.95728],[-3.06737,51.98314],[-3.0992,52.02269],[-3.08629,52.04019],[-3.09059,52.05051],[-3.1259,52.07831],[-3.12272,52.10316],[-3.10547,52.10539],[-3.10499,52.11673],[-3.14192,52.12787],[-3.13587,52.13791],[-3.09369,52.14431],[-3.07254,52.15577],[-3.08254,52.16305],[-3.0989,52.15473],[-3.12243,52.16342],[-3.09465,52.18374],[-3.10208,52.20272],[-3.07209,52.21309],[-3.07304,52.23588],[-3.04422,52.23793],[-3.04832,52.25023],[-3.03586,52.25676],[-3.00578,52.26426],[-2.97718,52.25969],[-2.94963,52.26947],[-3.01261,52.27917],[-3.00087,52.32177],[-2.9668,52.32945],[-2.95465,52.34915],[-2.93315,52.35005],[-2.93889,52.36106],[-2.92614,52.367],[-2.90081,52.36727],[-2.92231,52.37515],[-2.91769,52.38629],[-2.89314,52.37409],[-2.88846,52.38515],[-2.85502,52.39549],[-2.81822,52.39123],[-2.80543,52.38825],[-2.80733,52.37591],[-2.7925,52.37528],[-2.79242,52.35686],[-2.73277,52.35553],[-2.74838,52.3349],[-2.76699,52.33611],[-2.71425,52.30888],[-2.67981,52.31202],[-2.68913,52.31661],[-2.66607,52.3423],[-2.62393,52.32139],[-2.61803,52.30696]]]}},
{"type":"Feature","properties":{"area_code":"E06000020","area_name":"Telford and Wrekin"},"geometry":{"type":"Polygon","coordinates":[[[-2.31221,52.74087],[-2.31558,52.73295],[-2.35793,52.73121],[-2.37655,52.7396],[-2.41903,52.66289],[-2.4183,52.63377],[-2.43663,52.62709],[-2.43811,52.61456],[-2.50177,52.62902],[-2.54846,52.65471],[-2.55565,52.6711],[-2.62255,52.69903],[-2.59742,52.71825],[-2.66024,52.73162],[-2.66342,52.76044],[-2.64313,52.76708],[-2.63233,52.75959],[-2.621,52.77652],[-2.59224,52.77685],[-2.59801,52.79797],[-2.58279,52.80563],[-2.55184,52.80254],[-2.53381,52.79412],[-2.53751,52.78511],[-2.52199,52.79895],[-2.50303,52.7966],[-2.48651,52.80525],[-2.47712,52.79938],[-2.4897,52.78297],[-2.47281,52.78042],[-2.45626,52.78419],[-2.47289,52.8208],[-2.41635,52.82701],[-2.37765,52.81164],[-2.37141,52.79528],[-2.38503,52.78955],[-2.31221,52.74087]]]}},
{"type":"Feature","properties":{"area_code":"E06000021","area_name":"Stoke-on-Trent"},"geometry":{"type":"Polygon","coordinates":[[[-2.18121,53.0898],[-2.1717,53.08945],[-2.16115,53.07012],[-2.1254,53.06458],[-2.11658,53.04803],[-2.13178,53.04733],[-2.12374,53.02164],[-2.10347,53.01086],[-2.10495,52.99769],[-2.08857,52.99714],[-2.09189,52.98561],[-2.07924,52.9745],[-2.08813,52.97385],[-2.08122,52.96691],[-2.12166,52.95609],[-2.1304,52.97118],[-2.14571,52.97611],[-2.16259,52.95337],[-2.1769,52.95371],[-2.18161,52.94621],[-2.21251,52.98058],[-2.20434,52.9814],[-2.21549,53.01531],[-2.20252,53.01996],[-2.23876,53.07334],[-2.19862,53.09272],[-2.18121,53.0898]]]}},
{"type":"Feature","properties":{"area_code":"E06000022","area_name":"Bath and North East Somerset"},"geometry":{"type":"Polygon","coordinates":[[[-2.29462,51.4288],[-2.27854,51.41588],[-2.29086,51.40571],[-2.28181,51.39723],[-2.29679,51.39489],[-2.29206,51.36957],[-2.34434,51.34556],[-2.29641,51.34266],[-2.30093,51.33322],[-2.28909,51.32527],[-2.38718,51.29464],[-2.40092,51.3048],[-2.45172,51.27425],[-2.47379,51.27799],[-2.478,51.2731],[-2.50636,51.27899],[-2.49722,51.29084],[-2.55782,51.30266],[-2.62749,51.28287],[-2.6387,51.29482],[-2.69488,51.31809],[-2.68718,51.33036],[-2.70789,51.3378],[-2.6905,51.34953],[-2.69419,51.37986],[-2.6797,51.36012],[-2.66875,51.36078],[-2.67653,51.34197],[-2.65897,51.34151],[-2.64441,51.37513],[-2.63002,51.37521],[-2.62695,51.38713],[-2.61405,51.38088],[-2.6227,51.38941],[-2.60312,51.38882],[-2.59013,51.39755],[-2.57075,51.39937],[-2.56087,51.41172],[-2.53601,51.41114],[-2.52629,51.43478],[-2.51046,51.42878],[-2.49172,51.42903],[-2.49273,51.41815],[-2.48096,51.42158],[-2.46945,51.4159],[-2.34329,51.43953],[-2.32503,51.43699],[-2.31262,51.42245],[-2.29462,51.4288]]]}},
{"type":"Feature","properties":{"area_code":"E06000023","area_name":"Bristol, City of"},"geometry":{"type":"MultiPolygon","coordinates":[[[[-2.85064,51.45452],[-2.84029,51.45992],[-2.85378,51.45086],[-2.85064,51.45452]]],[[[-2.62952,51.43737],[-2.64008,51.44046],[-2.6258,51.44875],[-2.63486,51.46719],[-2.66172,51.48651],[-2.68461,51.48049],[-2.71832,51.50616],[-2.70322,51.51681],[-2.69521,51.52246],[-2.69503,51.52268],[-2.69464,51.52318],[-2.69442,51.52331],[-2.69395,51.52374],[-2.6929,51.52456],[-2.69274,51.52468],[-2.69101,51.52643],[-2.68759,51.52936],[-2.68705,51.5294],[-2.68709,51.52956],[-2.68704,51.52971],[-2.68703,51.53003],[-2.68689,51.53029],[-2.68663,51.53066],[-2.68624,51.53137],[-2.68612,51.53151],[-2.68581,51.53195],[-2.68561,51.53209],[-2.68532,51.53226],[-2.68491,51.53269],[-2.68472,51.53293],[-2.6845,51.53313],[-2.68415,51.53352],[-2.68399,51.53364],[-2.68362,51.53401],[-2.68343,51.53419],[-2.68331,51.53437],[-2.68307,51.53465],[-2.68297,51.53479],[-2.68275,51.53493],[-2.68263,51.53503],[-2.6826,51.53518],[-2.68215,51.53549],[-2.68204,51.53563],[-2.68184,51.53564],[-2.68107,51.53549],[-2.68088,51.53532],[-2.68065,51.53509],[-2.68045,51.53507],[-2.68059,51.53525],[-2.68091,51.53557],[-2.68132,51.53606],[-2.68108,51.53656],[-2.68104,51.53674],[-2.68063,51.53715],[-2.68053,51.53728],[-2.68026,51.53755],[-2.68014,51.53773],[-2.67994,51.53799],[-2.67978,51.53817],[-2.67955,51.5384],[-2.67921,51.53873],[-2.6791,51.53884],[-2.67895,51.53894],[-2.67871,51.53918],[-2.67859,51.53934],[-2.67833,51.53953],[-2.67819,51.53976],[-2.67805,51.53988],[-2.67783,51.5402],[-2.67755,51.54039],[-2.67748,51.54057],[-2.67728,51.54074],[-2.67711,51.54086],[-2.67678,51.54127],[-2.67657,51.54148],[-2.67638,51.54172],[-2.67516,51.54308],[-2.67477,51.54349],[-2.67465,51.54364],[-2.67445,51.54378],[-2.67431,51.54392],[-2.67415,51.54411],[-2.67382,51.54441],[-2.65254,51.5131],[-2.58099,51.51741],[-2.58815,51.50123],[-2.55185,51.49225],[-2.51587,51.49387],[-2.51225,51.46233],[-2.52177,51.4501],[-2.53935,51.44579],[-2.51046,51.42878],[-2.52629,51.43478],[-2.53601,51.41114],[-2.56087,51.41172],[-2.57075,51.39937],[-2.59013,51.39755],[-2.63329,51.40348],[-2.62952,51.43737]]],[[[-2.72923,51.50165],[-2.73258,51.49247],[-2.73052,51.50227],[-2.72923,51.50165]]]]}},
{"type":"Feature","properties":{"area_code":"E06000024","area_name":"North Somerset"},"geometry":{"type":"Polygon","coordinates":[[[-2.68461,51.48049],[-2.66172,51.48651],[-2.63486,51.46719],[-2.6258,51.44875],[-2.64008,51.44046],[-2.62952,51.43737],[-2.63329,51.40348],[-2.59013,51.39755],[-2.60312,51.38882],[-2.6227,51.38941],[-2.61405,51.38088],[-2.62695,51.38713],[-2.63002,51.37521],[-2.64441,51.37513],[-2.65897,51.34151],[-2.67653,51.34197],[-2.66875,51.36078],[-2.6797,51.36012],[-2.69419,51.37986],[-2.6905,51.34953],[-2.70789,51.3378],[-2.68718,51.33036],[-2.69488,51.31809],[-2.76464,51.32258],[-2.81867,51.32637],[-2.81024,51.30142],[-2.87715,51.30006],[-2.88492,51.30666],[-2.8971,51.29061],[-2.93688,51.30308],[-2.96204,51.30479],[-2.97262,51.29571],[-2.98982,51.29903],[-2.98627,51.31441],[-2.99987,51.32198],[-2.99411,51.32093],[-2.98858,51.33491],[-2.98277,51.34957],[-2.99474,51.35636],[-2.9674,51.36371],[-2.96221,51.37474],[-2.96308,51.38291],[-2.9808,51.38842],[-2.97088,51.39078],[-2.93966,51.39641],[-2.93918,51.39104],[-2.91734,51.39589],[-2.8866,51.41255],[-2.8646,51.43823],[-2.85378,51.45086],[-2.84029,51.45992],[-2.7738,51.49454],[-2.7735,51.49464],[-2.73633,51.49268],[-2.73258,51.49247],[-2.72923,51.50165],[-2.68461,51.48049]]]}},
{"type":"Feature","properties":{"area_code":"E06000025","area_name":"South Gloucestershire"},"geometry":{"type":"Polygon","coordinates":[[[-2.29164,51.5937],[-2.28275,51.57852],[-2.27256,51.57759],[-2.2603,51.5699],[-2.2665,51.53626],[-2.25239,51.52687],[-2.32432,51.49751],[-2.31142,51.48737],[-2.29047,51.48665],[-2.29574,51.45859],[-2.28512,51.45784],[-2.29462,51.4288],[-2.31262,51.42245],[-2.32503,51.43699],[-2.34329,51.43953],[-2.46945,51.4159],[-2.48096,51.42158],[-2.49273,51.41815],[-2.49172,51.42903],[-2.51046,51.42878],[-2.53935,51.44579],[-2.52177,51.4501],[-2.51225,51.46233],[-2.51587,51.49387],[-2.55185,51.49225],[-2.58815,51.50123],[-2.58099,51.51741],[-2.65254,51.5131],[-2.67382,51.54441],[-2.66343,51.57368],[-2.62781,51.60564],[-2.63883,51.60944],[-2.63964,51.60972],[-2.63907,51.61004],[-2.64601,51.62598],[-2.61701,51.65573],[-2.57435,51.66375],[-2.54081,51.6824],[-2.48964,51.66396],[-2.49068,51.64483],[-2.44298,51.65249],[-2.38599,51.63994],[-2.40047,51.63514],[-2.38891,51.62754],[-2.39466,51.59737],[-2.37058,51.59761],[-2.36558,51.60373],[-2.33106,51.5916],[-2.29164,51.5937]]]}},
{"type":"Feature","properties":{"area_code":"E06000026","area_name":"Plymouth"},"geometry":{"type":"Polygon","coordinates":[[[-4.12305,50.34674],[-4.13103,50.35944],[-4.11245,50.35943],[-4.10009,50.38342],[-4.11571,50.36179],[-4.15321,50.36603],[-4.16477,50.36075],[-4.16535,50.36258],[-4.16635,50.36646],[-4.1666,50.36651],[-4.17836,50.36693],[-4.1854,50.3672],[-4.18148,50.37716],[-4.19454,50.39209],[-4.20468,50.39898],[-4.20441,50.40146],[-4.19523,50.41912],[-4.19234,50.42468],[-4.19023,50.42746],[-4.16948,50.42311],[-4.15586,50.43643],[-4.13566,50.43293],[-4.11349,50.44415],[-4.10954,50.43209],[-4.08267,50.42466],[-4.07151,50.40185],[-4.03965,50.40142],[-4.02117,50.39178],[-4.02706,50.37903],[-4.0502,50.37747],[-4.05294,50.35652],[-4.09062,50.3409],[-4.12305,50.34674]]]}},
{"type":"Feature","properties":{"area_code":"E06000027","area_name":"Torbay"},"geometry":{"type":"Polygon","coordinates":[[[-3.50917,50.51661],[-3.5148,50.48169],[-3.4806,50.46352],[-3.51598,50.4538],[-3.53932,50.46108],[-3.5576,50.4294],[-3.55952,50.42607],[-3.55613,50.40815],[-3.54485,50.40212],[-3.52834,50.40482],[-3.51189,50.39591],[-3.50514,50.39998],[-3.51293,50.40567],[-3.48237,50.40006],[-3.5033,50.38886],[-3.49754,50.38304],[-3.50645,50.37939],[-3.50763,50.37916],[-3.5077,50.37895],[-3.54426,50.37348],[-3.57478,50.39415],[-3.57985,50.41021],[-3.59905,50.40927],[-3.62804,50.42599],[-3.62507,50.44129],[-3.58688,50.45223],[-3.58425,50.47772],[-3.56978,50.4907],[-3.56477,50.48697],[-3.52995,50.50459],[-3.52091,50.51768],[-3.50917,50.51661]]]}},
{"type":"Feature","properties":{"area_code":"E06000030","area_name":"Swindon"},"geometry":{"type":"Polygon","coordinates":[[[-1.68306,51.69011],[-1.70019,51.67074],[-1.69194,51.65216],[-1.65995,51.63499],[-1.67374,51.62285],[-1.66701,51.61626],[-1.69062,51.60545],[-1.69111,51.58352],[-1.67654,51.56944],[-1.65504,51.57651],[-1.64769,51.57195],[-1.60281,51.5183],[-1.71908,51.50071],[-1.71574,51.48838],[-1.77433,51.48245],[-1.7978,51.48445],[-1.81345,51.50704],[-1.83758,51.50084],[-1.84689,51.52432],[-1.83697,51.5109],[-1.83008,51.51544],[-1.85382,51.5463],[-1.84928,51.55331],[-1.86512,51.55959],[-1.8601,51.56524],[-1.84519,51.56172],[-1.84315,51.57866],[-1.82373,51.58221],[-1.83756,51.58724],[-1.83186,51.59673],[-1.8423,51.61256],[-1.82785,51.62533],[-1.78858,51.63271],[-1.79908,51.6625],[-1.78862,51.667],[-1.75379,51.66222],[-1.72755,51.66721],[-1.71106,51.67179],[-1.69683,51.69204],[-1.68306,51.69011]]]}},
{"type":"Feature","properties":{"area_code":"E06000031","area_name":"Peterborough"},"geometry":{"type":"Polygon","coordinates":[[[-0.03127,52.66153],[-0.01275,52.59425],[-0.18698,52.56851],[-0.19787,52.55081],[-0.18785,52.54186],[-0.2004,52.54522],[-0.21766,52.53792],[-0.23484,52.54367],[-0.24478,52.523],[-0.26929,52.52082],[-0.29329,52.50689],[-0.33274,52.54655],[-0.32546,52.55289],[-0.34848,52.56437],[-0.38545,52.56719],[-0.39684,52.583],[-0.41538,52.57874],[-0.47881,52.57365],[-0.49266,52.5819],[-0.47092,52.62356],[-0.49477,52.64031],[-0.45269,52.65428],[-0.40568,52.64805],[-0.35022,52.66161],[-0.33504,52.67487],[-0.28924,52.67028],[-0.26075,52.65142],[-0.2125,52.66668],[-0.19287,52.65244],[-0.18002,52.66056],[-0.14106,52.65151],[-0.1022,52.67221],[-0.08775,52.66679],[-0.06371,52.67523],[-0.03127,52.66153]]]}},
{"type":"Feature","properties":{"area_code":"E06000032","area_name":"Luton"},"geometry":{"type":"Polygon","coordinates":[[[-0.38562,51.91568],[-0.37749,51.89843],[-0.3499,51.87871],[-0.35483,51.87401],[-0.36976,51.86812],[-0.39586,51.87058],[-0.42277,51.85455],[-0.45527,51.88229],[-0.50592,51.90061],[-0.48228,51.90779],[-0.4857,51.9227],[-0.43611,51.92767],[-0.42168,51.92568],[-0.41906,51.9123],[-0.38562,51.91568]]]}},
{"type":"Feature","properties":{"area_code":"E06000033","area_name":"Southend-on-Sea"},"geometry":{"type":"Polygon","coordinates":[[[0.82118,51.54063],[0.78272,51.52125],[0.67017,51.53834],[0.64306,51.54109],[0.6272,51.53804],[0.62683,51.53798],[0.63208,51.57053],[0.63895,51.5768],[0.67533,51.57287],[0.78669,51.55294],[0.78899,51.54244],[0.81917,51.54221],[0.82118,51.54063]]]}},
{"type":"Feature","properties":{"area_code":"E06000034","area_name":"Thurrock"},"geometry":{"type":"MultiPolygon","coordinates":[[[[0.31854,51.47413],[0.30238,51.47261],[0.29781,51.47218],[0.2814,51.4614],[0.21179,51.48974],[0.21416,51.49604],[0.22997,51.49937],[0.2266,51.50656],[0.24192,51.50796],[0.23718,51.51933],[0.24896,51.52867],[0.25383,51.51789],[0.26368,51.51787],[0.26535,51.53215],[0.33402,51.5405],[0.31304,51.56582],[0.38261,51.56582],[0.39186,51.56719],[0.39353,51.55765],[0.41868,51.55662],[0.42769,51.54513],[0.46162,51.5537],[0.46676,51.54673],[0.48484,51.54788],[0.51736,51.52983],[0.52219,51.51597],[0.54133,51.51261],[0.50817,51.5052],[0.4556,51.50684],[0.4456,51.49818],[0.44419,51.49346],[0.43832,51.47384],[0.43041,51.45929],[0.40491,51.45393],[0.34085,51.45233],[0.31854,51.47413]]],[[[0.54635,51.51553],[0.54827,51.51551],[0.54858,51.51381],[0.54635,51.51553]]]]}},
{"type":"Feature","properties":{"area_code":"E06000035","area_name":"Medway"},"geometry":{"type":"MultiPolygon","coordinates":[[[[0.59701,51.39608],[0.60811,51.40154],[0.61532,51.39538],[0.59701,51.39608]]],[[[0.58257,51.40313],[0.56152,51.40223],[0.56444,51.40795],[0.58257,51.40313]]],[[[0.50585,51.34294],[0.50303,51.35472],[0.45623,51.36876],[0.45349,51.34061],[0.41859,51.34791],[0.39992,51.34446],[0.40128,51.35295],[0.43111,51.38803],[0.45332,51.39138],[0.45185,51.39832],[0.46769,51.3983],[0.47514,51.41295],[0.48924,51.41533],[0.48796,51.44328],[0.45757,51.45829],[0.45431,51.46345],[0.46762,51.4642],[0.45806,51.46791],[0.47423,51.48481],[0.5462,51.48716],[0.59077,51.47937],[0.61524,51.47508],[0.65998,51.47768],[0.6906,51.4593],[0.67123,51.47224],[0.69987,51.47271],[0.72039,51.45974],[0.72348,51.44474],[0.71029,51.43482],[0.67789,51.43318],[0.67173,51.4481],[0.65888,51.44743],[0.63581,51.44622],[0.61245,51.42964],[0.60552,51.42016],[0.6183,51.42868],[0.62521,51.42367],[0.61087,51.4174],[0.5872,51.41616],[0.53499,51.4134],[0.52118,51.39305],[0.53762,51.41034],[0.56097,51.39481],[0.58564,51.38868],[0.59459,51.38645],[0.61186,51.37881],[0.62017,51.38903],[0.63246,51.38908],[0.62612,51.37881],[0.62329,51.36922],[0.63491,51.36637],[0.6014,51.3333],[0.56346,51.33874],[0.544,51.3279],[0.52564,51.33472],[0.50585,51.34294]]]]}},
{"type":"Feature","properties":{"area_code":"E06000036","area_name":"Bracknell Forest"},"geometry":{"type":"Polygon","coordinates":[[[-0.66763,51.38457],[-0.73534,51.36501],[-0.77547,51.33196],[-0.83735,51.35287],[-0.81357,51.37032],[-0.78884,51.37175],[-0.80152,51.4053],[-0.79251,51.40885],[-0.80002,51.44118],[-0.78256,51.46869],[-0.76463,51.45972],[-0.72453,51.45614],[-0.71442,51.46714],[-0.68887,51.46696],[-0.67275,51.45785],[-0.65676,51.46149],[-0.66198,51.44432],[-0.63055,51.44219],[-0.63131,51.41445],[-0.67626,51.43158],[-0.69654,51.41091],[-0.66763,51.38457]]]}},
{"type":"Feature","properties":{"area_code":"E06000037","area_name":"West Berkshire"},"geometry":{"type":"Polygon","coordinates":[[[-1.22679,51.53516],[-1.20464,51.5376],[-1.20465,51.52839],[-1.14037,51.54291],[-1.14205,51.5162],[-1.11319,51.50959],[-1.10218,51.48967],[-1.08788,51.48575],[-1.05135,51.49186],[-1.03656,51.47523],[-1.05297,51.46037],[-1.04919,51.45141],[-1.03398,51.45273],[-1.00115,51.42638],[-1.01188,51.39287],[-0.98172,51.37575],[-0.98612,51.36285],[-1.05002,51.35815],[-1.08662,51.38392],[-1.11546,51.37421],[-1.11579,51.36047],[-1.13859,51.35719],[-1.17689,51.35732],[-1.25114,51.37204],[-1.34953,51.36711],[-1.41107,51.37285],[-1.42844,51.35669],[-1.44411,51.35493],[-1.42969,51.33653],[-1.4983,51.32938],[-1.48571,51.34768],[-1.50061,51.35627],[-1.49545,51.36966],[-1.5556,51.39558],[-1.55299,51.41004],[-1.57105,51.41558],[-1.56512,51.42204],[-1.52661,51.42393],[-1.52399,51.44748],[-1.58229,51.49411],[-1.58471,51.52491],[-1.58119,51.53699],[-1.55501,51.55337],[-1.53096,51.54607],[-1.51294,51.55076],[-1.47074,51.52861],[-1.46442,51.53852],[-1.44783,51.53643],[-1.42659,51.5456],[-1.42277,51.53576],[-1.40486,51.54724],[-1.38378,51.54043],[-1.36732,51.55247],[-1.3424,51.54369],[-1.32872,51.56371],[-1.26066,51.53779],[-1.22679,51.53516]]]}},
{"type":"Feature","properties":{"area_code":"E06000038","area_name":"Reading"},"geometry":{"type":"Polygon","coordinates":[[[-0.94917,51.45951],[-0.92848,51.44516],[-0.94522,51.44617],[-0.9434,51.42931],[-0.96193,51.41234],[-0.9737,51.40978],[-1.00115,51.42638],[-1.03398,51.45273],[-1.04919,51.45141],[-1.05297,51.46037],[-1.03656,51.47523],[-1.01356,51.46629],[-0.9984,51.4843],[-0.95749,51.49308],[-0.94114,51.47498],[-0.95518,51.46533],[-0.94917,51.45951]]]}},
{"type":"Feature","properties":{"area_code":"E06000039","area_name":"Slough"},"geometry":{"type":"Polygon","coordinates":[[[-0.49002,51.49475],[-0.5097,51.46918],[-0.52436,51.47153],[-0.53435,51.48679],[-0.56055,51.49721],[-0.56557,51.49134],[-0.60058,51.5023],[-0.60772,51.49725],[-0.62653,51.50441],[-0.64221,51.50063],[-0.65927,51.5049],[-0.65994,51.52845],[-0.63054,51.5389],[-0.58987,51.52268],[-0.56726,51.53298],[-0.57509,51.5293],[-0.56871,51.51127],[-0.52698,51.50951],[-0.53182,51.49339],[-0.49002,51.49475]]]}},
{"type":"Feature","properties":{"area_code":"E06000040","area_name":"Windsor and Maidenhead"},"geometry":{"type":"Polygon","coordinates":[[[-0.64221,51.50063],[-0.62653,51.50441],[-0.60772,51.49725],[-0.60058,51.5023],[-0.56557,51.49134],[-0.56055,51.49721],[-0.53435,51.48679],[-0.52436,51.47153],[-0.54061,51.45785],[-0.52277,51.4353],[-0.57168,51.45101],[-0.59394,51.44166],[-0.6185,51.39239],[-0.61634,51.38354],[-0.66763,51.38457],[-0.69654,51.41091],[-0.67626,51.43158],[-0.63131,51.41445],[-0.63055,51.44219],[-0.66198,51.44432],[-0.65676,51.46149],[-0.67275,51.45785],[-0.68887,51.46696],[-0.71442,51.46714],[-0.72453,51.45614],[-0.76463,51.45972],[-0.78256,51.46869],[-0.80002,51.44118],[-0.81809,51.44319],[-0.83375,51.4641],[-0.82178,51.4726],[-0.82938,51.48707],[-0.81739,51.50724],[-0.85391,51.52607],[-0.84274,51.54476],[-0.79296,51.55136],[-0.77371,51.56717],[-0.75722,51.56484],[-0.7181,51.57755],[-0.71168,51.56467],[-0.69647,51.5652],[-0.6912,51.55682],[-0.70316,51.51111],[-0.65213,51.48549],[-0.63388,51.49238],[-0.64221,51.50063]]]}},
{"type":"Feature","properties":{"area_code":"E06000041","area_name":"Wokingham"},"geometry":{"type":"Polygon","coordinates":[[[-0.84274,51.54476],[-0.85391,51.52607],[-0.81739,51.50724],[-0.82938,51.48707],[-0.82178,51.4726],[-0.83375,51.4641],[-0.81809,51.44319],[-0.80002,51.44118],[-0.79251,51.40885],[-0.80152,51.4053],[-0.78884,51.37175],[-0.81357,51.37032],[-0.83735,51.35287],[-0.87786,51.35259],[-0.92369,51.36601],[-0.98674,51.35986],[-0.98612,51.36285],[-0.98172,51.37575],[-1.01188,51.39287],[-1.00115,51.42638],[-0.9737,51.40978],[-0.96193,51.41234],[-0.9434,51.42931],[-0.94522,51.44617],[-0.92848,51.44516],[-0.94917,51.45951],[-0.9217,51.46793],[-0.89385,51.49664],[-0.87025,51.50363],[-0.87851,51.52349],[-0.90013,51.53666],[-0.89688,51.54486],[-0.87972,51.56213],[-0.84274,51.54476]]]}},
{"type":"Feature","properties":{"area_code":"E06000042","area_name":"Milton Keynes"},"geometry":{"type":"Polygon","coordinates":[[[-0.59181,52.11069],[-0.66898,52.04872],[-0.64305,52.03725],[-0.6402,52.02407],[-0.65102,52.01849],[-0.64348,52.01085],[-0.66169,51.99974],[-0.64568,51.97223],[-0.65298,51.96923],[-0.71311,51.98981],[-0.71394,51.97787],[-0.74038,51.96986],[-0.762,51.98556],[-0.80366,51.98552],[-0.81982,52.01229],[-0.87133,52.04025],[-0.85245,52.05071],[-0.86268,52.06093],[-0.8395,52.06383],[-0.83142,52.07195],[-0.84671,52.09151],[-0.86953,52.10004],[-0.87145,52.11175],[-0.88702,52.11421],[-0.88072,52.12633],[-0.8282,52.13261],[-0.83197,52.14368],[-0.81404,52.14247],[-0.80759,52.15698],[-0.79209,52.15133],[-0.77798,52.16873],[-0.74973,52.16688],[-0.70546,52.19157],[-0.66814,52.19503],[-0.62745,52.18155],[-0.63067,52.15492],[-0.64078,52.15277],[-0.63545,52.13925],[-0.60725,52.13387],[-0.59181,52.11069]]]}},
{"type":"Feature","properties":{"area_code":"E06000043","area_name":"Brighton and Hove"},"geometry":{"type":"Polygon","coordinates":[[[-0.13501,50.88663],[-0.13528,50.8781],[-0.1218,50.87343],[-0.09752,50.87795],[-0.08493,50.87312],[-0.07344,50.84124],[-0.03684,50.84124],[-0.04597,50.82182],[-0.02043,50.82183],[-0.016,50.81488],[-0.03792,50.79945],[-0.03823,50.79949],[-0.03846,50.7992],[-0.04499,50.80025],[-0.09238,50.81076],[-0.09189,50.80777],[-0.11044,50.81073],[-0.11024,50.81318],[-0.19252,50.82383],[-0.21604,50.82757],[-0.21674,50.82755],[-0.24497,50.86381],[-0.23924,50.86789],[-0.22672,50.87818],[-0.18773,50.86857],[-0.18242,50.88832],[-0.16861,50.89237],[-0.16813,50.88075],[-0.13501,50.88663]]]}},
{"type":"Feature","properties":{"area_code":"E06000044","area_name":"Portsmouth"},"geometry":{"type":"MultiPolygon","coordinates":[[[[-1.09713,50.82061],[-1.0937,50.81503],[-1.10164,50.81367],[-1.09713,50.82061]]],[[[-1.10896,50.79046],[-1.10985,50.79616],[-1.11152,50.80694],[-1.08959,50.8096],[-1.10025,50.82672],[-1.08446,50.82482],[-1.07661,50.8368],[-1.04413,50.8339],[-1.08226,50.83802],[-1.08923,50.82862],[-1.10628,50.83786],[-1.10328,50.8464],[-1.11415,50.84492],[-1.11585,50.85827],[-1.05401,50.85655],[-1.02264,50.8521],[-1.02428,50.82644],[-1.03634,50.83539],[-1.04412,50.83214],[-1.04428,50.79564],[-1.04431,50.79056],[-1.03297,50.79554],[-1.03059,50.79659],[-1.03041,50.79552],[-1.02927,50.7888],[-1.08852,50.77767],[-1.09381,50.7808],[-1.10896,50.79046]]],[[[-1.14917,50.8435],[-1.15274,50.84456],[-1.11307,50.8361],[-1.12747,50.83711],[-1.14917,50.8435]]]]}},
{"type":"Feature","properties":{"area_code":"E06000045","area_name":"Southampton"},"geometry":{"type":"Polygon","coordinates":[[[-1.37989,50.94752],[-1.35469,50.94102],[-1.35793,50.93073],[-1.33336,50.91988],[-1.32198,50.90095],[-1.36286,50.87876],[-1.36511,50.88004],[-1.38331,50.88959],[-1.38458,50.90415],[-1.37179,50.91223],[-1.38793,50.90689],[-1.3872,50.89922],[-1.39531,50.88318],[-1.39902,50.89455],[-1.40082,50.89028],[-1.43249,50.90486],[-1.43973,50.90819],[-1.45088,50.90412],[-1.46531,50.91062],[-1.47733,50.92846],[-1.44955,50.94991],[-1.42366,50.94723],[-1.40614,50.95613],[-1.37989,50.94752]]]}},
{"type":"Feature","properties":{"area_code":"E06000046","area_name":"Isle of Wight"},"geometry":{"type":"Polygon","coordinates":[[[-1.30297,50.76446],[-1.2961,50.76178],[-1.2949,50.76198],[-1.28296,50.73003],[-1.29138,50.76258],[-1.27459,50.76544],[-1.24757,50.7517],[-1.23923,50.74386],[-1.22709,50.74108],[-1.21623,50.73509],[-1.2195,50.73106],[-1.20343,50.73477],[-1.15458,50.73329],[-1.15118,50.73236],[-1.10867,50.7207],[-1.09609,50.69439],[-1.10283,50.69978],[-1.10826,50.69351],[-1.08598,50.69433],[-1.07031,50.68754],[-1.09793,50.66522],[-1.13177,50.66231],[-1.15262,50.65289],[-1.16043,50.64936],[-1.17588,50.61678],[-1.18513,50.59725],[-1.30003,50.57514],[-1.3741,50.61802],[-1.3893,50.6268],[-1.43568,50.64022],[-1.44816,50.64383],[-1.48455,50.66679],[-1.58654,50.66313],[-1.54811,50.67836],[-1.52216,50.70702],[-1.52021,50.70714],[-1.50375,50.70673],[-1.50452,50.70344],[-1.50078,50.70616],[-1.47012,50.70964],[-1.43468,50.72385],[-1.42942,50.72596],[-1.42901,50.72594],[-1.41196,50.72077],[-1.41436,50.70994],[-1.40394,50.72085],[-1.38614,50.72264],[-1.40852,50.7252],[-1.39333,50.72935],[-1.35333,50.73909],[-1.31615,50.76483],[-1.31127,50.76697],[-1.30297,50.76446]]]}},
{"type":"Feature","properties":{"area_code":"E06000047","area_name":"County Durham"},"geometry":{"type":"Polygon","coordinates":[[[-1.55941,54.88204],[-1.56181,54.87572],[-1.53178,54.87819],[-1.50667,54.87114],[-1.50428,54.83123],[-1.48186,54.80965],[-1.49073,54.7993],[-1.42255,54.80317],[-1.41295,54.82365],[-1.42154,54.83948],[-1.34723,54.86044],[-1.32347,54.83997],[-1.32083,54.83756],[-1.32935,54.83796],[-1.30075,54.7698],[-1.29847,54.76797],[-1.29839,54.76773],[-1.29507,54.76526],[-1.27951,54.75282],[-1.24224,54.72297],[-1.25186,54.71962],[-1.27025,54.72717],[-1.30552,54.71752],[-1.30133,54.7081],[-1.31933,54.69136],[-1.34453,54.69112],[-1.33095,54.68213],[-1.34785,54.66242],[-1.34125,54.65021],[-1.3809,54.64392],[-1.41282,54.61659],[-1.45091,54.61051],[-1.43836,54.59508],[-1.45171,54.59083],[-1.46869,54.60056],[-1.52676,54.59645],[-1.55864,54.59212],[-1.55282,54.58234],[-1.57627,54.5802],[-1.59341,54.59508],[-1.58419,54.61049],[-1.60622,54.60344],[-1.60676,54.61754],[-1.68242,54.61777],[-1.67931,54.58597],[-1.69403,54.58689],[-1.70898,54.57414],[-1.70928,54.56318],[-1.69121,54.55624],[-1.70527,54.54917],[-1.69693,54.53601],[-1.72131,54.5423],[-1.73309,54.52774],[-1.7797,54.53187],[-1.77613,54.50673],[-1.79298,54.48449],[-1.83943,54.50844],[-1.8578,54.50354],[-1.85913,54.48186],[-1.94254,54.4534],[-1.97006,54.45152],[-1.99676,54.4669],[-2.04473,54.47519],[-2.0432,54.4836],[-2.1166,54.46226],[-2.17021,54.4582],[-2.159,54.47203],[-2.1724,54.53244],[-2.19753,54.5327],[-2.20949,54.55171],[-2.30451,54.5962],[-2.32494,54.63165],[-2.28798,54.65048],[-2.29287,54.66389],[-2.32729,54.67073],[-2.35177,54.68593],[-2.35574,54.69765],[-2.32575,54.72663],[-2.31209,54.79102],[-2.28268,54.79825],[-2.21891,54.78238],[-2.1986,54.80674],[-2.16947,54.80361],[-2.13979,54.84187],[-2.08248,54.83822],[-2.03976,54.84829],[-2.00097,54.86967],[-1.98024,54.86818],[-1.94906,54.85297],[-1.93268,54.85419],[-1.91377,54.834],[-1.91404,54.83953],[-1.8701,54.85087],[-1.85444,54.89118],[-1.82101,54.90566],[-1.79493,54.90355],[-1.78176,54.91154],[-1.76874,54.90673],[-1.7362,54.91858],[-1.72491,54.9088],[-1.69863,54.90905],[-1.69169,54.9026],[-1.67478,54.90956],[-1.67558,54.8981],[-1.64932,54.89299],[-1.65056,54.87932],[-1.59416,54.90202],[-1.57991,54.87777],[-1.55941,54.88204]]]}},
{"type":"Feature","properties":{"area_code":"E06000049","area_name":"Cheshire East"},"geometry":{"type":"Polygon","coordinates":[[[-2.314,53.35742],[-2.29693,53.34858],[-2.30136,53.34012],[-2.25645,53.36068],[-2.24079,53.35957],[-2.18544,53.35266],[-2.18098,53.34404],[-2.19416,53.33865],[-2.16065,53.32731],[-2.1441,53.34287],[-2.15119,53.34813],[-2.13903,53.36732],[-2.1232,53.36195],[-2.09518,53.36608],[-2.06808,53.35739],[-2.04056,53.37409],[-2.03106,53.37026],[-2.00679,53.35457],[-2.00948,53.26065],[-1.97486,53.23106],[-1.99026,53.223],[-1.98741,53.21359],[-2.0002,53.19374],[-2.04653,53.19265],[-2.07023,53.17169],[-2.11208,53.16866],[-2.14044,53.18381],[-2.14141,53.15665],[-2.15564,53.15962],[-2.21131,53.11582],[-2.24741,53.08985],[-2.25325,53.09398],[-2.29338,53.07833],[-2.31805,53.08136],[-2.34759,53.05617],[-2.38125,53.05255],[-2.38423,53.02617],[-2.37047,53.01458],[-2.38304,53.00779],[-2.38079,52.99841],[-2.43676,52.98626],[-2.43461,52.96952],[-2.48115,52.95882],[-2.52143,52.97427],[-2.52952,52.94716],[-2.56126,52.96495],[-2.58641,52.95538],[-2.59769,52.96301],[-2.59489,52.97961],[-2.63265,52.99667],[-2.67466,52.98566],[-2.69929,52.99544],[-2.66882,53.03865],[-2.70241,53.05432],[-2.71826,53.04421],[-2.75293,53.06923],[-2.73174,53.09181],[-2.71136,53.09364],[-2.70605,53.11851],[-2.67115,53.11587],[-2.65973,53.13072],[-2.64126,53.12842],[-2.62528,53.15085],[-2.59209,53.1445],[-2.5965,53.15887],[-2.58358,53.1555],[-2.5724,53.16347],[-2.54292,53.14977],[-2.49974,53.16415],[-2.46887,53.15274],[-2.44376,53.15988],[-2.44348,53.17084],[-2.45737,53.17669],[-2.45656,53.20261],[-2.43066,53.19797],[-2.40637,53.17409],[-2.39211,53.17992],[-2.37832,53.17201],[-2.36873,53.18293],[-2.37255,53.19558],[-2.41016,53.2057],[-2.41418,53.2193],[-2.40117,53.22176],[-2.39629,53.23436],[-2.3638,53.22357],[-2.34903,53.24901],[-2.36415,53.2485],[-2.39412,53.26675],[-2.41445,53.26832],[-2.42746,53.26117],[-2.45317,53.28455],[-2.49801,53.28991],[-2.51228,53.32135],[-2.49397,53.3433],[-2.51839,53.34239],[-2.52105,53.3479],[-2.48688,53.3679],[-2.43988,53.36666],[-2.42659,53.38746],[-2.37578,53.36535],[-2.33987,53.36738],[-2.314,53.35742]]]}},
{"type":"Feature","properties":{"area_code":"E06000050","area_name":"Cheshire West and Chester"},"geometry":{"type":"Polygon","coordinates":[[[-2.69929,52.99544],[-2.72684,52.98327],[-2.75994,52.98642],[-2.76828,52.99486],[-2.80331,52.98959],[-2.836,52.99715],[-2.84406,53.01767],[-2.86104,53.02285],[-2.85572,53.03726],[-2.87012,53.04536],[-2.85924,53.05426],[-2.87255,53.05862],[-2.86148,53.06066],[-2.88164,53.07439],[-2.87572,53.08152],[-2.90207,53.09204],[-2.8811,53.1216],[-2.91023,53.11264],[-2.96381,53.13276],[-2.9795,53.15062],[-2.99509,53.1542],[-2.92784,53.17141],[-2.9223,53.18929],[-2.99838,53.23586],[-3.03602,53.2518],[-3.0785,53.25605],[-3.08993,53.25953],[-3.09466,53.26285],[-3.09969,53.27057],[-3.08245,53.2715],[-3.09172,53.27838],[-3.07724,53.27786],[-3.08388,53.27945],[-3.08686,53.28891],[-3.09328,53.28442],[-3.10403,53.28806],[-3.10373,53.30001],[-3.07417,53.31638],[-3.02614,53.29775],[-2.99274,53.30711],[-2.96803,53.30126],[-2.93955,53.31042],[-2.9316,53.30607],[-2.92876,53.30841],[-2.92857,53.30825],[-2.90165,53.29544],[-2.88947,53.28964],[-2.90053,53.29701],[-2.85557,53.29202],[-2.85728,53.28691],[-2.8396,53.29874],[-2.84638,53.30694],[-2.81596,53.30616],[-2.7888,53.29541],[-2.75279,53.31457],[-2.75247,53.31474],[-2.73929,53.30687],[-2.72353,53.31314],[-2.7008,53.30581],[-2.68515,53.31545],[-2.64156,53.30503],[-2.64506,53.31014],[-2.62412,53.3094],[-2.61993,53.32032],[-2.60909,53.31207],[-2.59522,53.32245],[-2.58629,53.3294],[-2.56188,53.32334],[-2.51839,53.34239],[-2.49397,53.3433],[-2.51228,53.32135],[-2.49801,53.28991],[-2.45317,53.28455],[-2.42746,53.26117],[-2.41445,53.26832],[-2.39412,53.26675],[-2.36415,53.2485],[-2.34903,53.24901],[-2.3638,53.22357],[-2.39629,53.23436],[-2.40117,53.22176],[-2.41418,53.2193],[-2.41016,53.2057],[-2.37255,53.19558],[-2.36873,53.18293],[-2.37832,53.17201],[-2.39211,53.17992],[-2.40637,53.17409],[-2.43066,53.19797],[-2.45656,53.20261],[-2.45737,53.17669],[-2.44348,53.17084],[-2.44376,53.15988],[-2.46887,53.15274],[-2.49974,53.16415],[-2.54292,53.14977],[-2.5724,53.16347],[-2.58358,53.1555],[-2.5965,53.15887],[-2.59209,53.1445],[-2.62528,53.15085],[-2.64126,53.12842],[-2.65973,53.13072],[-2.67115,53.11587],[-2.70605,53.11851],[-2.71136,53.09364],[-2.73174,53.09181],[-2.75293,53.06923],[-2.71826,53.04421],[-2.70241,53.05432],[-2.66882,53.03865],[-2.69929,52.99544]]]}},
{"type":"Feature","properties":{"area_code":"E06000051","area_name":"Shropshire"},"geometry":{"type":"Polygon","coordinates":[[[-2.37894,52.89172],[-2.39376,52.83662],[-2.41635,52.82701],[-2.47289,52.8208],[-2.45626,52.78419],[-2.47281,52.78042],[-2.4897,52.78297],[-2.47712,52.79938],[-2.48651,52.80525],[-2.50303,52.7966],[-2.52199,52.79895],[-2.53751,52.78511],[-2.53381,52.79412],[-2.55184,52.80254],[-2.58279,52.80563],[-2.59801,52.79797],[-2.59224,52.77685],[-2.621,52.77652],[-2.63233,52.75959],[-2.64313,52.76708],[-2.66342,52.76044],[-2.66024,52.73162],[-2.59742,52.71825],[-2.62255,52.69903],[-2.55565,52.6711],[-2.54846,52.65471],[-2.50177,52.62902],[-2.43811,52.61456],[-2.43663,52.62709],[-2.4183,52.63377],[-2.41903,52.66289],[-2.37655,52.7396],[-2.35793,52.73121],[-2.31558,52.73295],[-2.3086,52.72075],[-2.32483,52.70534],[-2.31991,52.6954],[-2.30304,52.68295],[-2.24773,52.68307],[-2.23872,52.6637],[-2.24769,52.65666],[-2.23471,52.65585],[-2.23289,52.64769],[-2.25617,52.6098],[-2.28158,52.60587],[-2.3238,52.61295],[-2.32202,52.59364],[-2.30029,52.59303],[-2.26194,52.56906],[-2.28248,52.5534],[-2.25641,52.5418],[-2.26922,52.53069],[-2.26094,52.5241],[-2.29139,52.51168],[-2.31275,52.48921],[-2.28738,52.45532],[-2.31175,52.43753],[-2.36353,52.43943],[-2.37295,52.40196],[-2.33553,52.38535],[-2.36735,52.38806],[-2.39067,52.38153],[-2.41047,52.38715],[-2.41492,52.36825],[-2.47477,52.36715],[-2.48833,52.3554],[-2.4818,52.33108],[-2.5132,52.32921],[-2.51213,52.33711],[-2.53915,52.34414],[-2.56222,52.33311],[-2.56264,52.31114],[-2.57485,52.31758],[-2.61803,52.30696],[-2.62393,52.32139],[-2.66607,52.3423],[-2.68913,52.31661],[-2.67981,52.31202],[-2.71425,52.30888],[-2.76699,52.33611],[-2.74838,52.3349],[-2.73277,52.35553],[-2.79242,52.35686],[-2.7925,52.37528],[-2.80733,52.37591],[-2.80543,52.38825],[-2.81822,52.39123],[-2.85502,52.39549],[-2.88846,52.38515],[-2.89314,52.37409],[-2.91769,52.38629],[-2.92231,52.37515],[-2.90081,52.36727],[-2.92614,52.367],[-2.93889,52.36106],[-2.93315,52.35005],[-2.95465,52.34915],[-2.9745,52.3547],[-3.04017,52.34433],[-3.06066,52.34824],[-3.11061,52.37719],[-3.15445,52.38772],[-3.17884,52.4094],[-3.21954,52.42125],[-3.23554,52.4425],[-3.19724,52.47599],[-3.18021,52.47393],[-3.11102,52.49893],[-3.0292,52.50127],[-3.03238,52.52373],[-3.00387,52.51983],[-2.99416,52.55291],[-3.01423,52.5755],[-3.08728,52.55133],[-3.08541,52.5345],[-3.13306,52.52747],[-3.13704,52.53404],[-3.1115,52.54136],[-3.1395,52.58572],[-3.11741,52.58576],[-3.08956,52.59951],[-3.09362,52.60934],[-3.07319,52.62896],[-3.0598,52.63072],[-3.08357,52.64129],[-3.05111,52.64737],[-3.03858,52.67537],[-3.04705,52.69127],[-3.02249,52.70667],[-3.02036,52.7251],[-3.00055,52.72028],[-2.97759,52.72659],[-2.9781,52.71536],[-2.96108,52.71647],[-2.96507,52.73227],[-2.99132,52.73382],[-2.99199,52.74376],[-3.02181,52.75194],[-3.01079,52.75856],[-3.0172,52.76766],[-3.03509,52.76401],[-3.03898,52.7704],[-3.05258,52.76869],[-3.04779,52.77264],[-3.07952,52.77151],[-3.09168,52.78666],[-3.08663,52.79559],[-3.11829,52.78358],[-3.16086,52.79575],[-3.15319,52.80637],[-3.16821,52.80733],[-3.16789,52.81927],[-3.15126,52.84256],[-3.16301,52.84749],[-3.12771,52.8671],[-3.15242,52.87875],[-3.13552,52.88501],[-3.1475,52.89017],[-3.11416,52.89398],[-3.09595,52.93028],[-3.07651,52.92548],[-3.03508,52.92948],[-3.00965,52.9562],[-2.98202,52.9592],[-2.97503,52.96898],[-2.95981,52.95117],[-2.92889,52.93868],[-2.88743,52.95253],[-2.88354,52.94664],[-2.84101,52.94262],[-2.79885,52.89576],[-2.75533,52.92463],[-2.72844,52.9253],[-2.72418,52.95712],[-2.73529,52.96995],[-2.72684,52.98327],[-2.69929,52.99544],[-2.67466,52.98566],[-2.63265,52.99667],[-2.59489,52.97961],[-2.59769,52.96301],[-2.58641,52.95538],[-2.56126,52.96495],[-2.52952,52.94716],[-2.52143,52.97427],[-2.48115,52.95882],[-2.43461,52.96952],[-2.43676,52.98626],[-2.38079,52.99841],[-2.36873,52.97936],[-2.37972,52.97607],[-2.38621,52.95322],[-2.4129,52.96174],[-2.4056,52.94729],[-2.42527,52.95],[-2.43712,52.9436],[-2.47084,52.90587],[-2.44614,52.87401],[-2.44041,52.88123],[-2.37894,52.89172]]]}},
{"type":"Feature","properties":{"area_code":"E06000052","area_name":"Cornwall and Isles of Scilly"},"geometry":{"type":"MultiPolygon","coordinates":[[[[-6.35379,49.88985],[-6.35435,49.8912],[-6.35138,49.89822],[-6.34953,49.89835],[-6.32842,49.89246],[-6.32851,49.89205],[-6.3378,49.89313],[-6.33834,49.89341],[-6.34126,49.88234],[-6.34235,49.88289],[-6.35379,49.88985]]],[[[-6.31336,49.91297],[-6.31353,49.91314],[-6.31365,49.9128],[-6.32051,49.9089],[-6.32664,49.91162],[-6.32764,49.91257],[-6.30909,49.91662],[-6.31036,49.91952],[-6.31212,49.92854],[-6.29777,49.93679],[-6.27663,49.92878],[-6.27584,49.92123],[-6.28783,49.91002],[-6.303,49.91153],[-6.30394,49.9032],[-6.30609,49.90543],[-6.31288,49.91324],[-6.31336,49.91297]]],[[[-6.32067,49.95407],[-6.31997,49.95247],[-6.33191,49.93959],[-6.33248,49.9395],[-6.34432,49.96057],[-6.34646,49.96693],[-6.32067,49.95407]]],[[[-6.35872,49.96701],[-6.34807,49.95565],[-6.34949,49.95192],[-6.35574,49.94645],[-6.3603,49.94898],[-6.35872,49.96701]]],[[[-6.30371,49.96471],[-6.29539,49.97583],[-6.29216,49.97441],[-6.29366,49.97814],[-6.29355,49.97829],[-6.2897,49.96988],[-6.28875,49.96617],[-6.26173,49.96286],[-6.26337,49.96231],[-6.28363,49.95629],[-6.28657,49.95697],[-6.30219,49.96309],[-6.30371,49.96471]]],[[[-4.31163,50.58608],[-4.30692,50.57859],[-4.29133,50.58386],[-4.28614,50.57501],[-4.28587,50.58473],[-4.27115,50.58221],[-4.27952,50.56917],[-4.25929,50.54585],[-4.27153,50.53659],[-4.24789,50.54392],[-4.2323,50.53102],[-4.20731,50.53356],[-4.20279,50.50318],[-4.18575,50.50836],[-4.1807,50.50373],[-4.19936,50.49237],[-4.22087,50.49807],[-4.21808,50.47594],[-4.23853,50.46393],[-4.22945,50.45584],[-4.2152,50.46669],[-4.20025,50.43526],[-4.2225,50.42533],[-4.21007,50.4257],[-4.21371,50.41877],[-4.21562,50.41513],[-4.20648,50.40833],[-4.21713,50.40054],[-4.23075,50.392],[-4.22916,50.39175],[-4.23086,50.39051],[-4.22725,50.39145],[-4.20177,50.38739],[-4.195,50.37317],[-4.20057,50.37007],[-4.20591,50.36919],[-4.20923,50.36893],[-4.20909,50.36866],[-4.20614,50.36452],[-4.19708,50.35962],[-4.20762,50.34695],[-4.17966,50.35916],[-4.17688,50.36009],[-4.16955,50.3473],[-4.19607,50.33505],[-4.20123,50.33293],[-4.18837,50.31767],[-4.18916,50.31754],[-4.21019,50.31826],[-4.22154,50.31193],[-4.22319,50.31164],[-4.22359,50.3127],[-4.2194,50.32397],[-4.22911,50.33351],[-4.24003,50.33737],[-4.28148,50.3545],[-4.29448,50.35658],[-4.30812,50.36138],[-4.32431,50.36134],[-4.32654,50.36169],[-4.42876,50.36115],[-4.42895,50.36103],[-4.43666,50.361],[-4.45106,50.35095],[-4.45668,50.35567],[-4.45085,50.34768],[-4.47264,50.3332],[-4.49763,50.33736],[-4.4981,50.33659],[-4.53845,50.3238],[-4.53891,50.32371],[-4.57846,50.33254],[-4.59842,50.32389],[-4.60665,50.32895],[-4.63314,50.32435],[-4.63841,50.32985],[-4.60883,50.33828],[-4.63007,50.33915],[-4.63144,50.33857],[-4.63108,50.33902],[-4.63258,50.33808],[-4.6676,50.32307],[-4.67265,50.31394],[-4.68473,50.32011],[-4.68144,50.33781],[-4.69464,50.34761],[-4.75508,50.3315],[-4.7565,50.33115],[-4.75684,50.33103],[-4.76691,50.32086],[-4.76603,50.3195],[-4.76613,50.31937],[-4.7527,50.29858],[-4.76409,50.30046],[-4.78119,50.29016],[-4.78701,50.26947],[-4.7857,50.26181],[-4.76706,50.25662],[-4.78564,50.24539],[-4.7809,50.23751],[-4.78262,50.23675],[-4.79823,50.23016],[-4.79834,50.22626],[-4.79853,50.21947],[-4.80521,50.22346],[-4.80944,50.22599],[-4.81879,50.23158],[-4.86254,50.23603],[-4.87914,50.22429],[-4.91878,50.19622],[-4.93358,50.20708],[-4.95583,50.20297],[-4.97362,50.18565],[-4.98194,50.15181],[-5.00907,50.1395],[-5.0179,50.14869],[-5.01739,50.149],[-5.00396,50.15072],[-4.99574,50.16224],[-5.02721,50.15835],[-5.01524,50.18615],[-5.02525,50.18226],[-5.02569,50.18219],[-5.03379,50.205],[-5.0268,50.20395],[-5.02344,50.21147],[-5.02529,50.2173],[-5.02411,50.2225],[-5.006,50.22761],[-5.01444,50.22709],[-5.02156,50.24469],[-5.01677,50.22635],[-5.029,50.22359],[-5.02763,50.21077],[-5.03024,50.20879],[-5.03635,50.21266],[-5.03604,50.20964],[-5.06007,50.19231],[-5.06056,50.19199],[-5.0477,50.1716],[-5.0562,50.1613],[-5.06441,50.16284],[-5.07751,50.16681],[-5.0759,50.165],[-5.07752,50.1653],[-5.06664,50.15379],[-5.06604,50.15386],[-5.06456,50.15219],[-5.0492,50.15575],[-5.04196,50.14394],[-5.04227,50.14404],[-5.05319,50.14845],[-5.05472,50.14785],[-5.07636,50.14017],[-5.07592,50.13941],[-5.07616,50.13931],[-5.08,50.13593],[-5.09147,50.12584],[-5.09161,50.1257],[-5.08163,50.10954],[-5.09459,50.1023],[-5.13362,50.09898],[-5.14459,50.10717],[-5.14609,50.09769],[-5.15764,50.09667],[-5.16279,50.09667],[-5.16458,50.10151],[-5.16727,50.0967],[-5.16429,50.09516],[-5.15806,50.09433],[-5.17232,50.09099],[-5.12858,50.09524],[-5.10642,50.09415],[-5.09343,50.09046],[-5.10412,50.08673],[-5.09772,50.08647],[-5.09866,50.0856],[-5.08646,50.08602],[-5.07678,50.08563],[-5.07605,50.0856],[-5.07661,50.08293],[-5.07955,50.06876],[-5.07567,50.06839],[-5.0677,50.06763],[-5.05783,50.05277],[-5.0661,50.03958],[-5.06894,50.03504],[-5.07345,50.0336],[-5.09437,50.02689],[-5.09571,50.0265],[-5.09698,50.02606],[-5.09115,50.01571],[-5.10138,50.00421],[-5.12245,50.00925],[-5.16655,50.00381],[-5.18877,49.97388],[-5.18541,49.96337],[-5.19879,49.95894],[-5.20938,49.95935],[-5.21904,49.96995],[-5.21948,49.97142],[-5.24007,49.97503],[-5.24621,49.97628],[-5.24388,49.98398],[-5.24519,49.98508],[-5.2451,49.9854],[-5.25893,49.99659],[-5.26842,50.00453],[-5.26714,50.00653],[-5.25593,50.0216],[-5.25659,50.02301],[-5.25647,50.02319],[-5.25677,50.02342],[-5.26162,50.03382],[-5.26246,50.03422],[-5.2814,50.04326],[-5.2815,50.0446],[-5.27968,50.05668],[-5.31628,50.0852],[-5.33902,50.09195],[-5.34351,50.09141],[-5.34631,50.09216],[-5.36195,50.08919],[-5.36323,50.08903],[-5.39171,50.10349],[-5.4292,50.09697],[-5.42958,50.09778],[-5.42967,50.10506],[-5.43421,50.10743],[-5.43477,50.10861],[-5.44128,50.11113],[-5.46348,50.12273],[-5.4667,50.12098],[-5.48371,50.12756],[-5.52965,50.12414],[-5.53114,50.11415],[-5.54917,50.10654],[-5.54826,50.10551],[-5.54883,50.10526],[-5.53757,50.09344],[-5.53322,50.08852],[-5.54225,50.0705],[-5.57712,50.05178],[-5.58786,50.05159],[-5.61917,50.05123],[-5.63279,50.04232],[-5.63633,50.04],[-5.6483,50.04384],[-5.65333,50.04198],[-5.67472,50.0362],[-5.69262,50.05405],[-5.69471,50.05451],[-5.71319,50.06235],[-5.71403,50.06391],[-5.69143,50.08824],[-5.68858,50.09038],[-5.7091,50.12538],[-5.71012,50.12744],[-5.67306,50.16631],[-5.64227,50.16731],[-5.62911,50.16773],[-5.62837,50.16839],[-5.62801,50.16841],[-5.61022,50.18468],[-5.60067,50.19325],[-5.59085,50.18872],[-5.55916,50.20543],[-5.53869,50.21621],[-5.53553,50.2165],[-5.495,50.2185],[-5.48567,50.21481],[-5.477,50.21837],[-5.47238,50.20918],[-5.47201,50.20807],[-5.46916,50.19978],[-5.43676,50.19339],[-5.43439,50.19231],[-5.41197,50.20985],[-5.39691,50.22162],[-5.39659,50.22664],[-5.39538,50.22765],[-5.39583,50.23833],[-5.3957,50.2404],[-5.37924,50.24387],[-5.37805,50.2441],[-5.36832,50.23616],[-5.367,50.23637],[-5.32847,50.24247],[-5.32605,50.24433],[-5.32564,50.2444],[-5.31768,50.25074],[-5.30309,50.26191],[-5.28937,50.26113],[-5.28082,50.27088],[-5.25135,50.28257],[-5.24959,50.28457],[-5.24263,50.28716],[-5.24103,50.29433],[-5.23546,50.30069],[-5.23411,50.31844],[-5.20065,50.32058],[-5.18147,50.34041],[-5.18032,50.34068],[-5.15387,50.34614],[-5.14662,50.37531],[-5.15761,50.38946],[-5.14353,50.38878],[-5.14556,50.39676],[-5.14489,50.39715],[-5.14737,50.40388],[-5.14769,50.40512],[-5.13574,50.4012],[-5.13553,50.4077],[-5.13396,50.408],[-5.12604,50.40394],[-5.10888,50.40885],[-5.11922,50.41085],[-5.11356,50.41194],[-5.10138,50.41358],[-5.09986,50.42566],[-5.09866,50.4252],[-5.0836,50.41501],[-5.05519,50.42799],[-5.04246,50.44415],[-5.03305,50.48843],[-5.04679,50.49779],[-5.0212,50.50927],[-5.0291,50.51441],[-5.02622,50.527],[-5.0267,50.52803],[-5.02422,50.53867],[-5.03654,50.54938],[-4.9838,50.54222],[-4.9721,50.55779],[-4.94506,50.56923],[-4.94986,50.5562],[-4.93543,50.5492],[-4.93083,50.53001],[-4.91135,50.53561],[-4.92612,50.54485],[-4.93114,50.5645],[-4.91557,50.57599],[-4.92805,50.58288],[-4.9354,50.58694],[-4.92142,50.59323],[-4.91545,50.59144],[-4.90836,50.58454],[-4.89883,50.58361],[-4.8852,50.58229],[-4.88054,50.58407],[-4.86754,50.58903],[-4.87,50.59539],[-4.8382,50.59441],[-4.83244,50.59215],[-4.82713,50.59303],[-4.79596,50.59822],[-4.79154,50.6024],[-4.79058,50.60264],[-4.78958,50.60426],[-4.77042,50.6224],[-4.75872,50.65284],[-4.76058,50.65331],[-4.76445,50.66941],[-4.76438,50.66986],[-4.74329,50.67638],[-4.74108,50.67592],[-4.73502,50.6715],[-4.73305,50.67428],[-4.72978,50.67361],[-4.72606,50.68406],[-4.72459,50.68447],[-4.68029,50.69602],[-4.68105,50.70415],[-4.68101,50.70446],[-4.65461,50.71621],[-4.65384,50.73989],[-4.64941,50.74014],[-4.64028,50.74014],[-4.63967,50.74068],[-4.63457,50.74096],[-4.63381,50.7458],[-4.62488,50.7536],[-4.58582,50.77088],[-4.56272,50.78108],[-4.55867,50.82872],[-4.55732,50.82886],[-4.54671,50.82991],[-4.55615,50.83682],[-4.55834,50.84755],[-4.55987,50.85501],[-4.55927,50.8657],[-4.56671,50.88843],[-4.56985,50.9037],[-4.56187,50.91193],[-4.54596,50.92835],[-4.54616,50.92881],[-4.45606,50.92887],[-4.46268,50.91349],[-4.42096,50.86609],[-4.43366,50.86551],[-4.44224,50.84696],[-4.44679,50.80822],[-4.4935,50.79291],[-4.45133,50.78565],[-4.42395,50.76455],[-4.40872,50.76242],[-4.41442,50.7744],[-4.39351,50.77825],[-4.38106,50.77054],[-4.385,50.74775],[-4.36159,50.71877],[-4.36934,50.70234],[-4.34894,50.68954],[-4.33523,50.64654],[-4.32559,50.63773],[-4.30032,50.63384],[-4.31163,50.58608]]]]}},
{"type":"Feature","properties":{"area_code":"E06000054","area_name":"Wiltshire"},"geometry":{"type":"Polygon","coordinates":[[[-1.78862,51.667],[-1.79908,51.6625],[-1.78858,51.63271],[-1.82785,51.62533],[-1.8423,51.61256],[-1.83186,51.59673],[-1.83756,51.58724],[-1.82373,51.58221],[-1.84315,51.57866],[-1.84519,51.56172],[-1.8601,51.56524],[-1.86512,51.55959],[-1.84928,51.55331],[-1.85382,51.5463],[-1.83008,51.51544],[-1.83697,51.5109],[-1.84689,51.52432],[-1.83758,51.50084],[-1.81345,51.50704],[-1.7978,51.48445],[-1.77433,51.48245],[-1.71574,51.48838],[-1.71908,51.50071],[-1.60281,51.5183],[-1.58471,51.52491],[-1.58229,51.49411],[-1.52399,51.44748],[-1.52661,51.42393],[-1.56512,51.42204],[-1.57105,51.41558],[-1.55299,51.41004],[-1.5556,51.39558],[-1.49545,51.36966],[-1.50061,51.35627],[-1.48571,51.34768],[-1.4983,51.32938],[-1.52751,51.33847],[-1.53356,51.31622],[-1.51951,51.29594],[-1.52281,51.28706],[-1.54258,51.28125],[-1.54051,51.26083],[-1.52982,51.26051],[-1.53603,51.24853],[-1.54516,51.2451],[-1.57764,51.25563],[-1.60743,51.25277],[-1.63354,51.21752],[-1.68969,51.21483],[-1.6941,51.20404],[-1.66884,51.19077],[-1.67237,51.17854],[-1.65404,51.15628],[-1.66298,51.12719],[-1.62625,51.11734],[-1.63731,51.09217],[-1.62773,51.07801],[-1.63494,51.04056],[-1.63238,51.03278],[-1.5994,51.02373],[-1.59734,51.00975],[-1.62888,50.99903],[-1.61964,50.983],[-1.60292,50.97852],[-1.61975,50.95857],[-1.63496,50.95924],[-1.66166,50.94528],[-1.71962,50.97678],[-1.7544,50.97789],[-1.80031,50.99139],[-1.81542,50.98592],[-1.83581,51.00942],[-1.85338,51.00468],[-1.87398,50.98444],[-1.87448,51.00633],[-1.88674,50.99953],[-1.92788,50.9977],[-1.94994,50.98231],[-1.95682,50.98983],[-1.98521,50.98476],[-1.99404,50.97573],[-2.03656,50.97218],[-2.06831,50.95119],[-2.10179,50.94499],[-2.12067,50.96154],[-2.11976,50.97819],[-2.17257,51.00107],[-2.19321,51.03771],[-2.24227,51.07118],[-2.26862,51.06874],[-2.32585,51.07968],[-2.36253,51.10162],[-2.36453,51.11888],[-2.34454,51.12468],[-2.3463,51.13051],[-2.29837,51.17544],[-2.24534,51.25388],[-2.2535,51.28983],[-2.26525,51.29622],[-2.28068,51.29346],[-2.28507,51.30946],[-2.27195,51.31425],[-2.27309,51.32288],[-2.28909,51.32527],[-2.30093,51.33322],[-2.29641,51.34266],[-2.34434,51.34556],[-2.29206,51.36957],[-2.29679,51.39489],[-2.28181,51.39723],[-2.29086,51.40571],[-2.27854,51.41588],[-2.29462,51.4288],[-2.28512,51.45784],[-2.29574,51.45859],[-2.29047,51.48665],[-2.31142,51.48737],[-2.32432,51.49751],[-2.25239,51.52687],[-2.2665,51.53626],[-2.2603,51.5699],[-2.27256,51.57759],[-2.24512,51.58141],[-2.24187,51.59211],[-2.20743,51.6034],[-2.20655,51.59595],[-2.19001,51.5925],[-2.17949,51.60005],[-2.15254,51.59034],[-2.05717,51.67244],[-2.01559,51.65052],[-1.99531,51.65136],[-1.97733,51.63809],[-1.95052,51.63696],[-1.96306,51.65866],[-1.94206,51.67042],[-1.9209,51.65724],[-1.8766,51.6516],[-1.89901,51.67969],[-1.87388,51.68259],[-1.85048,51.65628],[-1.81585,51.66304],[-1.82317,51.67348],[-1.81194,51.70315],[-1.78862,51.667]]]}},
{"type":"Feature","properties":{"area_code":"E06000055","area_name":"Bedford"},"geometry":{"type":"Polygon","coordinates":[[[-0.24979,52.18437],[-0.28912,52.19093],[-0.30603,52.16556],[-0.32155,52.16879],[-0.34624,52.14597],[-0.36108,52.14417],[-0.3448,52.11596],[-0.38129,52.09346],[-0.3849,52.07557],[-0.40309,52.06922],[-0.44044,52.06337],[-0.47153,52.08801],[-0.49967,52.07557],[-0.50851,52.05454],[-0.54096,52.08163],[-0.58919,52.0975],[-0.58323,52.10455],[-0.59181,52.11069],[-0.60725,52.13387],[-0.63545,52.13925],[-0.64078,52.15277],[-0.63067,52.15492],[-0.62745,52.18155],[-0.66814,52.19503],[-0.63733,52.22732],[-0.65366,52.26829],[-0.61062,52.2795],[-0.58634,52.27283],[-0.56569,52.25347],[-0.54197,52.25607],[-0.53119,52.2704],[-0.54197,52.28994],[-0.51405,52.3147],[-0.51983,52.31769],[-0.46537,52.32295],[-0.43609,52.31447],[-0.43576,52.29666],[-0.42177,52.28495],[-0.37501,52.28047],[-0.37218,52.2735],[-0.38234,52.27113],[-0.37438,52.233],[-0.34101,52.23065],[-0.34347,52.24187],[-0.33525,52.24288],[-0.29321,52.24052],[-0.28561,52.23728],[-0.29628,52.21049],[-0.26185,52.20987],[-0.24072,52.19019],[-0.24979,52.18437]]]}},
{"type":"Feature","properties":{"area_code":"E06000056","area_name":"Central Bedfordshire"},"geometry":{"type":"Polygon","coordinates":[[[-0.24979,52.18437],[-0.26069,52.1764],[-0.21662,52.15874],[-0.2348,52.14473],[-0.17153,52.1395],[-0.15435,52.14441],[-0.14445,52.1382],[-0.15728,52.08055],[-0.17262,52.06021],[-0.19498,52.06242],[-0.21949,52.03674],[-0.20126,52.00982],[-0.24408,51.99902],[-0.24798,51.98508],[-0.27063,51.97962],[-0.28242,52.00156],[-0.29609,52.00219],[-0.31156,51.98211],[-0.36716,51.98376],[-0.34926,51.97117],[-0.35023,51.95758],[-0.3741,51.94777],[-0.38299,51.95182],[-0.37963,51.97796],[-0.3913,51.97702],[-0.40561,51.93245],[-0.38562,51.91568],[-0.41906,51.9123],[-0.42168,51.92568],[-0.43611,51.92767],[-0.4857,51.9227],[-0.48228,51.90779],[-0.50592,51.90061],[-0.45527,51.88229],[-0.42277,51.85455],[-0.39586,51.87058],[-0.36976,51.86812],[-0.35483,51.87401],[-0.33949,51.84961],[-0.36331,51.8421],[-0.37336,51.82923],[-0.40486,51.84061],[-0.4215,51.85021],[-0.44752,51.8476],[-0.47042,51.85571],[-0.4783,51.85314],[-0.4712,51.84547],[-0.50182,51.83679],[-0.51119,51.82589],[-0.50228,51.81546],[-0.51973,51.8051],[-0.55363,51.82671],[-0.54365,51.82452],[-0.53763,51.83141],[-0.58356,51.87032],[-0.62009,51.88549],[-0.65198,51.88679],[-0.67297,51.90175],[-0.6927,51.90015],[-0.70216,51.90912],[-0.65298,51.96923],[-0.64568,51.97223],[-0.66169,51.99974],[-0.64348,52.01085],[-0.65102,52.01849],[-0.6402,52.02407],[-0.64305,52.03725],[-0.66898,52.04872],[-0.59181,52.11069],[-0.58323,52.10455],[-0.58919,52.0975],[-0.54096,52.08163],[-0.50851,52.05454],[-0.49967,52.07557],[-0.47153,52.08801],[-0.44044,52.06337],[-0.40309,52.06922],[-0.3849,52.07557],[-0.38129,52.09346],[-0.3448,52.11596],[-0.36108,52.14417],[-0.34624,52.14597],[-0.32155,52.16879],[-0.30603,52.16556],[-0.28912,52.19093],[-0.24979,52.18437]]]}},
{"type":"Feature","properties":{"area_code":"E06000057","area_name":"Northumberland"},"geometry":{"type":"MultiPolygon","coordinates":[[[[-2.28268,54.79825],[-2.31209,54.79102],[-2.32739,54.80533],[-2.34843,54.80708],[-2.38999,54.83216],[-2.41162,54.85643],[-2.42311,54.84264],[-2.4606,54.83417],[-2.49541,54.81031],[-2.52388,54.80603],[-2.55831,54.81672],[-2.58267,54.84587],[-2.57335,54.85355],[-2.60543,54.88438],[-2.57641,54.89672],[-2.56622,54.91924],[-2.54527,54.92917],[-2.56765,54.94086],[-2.56849,54.95836],[-2.59557,54.96348],[-2.60143,54.97134],[-2.57331,54.98764],[-2.57285,55.0164],[-2.48305,55.04002],[-2.50398,55.06243],[-2.48609,55.08244],[-2.50257,55.09076],[-2.56214,55.08346],[-2.56843,55.09626],[-2.59354,55.1051],[-2.5989,55.12458],[-2.65694,55.13613],[-2.67732,55.15549],[-2.67456,55.17589],[-2.68979,55.18898],[-2.66681,55.22158],[-2.63141,55.2237],[-2.63023,55.24479],[-2.61145,55.24713],[-2.64677,55.26004],[-2.62666,55.26222],[-2.60924,55.28325],[-2.57336,55.29688],[-2.55901,55.31785],[-2.52027,55.32305],[-2.47539,55.35474],[-2.415,55.35892],[-2.39951,55.34822],[-2.37891,55.34917],[-2.33753,55.36719],[-2.34623,55.37306],[-2.33002,55.38124],[-2.34495,55.39931],[-2.33563,55.40821],[-2.31325,55.40679],[-2.26061,55.43293],[-2.23128,55.42843],[-2.19486,55.44459],[-2.18808,55.46212],[-2.16552,55.46838],[-2.20134,55.47527],[-2.20265,55.48954],[-2.22885,55.50952],[-2.24031,55.55563],[-2.28881,55.58031],[-2.28923,55.60377],[-2.31609,55.62046],[-2.30863,55.62888],[-2.32431,55.62617],[-2.33601,55.63248],[-2.30579,55.64704],[-2.23437,55.64104],[-2.24835,55.65215],[-2.21845,55.66426],[-2.21866,55.67591],[-2.16723,55.70604],[-2.17652,55.71884],[-2.15058,55.72315],[-2.14402,55.73935],[-2.11764,55.73878],[-2.10764,55.75989],[-2.08564,55.76204],[-2.08612,55.79305],[-2.03453,55.8112],[-2.00158,55.77855],[-1.98814,55.76521],[-1.99873,55.76652],[-1.96071,55.73323],[-1.91738,55.71132],[-1.88409,55.69446],[-1.88563,55.68395],[-1.87325,55.68278],[-1.87002,55.66591],[-1.85443,55.65344],[-1.84087,55.64259],[-1.81319,55.6337],[-1.78387,55.64405],[-1.76478,55.62591],[-1.78633,55.616],[-1.77079,55.60348],[-1.74234,55.61856],[-1.72281,55.61681],[-1.68419,55.59896],[-1.66683,55.59092],[-1.66202,55.58692],[-1.65096,55.58357],[-1.63943,55.57823],[-1.65216,55.57126],[-1.64566,55.57418],[-1.6421,55.57119],[-1.64027,55.56976],[-1.61883,55.55218],[-1.63146,55.54835],[-1.63148,55.54489],[-1.63833,55.54094],[-1.63151,55.53621],[-1.63151,55.53594],[-1.6291,55.53454],[-1.61059,55.52172],[-1.61125,55.51753],[-1.61618,55.51293],[-1.61198,55.51285],[-1.61427,55.49815],[-1.59113,55.49241],[-1.59195,55.47315],[-1.59335,55.44023],[-1.59051,55.43876],[-1.5905,55.43773],[-1.57545,55.43041],[-1.57823,55.41693],[-1.57829,55.4168],[-1.58032,55.40676],[-1.61081,55.38528],[-1.62127,55.38831],[-1.60833,55.38378],[-1.6023,55.37248],[-1.60221,55.36973],[-1.59627,55.36118],[-1.58687,55.34356],[-1.58621,55.33595],[-1.57287,55.33857],[-1.56425,55.33376],[-1.54942,55.32184],[-1.56146,55.29824],[-1.56789,55.2894],[-1.56744,55.28653],[-1.57314,55.27535],[-1.52227,55.21376],[-1.52217,55.20984],[-1.51523,55.20522],[-1.49914,55.18569],[-1.50869,55.1841],[-1.51171,55.18365],[-1.52508,55.16263],[-1.54003,55.16134],[-1.52493,55.16051],[-1.52004,55.15467],[-1.5194,55.14929],[-1.50885,55.14132],[-1.49862,55.12911],[-1.51613,55.13602],[-1.49653,55.12368],[-1.49734,55.11337],[-1.49775,55.10812],[-1.47866,55.07911],[-1.47256,55.08429],[-1.46449,55.07753],[-1.46179,55.07434],[-1.49233,55.06606],[-1.48781,55.05359],[-1.50863,55.04802],[-1.51028,55.05501],[-1.53234,55.05415],[-1.53987,55.06159],[-1.55704,55.05418],[-1.57508,55.05562],[-1.57854,55.06308],[-1.63789,55.06477],[-1.64768,55.07939],[-1.71376,55.06548],[-1.69488,55.04293],[-1.75025,55.02402],[-1.75656,55.00326],[-1.77384,55.00414],[-1.76976,54.98098],[-1.78835,54.98426],[-1.81281,54.97632],[-1.83369,54.95331],[-1.82695,54.93023],[-1.84115,54.92973],[-1.85272,54.91741],[-1.82101,54.90566],[-1.85444,54.89118],[-1.8701,54.85087],[-1.91404,54.83953],[-1.91377,54.834],[-1.93268,54.85419],[-1.94906,54.85297],[-1.98024,54.86818],[-2.00097,54.86967],[-2.03976,54.84829],[-2.08248,54.83822],[-2.13979,54.84187],[-2.16947,54.80361],[-2.1986,54.80674],[-2.21891,54.78238],[-2.28268,54.79825]]],[[[-1.80244,55.66828],[-1.81559,55.68241],[-1.84239,55.67871],[-1.85496,55.68563],[-1.79739,55.68722],[-1.77921,55.68563],[-1.77887,55.66773],[-1.80244,55.66828]]]]}},
{"type":"Feature","properties":{"area_code":"E06000058","area_name":"Bournemouth, Christchurch and Poole"},"geometry":{"type":"Polygon","coordinates":[[[-1.8039,50.79597],[-1.7855,50.76475],[-1.74885,50.77949],[-1.73896,50.76327],[-1.74417,50.74746],[-1.68182,50.75185],[-1.69188,50.73729],[-1.69255,50.73735],[-1.71796,50.73476],[-1.72459,50.73409],[-1.72739,50.73242],[-1.72899,50.73221],[-1.73059,50.73051],[-1.7423,50.72352],[-1.75709,50.73018],[-1.7622,50.72524],[-1.76433,50.72333],[-1.76856,50.72522],[-1.76343,50.71861],[-1.74601,50.71547],[-1.74269,50.72153],[-1.74112,50.72153],[-1.7481,50.71184],[-1.74884,50.71104],[-1.81819,50.72055],[-1.81861,50.72051],[-1.82096,50.72083],[-1.83675,50.71858],[-1.88527,50.71341],[-1.8901,50.71097],[-1.9009,50.70943],[-1.94781,50.68268],[-1.9335,50.69858],[-1.95239,50.70442],[-1.94796,50.70885],[-1.95837,50.71559],[-1.99188,50.71251],[-1.98408,50.71963],[-1.99596,50.73749],[-2.00136,50.73368],[-2.0114,50.72658],[-2.00136,50.7191],[-1.98656,50.70807],[-2.00136,50.71098],[-2.03933,50.71843],[-2.02491,50.72936],[-2.01353,50.73705],[-2.00932,50.78259],[-1.99913,50.78813],[-2.00587,50.79093],[-1.95795,50.78931],[-1.93916,50.79871],[-1.93283,50.78001],[-1.91951,50.784],[-1.91473,50.77335],[-1.89376,50.78008],[-1.87338,50.76338],[-1.8646,50.80662],[-1.84523,50.80961],[-1.83385,50.80004],[-1.8039,50.79597]]]}},
{"type":"Feature","properties":{"area_code":"E06000059","area_name":"Dorset"},"geometry":{"type":"MultiPolygon","coordinates":[[[[-1.98809,50.69245],[-1.97417,50.69723],[-1.95816,50.69493],[-1.95676,50.68822],[-1.98355,50.68707],[-1.98809,50.69245]]],[[[-2.45228,50.54789],[-2.44919,50.56022],[-2.45054,50.56112],[-2.45053,50.56126],[-2.45518,50.5642],[-2.504,50.59655],[-2.51754,50.6035],[-2.52974,50.61118],[-2.59363,50.64246],[-2.62711,50.65957],[-2.6343,50.66234],[-2.63549,50.66293],[-2.63894,50.66413],[-2.76167,50.71126],[-2.78426,50.71471],[-2.79364,50.71796],[-2.89425,50.73146],[-2.90954,50.73377],[-2.94745,50.71839],[-2.95307,50.7285],[-2.93506,50.75427],[-2.95433,50.76771],[-2.88664,50.79481],[-2.8928,50.80478],[-2.9613,50.81555],[-2.95432,50.82117],[-2.93016,50.84093],[-2.88624,50.85059],[-2.82896,50.84866],[-2.81143,50.86341],[-2.79229,50.85282],[-2.7575,50.8669],[-2.71456,50.86389],[-2.71439,50.87114],[-2.66061,50.8871],[-2.6161,50.88163],[-2.60957,50.89155],[-2.62407,50.90787],[-2.60404,50.92672],[-2.61609,50.94058],[-2.5982,50.94857],[-2.60339,50.97634],[-2.59585,50.98134],[-2.58602,50.97687],[-2.57463,50.98669],[-2.55621,50.97954],[-2.54542,50.98508],[-2.54744,50.99954],[-2.52642,50.99191],[-2.50235,50.99384],[-2.49035,50.97277],[-2.4562,50.94934],[-2.44287,50.95966],[-2.44718,50.96785],[-2.42799,50.97139],[-2.41493,50.96058],[-2.34456,50.97883],[-2.3549,50.99088],[-2.37692,50.99076],[-2.38135,51.00492],[-2.33001,51.04134],[-2.34998,51.0688],[-2.32585,51.07968],[-2.26862,51.06874],[-2.24227,51.07118],[-2.19321,51.03771],[-2.17257,51.00107],[-2.11976,50.97819],[-2.12067,50.96154],[-2.10179,50.94499],[-2.06831,50.95119],[-2.03656,50.97218],[-1.99404,50.97573],[-1.98521,50.98476],[-1.95682,50.98983],[-1.95547,50.97827],[-1.92084,50.96141],[-1.87364,50.91723],[-1.84184,50.93168],[-1.81066,50.9272],[-1.81654,50.90395],[-1.84856,50.88989],[-1.85354,50.86346],[-1.83001,50.85527],[-1.80711,50.86332],[-1.80247,50.84296],[-1.79061,50.83631],[-1.8034,50.83034],[-1.81189,50.80864],[-1.8039,50.79597],[-1.83385,50.80004],[-1.84523,50.80961],[-1.8646,50.80662],[-1.87338,50.76338],[-1.89376,50.78008],[-1.91473,50.77335],[-1.91951,50.784],[-1.93283,50.78001],[-1.93916,50.79871],[-1.95795,50.78931],[-2.00587,50.79093],[-1.99913,50.78813],[-2.00932,50.78259],[-2.01353,50.73705],[-2.02491,50.72936],[-2.05328,50.7288],[-2.04815,50.7228],[-2.04224,50.72628],[-2.0462,50.71607],[-2.06286,50.71656],[-2.0719,50.70791],[-2.05763,50.70562],[-2.07216,50.70504],[-2.08214,50.68697],[-2.06572,50.68672],[-2.05452,50.6998],[-2.02613,50.70742],[-2.01808,50.70157],[-2.0332,50.70211],[-2.02444,50.68766],[-2.04643,50.67829],[-2.02472,50.68461],[-2.02659,50.67804],[-2.02207,50.6821],[-2.01145,50.68277],[-2.00621,50.67602],[-2.00136,50.67641],[-1.99857,50.67663],[-1.99573,50.66715],[-1.97837,50.67694],[-1.98525,50.6699],[-1.97471,50.66515],[-1.94983,50.68012],[-1.94201,50.67329],[-1.94176,50.67297],[-1.94433,50.66385],[-1.95184,50.65007],[-1.94888,50.64766],[-1.94939,50.64584],[-1.94604,50.64535],[-1.94061,50.64093],[-1.92673,50.64248],[-1.92376,50.64203],[-1.95315,50.62266],[-1.9539,50.61969],[-1.95408,50.619],[-1.95673,50.617],[-1.95599,50.61145],[-1.95655,50.60922],[-1.95567,50.6091],[-1.95557,50.6083],[-1.94673,50.60779],[-1.94409,50.6074],[-1.95657,50.59417],[-2.02635,50.589],[-2.02948,50.58762],[-2.0551,50.57693],[-2.06159,50.58865],[-2.06377,50.59343],[-2.06427,50.59348],[-2.06436,50.59365],[-2.06729,50.59382],[-2.11065,50.59861],[-2.13346,50.61228],[-2.13382,50.61216],[-2.13451,50.61264],[-2.14603,50.60849],[-2.15777,50.61541],[-2.17236,50.61513],[-2.19752,50.62268],[-2.19786,50.62262],[-2.19838,50.62301],[-2.21604,50.61981],[-2.23928,50.6162],[-2.26908,50.61938],[-2.28408,50.62098],[-2.3242,50.62524],[-2.33874,50.63198],[-2.35124,50.63235],[-2.42556,50.63513],[-2.42736,50.63369],[-2.42981,50.63363],[-2.44698,50.61884],[-2.45247,50.61411],[-2.44136,50.60964],[-2.44225,50.60866],[-2.44905,50.60145],[-2.44885,50.60136],[-2.43391,50.59665],[-2.43747,50.59761],[-2.45017,50.6012],[-2.45039,50.60101],[-2.4702,50.58397],[-2.46992,50.58359],[-2.47037,50.58318],[-2.48779,50.5911],[-2.51749,50.61786],[-2.5205,50.61853],[-2.54885,50.62489],[-2.54528,50.63089],[-2.55806,50.63083],[-2.5605,50.63915],[-2.56704,50.64106],[-2.61145,50.65405],[-2.56692,50.63098],[-2.54273,50.61843],[-2.50257,50.59758],[-2.46059,50.57108],[-2.46044,50.571],[-2.43156,50.5697],[-2.42218,50.56926],[-2.42838,50.56606],[-2.41991,50.55503],[-2.41859,50.54631],[-2.45002,50.51884],[-2.45627,50.51744],[-2.45228,50.54789]]]]}},
{"type":"Feature","properties":{"area_code":"E06000060","area_name":"Buckinghamshire"},"geometry":{"type":"Polygon","coordinates":[[[-0.87133,52.04025],[-0.81982,52.01229],[-0.80366,51.98552],[-0.762,51.98556],[-0.74038,51.96986],[-0.71394,51.97787],[-0.71311,51.98981],[-0.65298,51.96923],[-0.70216,51.90912],[-0.6927,51.90015],[-0.67297,51.90175],[-0.65198,51.88679],[-0.62009,51.88549],[-0.58356,51.87032],[-0.53763,51.83141],[-0.54365,51.82452],[-0.55363,51.82671],[-0.56066,51.83008],[-0.58183,51.80691],[-0.63294,51.81995],[-0.66719,51.8158],[-0.69545,51.84111],[-0.68677,51.84924],[-0.69639,51.85814],[-0.72027,51.85615],[-0.74525,51.83838],[-0.72365,51.81777],[-0.7093,51.82054],[-0.68539,51.80019],[-0.69019,51.79234],[-0.66966,51.76616],[-0.61294,51.74743],[-0.58638,51.75212],[-0.57488,51.73697],[-0.55365,51.73402],[-0.55041,51.72304],[-0.56321,51.71188],[-0.54402,51.69682],[-0.5487,51.68267],[-0.52427,51.68211],[-0.50511,51.67308],[-0.52099,51.66805],[-0.52278,51.6584],[-0.53689,51.66062],[-0.53926,51.63804],[-0.52059,51.60184],[-0.5006,51.59969],[-0.47662,51.55919],[-0.49549,51.53855],[-0.48316,51.50713],[-0.49002,51.49475],[-0.53182,51.49339],[-0.52698,51.50951],[-0.56871,51.51127],[-0.57509,51.5293],[-0.56726,51.53298],[-0.58987,51.52268],[-0.63054,51.5389],[-0.65994,51.52845],[-0.65927,51.5049],[-0.64221,51.50063],[-0.63388,51.49238],[-0.65213,51.48549],[-0.70316,51.51111],[-0.6912,51.55682],[-0.69647,51.5652],[-0.71168,51.56467],[-0.7181,51.57755],[-0.75722,51.56484],[-0.77371,51.56717],[-0.79296,51.55136],[-0.84274,51.54476],[-0.87972,51.56213],[-0.89688,51.54486],[-0.9017,51.55609],[-0.9386,51.57104],[-0.94153,51.58546],[-0.91687,51.59931],[-0.94308,51.60489],[-0.93857,51.61794],[-0.95003,51.62891],[-0.93459,51.6367],[-0.95073,51.65074],[-0.92725,51.65144],[-0.93221,51.66487],[-0.91773,51.6724],[-0.87771,51.66839],[-0.8979,51.6764],[-0.8799,51.68086],[-0.89477,51.69252],[-0.88838,51.71923],[-0.92407,51.74771],[-0.95367,51.75785],[-0.9798,51.76071],[-0.98613,51.75212],[-1.02978,51.75789],[-1.03044,51.74493],[-1.04547,51.7446],[-1.08085,51.75655],[-1.08324,51.78052],[-1.10636,51.78163],[-1.12354,51.79418],[-1.12489,51.80751],[-1.1101,51.81731],[-1.14068,51.83469],[-1.1216,51.84534],[-1.07845,51.82925],[-1.04712,51.83981],[-1.06198,51.84413],[-1.06464,51.8687],[-1.07761,51.87673],[-1.06898,51.88726],[-1.09352,51.89394],[-1.07936,51.91722],[-1.08667,51.92265],[-1.05462,51.94796],[-1.07895,51.94337],[-1.09517,51.95743],[-1.05312,52.00245],[-1.11809,52.01543],[-1.13667,52.02224],[-1.12199,52.04515],[-1.06207,52.06274],[-1.02767,52.06373],[-1.04233,52.07371],[-1.02632,52.07568],[-0.96781,52.07091],[-0.95187,52.08153],[-0.90603,52.02122],[-0.89012,52.03156],[-0.87747,52.02997],[-0.87133,52.04025]]]}},
{"type":"Feature","properties":{"area_code":"E07000008","area_name":"Cambridge"},"geometry":{"type":"Polygon","coordinates":[[[0.16542,52.23446],[0.15485,52.22649],[0.17584,52.21724],[0.16734,52.20415],[0.18269,52.19811],[0.18133,52.16949],[0.16263,52.17248],[0.15493,52.16462],[0.14176,52.171],[0.10343,52.15794],[0.10471,52.19066],[0.06864,52.21611],[0.12987,52.23565],[0.14753,52.22979],[0.15528,52.23723],[0.16542,52.23446]]]}},
{"type":"Feature","properties":{"area_code":"E07000009","area_name":"East Cambridgeshire"},"geometry":{"type":"Polygon","coordinates":[[[0.42934,52.43643],[0.37478,52.40973],[0.40762,52.36157],[0.4425,52.34883],[0.42422,52.32922],[0.43138,52.31583],[0.45762,52.31625],[0.50477,52.28472],[0.4988,52.27302],[0.42421,52.25587],[0.38272,52.29327],[0.359,52.29754],[0.34,52.26769],[0.36089,52.24942],[0.34268,52.24234],[0.37125,52.22656],[0.42134,52.23969],[0.41452,52.24786],[0.42696,52.2536],[0.48034,52.23268],[0.49493,52.23926],[0.51448,52.22678],[0.49133,52.1651],[0.47073,52.16326],[0.45219,52.1732],[0.43592,52.1595],[0.41728,52.15931],[0.39491,52.15797],[0.32194,52.17884],[0.2253,52.2317],[0.2295,52.23658],[0.21047,52.24946],[0.22062,52.26354],[0.21158,52.26992],[0.24169,52.29115],[0.24882,52.32285],[0.20473,52.3168],[0.19713,52.3243],[0.16823,52.31757],[0.16205,52.32431],[0.1399,52.32071],[0.0819,52.33495],[0.04387,52.35289],[0.05137,52.35818],[0.03442,52.38575],[0.0562,52.39783],[0.04365,52.41813],[0.05528,52.41443],[0.08737,52.42977],[0.10664,52.42534],[0.12647,52.43785],[0.12384,52.42097],[0.23632,52.50729],[0.24604,52.49989],[0.25648,52.50771],[0.30936,52.51362],[0.36706,52.50117],[0.38071,52.47954],[0.42853,52.45465],[0.42934,52.43643]]]}},
{"type":"Feature","properties":{"area_code":"E07000010","area_name":"Fenland"},"geometry":{"type":"Polygon","coordinates":[[[0.17163,52.73803],[0.15357,52.68222],[0.18472,52.67789],[0.18384,52.65566],[0.16993,52.65044],[0.2193,52.62181],[0.1916,52.59896],[0.21841,52.5726],[0.20563,52.56557],[0.21724,52.56059],[0.20471,52.55466],[0.20514,52.5479],[0.21463,52.54911],[0.20387,52.54541],[0.21315,52.53817],[0.20585,52.53385],[0.23059,52.52791],[0.20612,52.51964],[0.23632,52.50729],[0.12384,52.42097],[0.12647,52.43785],[0.10664,52.42534],[0.08737,52.42977],[0.05528,52.41443],[0.04365,52.41813],[0.0562,52.39783],[0.03442,52.38575],[0.01903,52.4142],[0.03382,52.429],[0.00895,52.45458],[-0.03886,52.47329],[-0.04817,52.51088],[-0.06967,52.51686],[-0.07088,52.50589],[-0.09042,52.49621],[-0.09765,52.50171],[-0.11444,52.48904],[-0.18785,52.54186],[-0.19787,52.55081],[-0.18698,52.56851],[-0.01275,52.59425],[-0.03127,52.66153],[0.0215,52.66489],[0.04857,52.6814],[0.04415,52.71438],[0.06363,52.72739],[0.08901,52.72363],[0.13298,52.7393],[0.17163,52.73803]]]}},
{"type":"Feature","properties":{"area_code":"E07000011","area_name":"Huntingdonshire"},"geometry":{"type":"Polygon","coordinates":[[[-0.18785,52.54186],[-0.11444,52.48904],[-0.09765,52.50171],[-0.09042,52.49621],[-0.07088,52.50589],[-0.06967,52.51686],[-0.04817,52.51088],[-0.03886,52.47329],[0.00895,52.45458],[0.03382,52.429],[0.01903,52.4142],[0.03442,52.38575],[0.05137,52.35818],[0.04387,52.35289],[0.00959,52.34172],[-0.01461,52.31273],[-0.04646,52.31466],[-0.05773,52.29176],[-0.08539,52.2725],[-0.10227,52.27767],[-0.12115,52.25734],[-0.14266,52.28319],[-0.17548,52.28022],[-0.18412,52.26077],[-0.1775,52.25029],[-0.17368,52.25578],[-0.15712,52.25431],[-0.13222,52.24326],[-0.14904,52.22595],[-0.18702,52.22879],[-0.19561,52.20449],[-0.17589,52.19726],[-0.15281,52.212],[-0.10813,52.20688],[-0.1004,52.18284],[-0.13803,52.18449],[-0.15619,52.16725],[-0.18953,52.16921],[-0.21662,52.15874],[-0.26069,52.1764],[-0.24979,52.18437],[-0.24072,52.19019],[-0.26185,52.20987],[-0.29628,52.21049],[-0.28561,52.23728],[-0.29321,52.24052],[-0.33525,52.24288],[-0.34347,52.24187],[-0.34101,52.23065],[-0.37438,52.233],[-0.38234,52.27113],[-0.37218,52.2735],[-0.37501,52.28047],[-0.42177,52.28495],[-0.43576,52.29666],[-0.43609,52.31447],[-0.46537,52.32295],[-0.46666,52.33893],[-0.48326,52.3409],[-0.47768,52.34892],[-0.4987,52.3601],[-0.48852,52.37402],[-0.49595,52.37952],[-0.44151,52.385],[-0.41707,52.4116],[-0.36241,52.43353],[-0.37022,52.43993],[-0.34159,52.46694],[-0.3594,52.48986],[-0.35435,52.5065],[-0.4136,52.52568],[-0.40128,52.53868],[-0.41959,52.55896],[-0.40729,52.56405],[-0.41538,52.57874],[-0.39684,52.583],[-0.38545,52.56719],[-0.34848,52.56437],[-0.32546,52.55289],[-0.33274,52.54655],[-0.29329,52.50689],[-0.26929,52.52082],[-0.24478,52.523],[-0.23484,52.54367],[-0.21766,52.53792],[-0.2004,52.54522],[-0.18785,52.54186]]]}},
{"type":"Feature","properties":{"area_code":"E07000012","area_name":"South Cambridgeshire"},"geometry":{"type":"Polygon","coordinates":[[[0.06813,52.00579],[0.04031,52.05333],[0.00408,52.04979],[-0.01928,52.06354],[-0.12657,52.02092],[-0.13373,52.04623],[-0.15512,52.05306],[-0.14751,52.0694],[-0.15728,52.08055],[-0.14445,52.1382],[-0.15435,52.14441],[-0.17153,52.1395],[-0.2348,52.14473],[-0.21662,52.15874],[-0.18953,52.16921],[-0.15619,52.16725],[-0.13803,52.18449],[-0.1004,52.18284],[-0.10813,52.20688],[-0.15281,52.212],[-0.17589,52.19726],[-0.19561,52.20449],[-0.18702,52.22879],[-0.14904,52.22595],[-0.13222,52.24326],[-0.15712,52.25431],[-0.17368,52.25578],[-0.1775,52.25029],[-0.18412,52.26077],[-0.17548,52.28022],[-0.14266,52.28319],[-0.12115,52.25734],[-0.10227,52.27767],[-0.08539,52.2725],[-0.05773,52.29176],[-0.04646,52.31466],[-0.01461,52.31273],[0.00959,52.34172],[0.04387,52.35289],[0.0819,52.33495],[0.1399,52.32071],[0.16205,52.32431],[0.16823,52.31757],[0.19713,52.3243],[0.20473,52.3168],[0.24882,52.32285],[0.24169,52.29115],[0.21158,52.26992],[0.22062,52.26354],[0.21047,52.24946],[0.2295,52.23658],[0.2253,52.2317],[0.32194,52.17884],[0.39491,52.15797],[0.41728,52.15931],[0.41828,52.13436],[0.38959,52.11747],[0.3818,52.1027],[0.395,52.09597],[0.40464,52.0655],[0.37961,52.04956],[0.3897,52.03647],[0.34596,52.04972],[0.32467,52.07278],[0.28601,52.09041],[0.27623,52.09264],[0.25157,52.07679],[0.23521,52.089],[0.20346,52.09267],[0.18319,52.07318],[0.18992,52.0602],[0.16757,52.055],[0.1664,52.04819],[0.15112,52.05285],[0.12814,52.04732],[0.11908,52.05996],[0.10574,52.06026],[0.09225,52.02165],[0.06813,52.00579]],[[0.10343,52.15794],[0.14176,52.171],[0.15493,52.16462],[0.16263,52.17248],[0.18133,52.16949],[0.18269,52.19811],[0.16734,52.20415],[0.17584,52.21724],[0.15485,52.22649],[0.16542,52.23446],[0.15528,52.23723],[0.14753,52.22979],[0.12987,52.23565],[0.06864,52.21611],[0.10471,52.19066],[0.10343,52.15794]]]}},
{"type":"Feature","properties":{"area_code":"E07000026","area_name":"Allerdale"},"geometry":{"type":"Polygon","coordinates":[[[-3.14611,54.93445],[-3.13994,54.93078],[-3.13379,54.93033],[-3.13104,54.92942],[-3.11928,54.92549],[-3.12636,54.90551],[-3.07836,54.90463],[-3.07088,54.88971],[-3.05717,54.88675],[-3.07237,54.87605],[-3.05492,54.86564],[-3.07054,54.86071],[-3.06621,54.85495],[-3.02271,54.8524],[-3.02902,54.83976],[-3.04746,54.83349],[-3.03073,54.82678],[-3.02677,54.8012],[-3.00176,54.80024],[-3.00932,54.79107],[-2.98794,54.79372],[-2.98444,54.77616],[-2.9914,54.76128],[-3.02615,54.74783],[-2.98375,54.72095],[-2.99227,54.69624],[-3.0638,54.70008],[-3.08192,54.69525],[-3.08719,54.68609],[-3.0546,54.67976],[-3.0901,54.66027],[-3.09429,54.64387],[-3.08695,54.61264],[-3.04471,54.6143],[-3.03434,54.60278],[-3.00749,54.59535],[-3.03706,54.58099],[-3.01828,54.57499],[-3.02879,54.56693],[-3.01678,54.56159],[-3.02576,54.5301],[-3.01531,54.52559],[-3.01483,54.49984],[-3.07621,54.48937],[-3.09775,54.4719],[-3.10948,54.474],[-3.11257,54.46149],[-3.13644,54.47075],[-3.16714,54.45411],[-3.21932,54.48202],[-3.21216,54.49367],[-3.22472,54.50234],[-3.30578,54.53013],[-3.36009,54.53795],[-3.37615,54.57326],[-3.3934,54.58601],[-3.43399,54.59747],[-3.44622,54.58155],[-3.48113,54.58119],[-3.48948,54.5978],[-3.51114,54.60479],[-3.54633,54.60713],[-3.55423,54.59644],[-3.57259,54.6007],[-3.56589,54.61228],[-3.58005,54.65225],[-3.57174,54.65091],[-3.55198,54.66664],[-3.51935,54.69256],[-3.51344,54.7082],[-3.50764,54.71688],[-3.49419,54.71242],[-3.50713,54.71762],[-3.45689,54.7462],[-3.43902,54.75635],[-3.43769,54.802],[-3.39984,54.86746],[-3.37774,54.8841],[-3.33885,54.90023],[-3.33976,54.89627],[-3.3022,54.88513],[-3.28186,54.87498],[-3.28854,54.89204],[-3.27537,54.89188],[-3.26646,54.89171],[-3.2491,54.90179],[-3.24857,54.9021],[-3.24913,54.90295],[-3.25434,54.91086],[-3.27491,54.90306],[-3.30816,54.91149],[-3.31327,54.9192],[-3.30259,54.9277],[-3.28518,54.94154],[-3.26534,54.94303],[-3.26894,54.93707],[-3.25044,54.94521],[-3.2322,54.95322],[-3.20439,54.95388],[-3.14611,54.93445]]]}},
{"type":"Feature","properties":{"area_code":"E07000027","area_name":"Barrow-in-Furness"},"geometry":{"type":"MultiPolygon","coordinates":[[[[-3.20969,54.04752],[-3.22374,54.06183],[-3.26854,54.10737],[-3.27644,54.14277],[-3.25215,54.15058],[-3.26572,54.14408],[-3.24548,54.10965],[-3.25152,54.09635],[-3.22434,54.08227],[-3.22093,54.0805],[-3.22338,54.06702],[-3.21016,54.06509],[-3.20491,54.05169],[-3.17853,54.05529],[-3.17414,54.04831],[-3.17287,54.05526],[-3.17307,54.04707],[-3.20969,54.04752]]],[[[-3.17143,54.07963],[-3.178,54.0749],[-3.17369,54.0833],[-3.19405,54.10426],[-3.22022,54.08971],[-3.22468,54.09371],[-3.24212,54.10933],[-3.23702,54.15474],[-3.24941,54.1547],[-3.25711,54.16728],[-3.22708,54.17493],[-3.21715,54.17746],[-3.22299,54.18779],[-3.21476,54.18566],[-3.21306,54.20719],[-3.20586,54.2097],[-3.20265,54.21082],[-3.20052,54.20823],[-3.16765,54.20315],[-3.14763,54.21848],[-3.16377,54.19236],[-3.1426,54.16526],[-3.16291,54.15888],[-3.15963,54.13495],[-3.17487,54.11476],[-3.14478,54.09949],[-3.14962,54.09394],[-3.1491,54.09354],[-3.1724,54.08178],[-3.15071,54.06479],[-3.17143,54.07963]]]]}},
{"type":"Feature","properties":{"area_code":"E07000028","area_name":"Carlisle"},"geometry":{"type":"MultiPolygon","coordinates":[[[[-3.13994,54.93078],[-3.14611,54.93445],[-3.13379,54.93033],[-3.13994,54.93078]]],[[[-2.98794,54.79372],[-3.00932,54.79107],[-3.00176,54.80024],[-3.02677,54.8012],[-3.03073,54.82678],[-3.04746,54.83349],[-3.02902,54.83976],[-3.02271,54.8524],[-3.06621,54.85495],[-3.07054,54.86071],[-3.05492,54.86564],[-3.07237,54.87605],[-3.05717,54.88675],[-3.07088,54.88971],[-3.07836,54.90463],[-3.12636,54.90551],[-3.11928,54.92549],[-3.11887,54.92535],[-3.10302,54.92967],[-3.07362,54.93768],[-3.12978,54.9344],[-3.13112,54.94761],[-3.10873,54.94912],[-3.11627,54.96066],[-3.10402,54.97137],[-3.07568,54.9676],[-3.05842,54.98307],[-3.0566,54.98283],[-3.05432,54.99004],[-3.02587,55.03646],[-3.05342,55.04728],[-3.05093,55.0528],[-2.95859,55.04929],[-2.93641,55.05959],[-2.94043,55.06913],[-2.89688,55.07795],[-2.88629,55.09481],[-2.85854,55.10835],[-2.82761,55.12484],[-2.8255,55.13831],[-2.78487,55.14178],[-2.7034,55.17321],[-2.68979,55.18898],[-2.67456,55.17589],[-2.67732,55.15549],[-2.65694,55.13613],[-2.5989,55.12458],[-2.59354,55.1051],[-2.56843,55.09626],[-2.56214,55.08346],[-2.50257,55.09076],[-2.48609,55.08244],[-2.50398,55.06243],[-2.48305,55.04002],[-2.57285,55.0164],[-2.57331,54.98764],[-2.60143,54.97134],[-2.59557,54.96348],[-2.56849,54.95836],[-2.56765,54.94086],[-2.54527,54.92917],[-2.56622,54.91924],[-2.57641,54.89672],[-2.60543,54.88438],[-2.57335,54.85355],[-2.58267,54.84587],[-2.60377,54.85334],[-2.65533,54.85477],[-2.68014,54.83532],[-2.70122,54.8336],[-2.68972,54.81936],[-2.70566,54.81636],[-2.74958,54.82913],[-2.75643,54.82286],[-2.79938,54.81872],[-2.86306,54.83725],[-2.88147,54.8235],[-2.90741,54.82196],[-2.90441,54.81302],[-2.92108,54.80921],[-2.94478,54.78404],[-2.98444,54.77616],[-2.98794,54.79372]]]]}},
{"type":"Feature","properties":{"area_code":"E07000029","area_name":"Copeland"},"geometry":{"type":"Polygon","coordinates":[[[-3.16714,54.45411],[-3.15702,54.43028],[-3.13598,54.42188],[-3.124,54.42751],[-3.11526,54.41502],[-3.17076,54.39973],[-3.1946,54.35435],[-3.20709,54.35296],[-3.24187,54.32353],[-3.23092,54.31468],[-3.23048,54.26972],[-3.2337,54.26012],[-3.22952,54.25682],[-3.22291,54.2516],[-3.22931,54.25001],[-3.24371,54.24644],[-3.22931,54.24979],[-3.22564,54.23982],[-3.22895,54.23764],[-3.26577,54.21334],[-3.25401,54.21033],[-3.25147,54.21583],[-3.24519,54.2093],[-3.23926,54.20313],[-3.263,54.19032],[-3.28762,54.19705],[-3.29937,54.18841],[-3.32239,54.19053],[-3.34229,54.20826],[-3.39422,54.25444],[-3.4214,54.2844],[-3.41403,54.35793],[-3.43529,54.34338],[-3.47952,54.38642],[-3.50962,54.41563],[-3.54342,54.44086],[-3.63886,54.51188],[-3.60732,54.53088],[-3.60482,54.53745],[-3.5979,54.55256],[-3.58978,54.54981],[-3.58471,54.56484],[-3.57259,54.6007],[-3.55423,54.59644],[-3.54633,54.60713],[-3.51114,54.60479],[-3.48948,54.5978],[-3.48113,54.58119],[-3.44622,54.58155],[-3.43399,54.59747],[-3.3934,54.58601],[-3.37615,54.57326],[-3.36009,54.53795],[-3.30578,54.53013],[-3.22472,54.50234],[-3.21216,54.49367],[-3.21932,54.48202],[-3.16714,54.45411]]]}},
{"type":"Feature","properties":{"area_code":"E07000030","area_name":"Eden"},"geometry":{"type":"Polygon","coordinates":[[[-2.31209,54.79102],[-2.32575,54.72663],[-2.35574,54.69765],[-2.35177,54.68593],[-2.32729,54.67073],[-2.29287,54.66389],[-2.28798,54.65048],[-2.32494,54.63165],[-2.30451,54.5962],[-2.20949,54.55171],[-2.19753,54.5327],[-2.1724,54.53244],[-2.159,54.47203],[-2.17021,54.4582],[-2.17751,54.46163],[-2.18932,54.44898],[-2.24954,54.45194],[-2.29287,54.43931],[-2.30815,54.41979],[-2.30551,54.39712],[-2.29178,54.3909],[-2.29744,54.3769],[-2.31704,54.37631],[-2.34465,54.35963],[-2.36771,54.35607],[-2.38232,54.37131],[-2.42087,54.36585],[-2.44377,54.37603],[-2.46273,54.36838],[-2.48365,54.37735],[-2.51369,54.36793],[-2.53822,54.39423],[-2.55243,54.38696],[-2.57525,54.39198],[-2.58347,54.38765],[-2.60398,54.40693],[-2.64028,54.40435],[-2.6868,54.42667],[-2.68922,54.44576],[-2.70393,54.43221],[-2.78918,54.46498],[-2.80688,54.48206],[-2.81592,54.47461],[-2.8385,54.47615],[-2.86534,54.49014],[-2.87562,54.4811],[-2.90628,54.48135],[-2.91982,54.46478],[-2.95535,54.48453],[-2.96636,54.48223],[-2.98048,54.49595],[-3.01375,54.49471],[-3.01483,54.49984],[-3.01531,54.52559],[-3.02576,54.5301],[-3.01678,54.56159],[-3.02879,54.56693],[-3.01828,54.57499],[-3.03706,54.58099],[-3.00749,54.59535],[-3.03434,54.60278],[-3.04471,54.6143],[-3.08695,54.61264],[-3.09429,54.64387],[-3.0901,54.66027],[-3.0546,54.67976],[-3.08719,54.68609],[-3.08192,54.69525],[-3.0638,54.70008],[-2.99227,54.69624],[-2.98375,54.72095],[-3.02615,54.74783],[-2.9914,54.76128],[-2.98444,54.77616],[-2.94478,54.78404],[-2.92108,54.80921],[-2.90441,54.81302],[-2.90741,54.82196],[-2.88147,54.8235],[-2.86306,54.83725],[-2.79938,54.81872],[-2.75643,54.82286],[-2.74958,54.82913],[-2.70566,54.81636],[-2.68972,54.81936],[-2.70122,54.8336],[-2.68014,54.83532],[-2.65533,54.85477],[-2.60377,54.85334],[-2.58267,54.84587],[-2.55831,54.81672],[-2.52388,54.80603],[-2.49541,54.81031],[-2.4606,54.83417],[-2.42311,54.84264],[-2.41162,54.85643],[-2.38999,54.83216],[-2.34843,54.80708],[-2.32739,54.80533],[-2.31209,54.79102]]]}},
{"type":"Feature","properties":{"area_code":"E07000031","area_name":"South Lakeland"},"geometry":{"type":"Polygon","coordinates":[[[-2.36771,54.35607],[-2.30984,54.32431],[-2.32452,54.30318],[-2.3191,54.25716],[-2.33766,54.2376],[-2.36232,54.24975],[-2.37302,54.2401],[-2.39678,54.23938],[-2.40563,54.22492],[-2.46086,54.22672],[-2.45959,54.23957],[-2.57608,54.1956],[-2.62496,54.19557],[-2.63996,54.20205],[-2.67988,54.16113],[-2.73649,54.16903],[-2.73439,54.18411],[-2.76823,54.18596],[-2.79898,54.19774],[-2.83722,54.17417],[-2.86949,54.17667],[-2.85743,54.17899],[-2.86412,54.19204],[-2.84247,54.20552],[-2.905,54.19473],[-2.9208,54.18024],[-2.93524,54.16697],[-2.93186,54.15139],[-3.01362,54.13157],[-3.00007,54.15261],[-3.00218,54.16648],[-3.03877,54.1972],[-3.03242,54.21132],[-3.06339,54.18621],[-3.06086,54.162],[-3.10571,54.11912],[-3.1491,54.09354],[-3.14962,54.09394],[-3.14478,54.09949],[-3.17487,54.11476],[-3.15963,54.13495],[-3.16291,54.15888],[-3.1426,54.16526],[-3.16377,54.19236],[-3.14763,54.21848],[-3.16765,54.20315],[-3.20052,54.20823],[-3.20265,54.21082],[-3.20182,54.21111],[-3.17974,54.239],[-3.19756,54.2288],[-3.21035,54.25397],[-3.22904,54.2599],[-3.22781,54.27768],[-3.22995,54.2713],[-3.23048,54.26972],[-3.23092,54.31468],[-3.24187,54.32353],[-3.20709,54.35296],[-3.1946,54.35435],[-3.17076,54.39973],[-3.11526,54.41502],[-3.124,54.42751],[-3.13598,54.42188],[-3.15702,54.43028],[-3.16714,54.45411],[-3.13644,54.47075],[-3.11257,54.46149],[-3.10948,54.474],[-3.09775,54.4719],[-3.07621,54.48937],[-3.01483,54.49984],[-3.01375,54.49471],[-2.98048,54.49595],[-2.96636,54.48223],[-2.95535,54.48453],[-2.91982,54.46478],[-2.90628,54.48135],[-2.87562,54.4811],[-2.86534,54.49014],[-2.8385,54.47615],[-2.81592,54.47461],[-2.80688,54.48206],[-2.78918,54.46498],[-2.70393,54.43221],[-2.68922,54.44576],[-2.6868,54.42667],[-2.64028,54.40435],[-2.60398,54.40693],[-2.58347,54.38765],[-2.57525,54.39198],[-2.55243,54.38696],[-2.53822,54.39423],[-2.51369,54.36793],[-2.48365,54.37735],[-2.46273,54.36838],[-2.44377,54.37603],[-2.42087,54.36585],[-2.38232,54.37131],[-2.36771,54.35607]]]}},
{"type":"Feature","properties":{"area_code":"E07000032","area_name":"Amber Valley"},"geometry":{"type":"Polygon","coordinates":[[[-1.37365,53.10786],[-1.36074,53.0904],[-1.33164,53.08099],[-1.34443,53.06554],[-1.33587,53.05297],[-1.33199,53.03115],[-1.30744,53.00365],[-1.33279,52.97814],[-1.37103,52.97309],[-1.38541,52.9823],[-1.4093,52.97701],[-1.47874,52.98255],[-1.47463,52.96593],[-1.49541,52.96588],[-1.50803,52.93745],[-1.54407,52.92421],[-1.5701,52.93579],[-1.60405,52.93681],[-1.60714,52.94717],[-1.59939,52.96259],[-1.57104,52.96657],[-1.57144,52.974],[-1.60214,52.98544],[-1.59927,52.99842],[-1.5768,53.00206],[-1.57875,53.01469],[-1.56675,53.0137],[-1.57611,53.01768],[-1.56633,53.02247],[-1.58488,53.02039],[-1.59857,53.03047],[-1.58097,53.0423],[-1.59144,53.05473],[-1.55327,53.06902],[-1.5336,53.08694],[-1.51934,53.08624],[-1.51206,53.09336],[-1.5311,53.10048],[-1.52351,53.12043],[-1.49537,53.13396],[-1.44825,53.10367],[-1.37365,53.10786]]]}},
{"type":"Feature","properties":{"area_code":"E07000033","area_name":"Bolsover"},"geometry":{"type":"Polygon","coordinates":[[[-1.20942,53.2177],[-1.19694,53.18482],[-1.24045,53.17865],[-1.25993,53.16448],[-1.29596,53.17122],[-1.30071,53.16421],[-1.32345,53.16234],[-1.32178,53.13065],[-1.30062,53.10205],[-1.30925,53.09677],[-1.30288,53.0882],[-1.33164,53.08099],[-1.36074,53.0904],[-1.37365,53.10786],[-1.37783,53.1361],[-1.35284,53.15875],[-1.37827,53.17373],[-1.35678,53.18547],[-1.3185,53.18592],[-1.31059,53.21605],[-1.3192,53.23958],[-1.33126,53.25723],[-1.3013,53.26389],[-1.3167,53.28166],[-1.32414,53.29511],[-1.31067,53.29795],[-1.32189,53.30907],[-1.28201,53.30946],[-1.24387,53.30157],[-1.23069,53.30856],[-1.20324,53.30422],[-1.19974,53.31144],[-1.17663,53.30513],[-1.18012,53.28713],[-1.16649,53.27766],[-1.18154,53.27003],[-1.17469,53.26516],[-1.20245,53.26122],[-1.21303,53.24767],[-1.202,53.23556],[-1.20942,53.2177]]]}},
{"type":"Feature","properties":{"area_code":"E07000034","area_name":"Chesterfield"},"geometry":{"type":"Polygon","coordinates":[[[-1.3167,53.28166],[-1.3013,53.26389],[-1.33126,53.25723],[-1.3192,53.23958],[-1.34706,53.23954],[-1.35086,53.24639],[-1.38034,53.2438],[-1.4008,53.23428],[-1.40101,53.21396],[-1.42084,53.21244],[-1.44,53.21359],[-1.4412,53.22063],[-1.47953,53.22223],[-1.48417,53.23071],[-1.47136,53.23618],[-1.48171,53.24648],[-1.47113,53.25941],[-1.4806,53.26335],[-1.4642,53.268],[-1.45707,53.28375],[-1.43904,53.28021],[-1.41544,53.28764],[-1.39928,53.28197],[-1.37705,53.29904],[-1.36689,53.28918],[-1.33363,53.28976],[-1.3167,53.28166]]]}},
{"type":"Feature","properties":{"area_code":"E07000035","area_name":"Derbyshire Dales"},"geometry":{"type":"Polygon","coordinates":[[[-1.59909,53.31132],[-1.59744,53.29576],[-1.57866,53.28647],[-1.58939,53.27874],[-1.58494,53.2627],[-1.56578,53.26143],[-1.55718,53.24956],[-1.57206,53.24101],[-1.56902,53.22313],[-1.5156,53.20271],[-1.54829,53.19992],[-1.54997,53.18546],[-1.49537,53.13396],[-1.52351,53.12043],[-1.5311,53.10048],[-1.51206,53.09336],[-1.51934,53.08624],[-1.5336,53.08694],[-1.55327,53.06902],[-1.59144,53.05473],[-1.58097,53.0423],[-1.59857,53.03047],[-1.58488,53.02039],[-1.56633,53.02247],[-1.57611,53.01768],[-1.56675,53.0137],[-1.57875,53.01469],[-1.5768,53.00206],[-1.59927,52.99842],[-1.60214,52.98544],[-1.57144,52.974],[-1.57104,52.96657],[-1.59939,52.96259],[-1.60714,52.94717],[-1.65024,52.94457],[-1.65891,52.90259],[-1.6782,52.92159],[-1.70823,52.92201],[-1.71447,52.90959],[-1.74895,52.91249],[-1.73656,52.89522],[-1.746,52.86869],[-1.77722,52.88381],[-1.82821,52.88443],[-1.85658,52.92339],[-1.8298,52.94571],[-1.82678,52.97709],[-1.7624,52.99986],[-1.75893,53.03732],[-1.77898,53.04484],[-1.77565,53.05935],[-1.79424,53.08839],[-1.78373,53.10283],[-1.82188,53.1367],[-1.81254,53.15434],[-1.86073,53.18843],[-1.89863,53.19996],[-1.91856,53.21799],[-1.91076,53.22169],[-1.8976,53.21045],[-1.88695,53.21773],[-1.88265,53.2033],[-1.87271,53.21566],[-1.84242,53.19476],[-1.8316,53.19759],[-1.83125,53.21065],[-1.87427,53.22685],[-1.84438,53.25041],[-1.79029,53.25641],[-1.81752,53.28256],[-1.82263,53.30281],[-1.76066,53.33824],[-1.73021,53.33863],[-1.72759,53.31914],[-1.70045,53.32362],[-1.69687,53.3348],[-1.67121,53.34937],[-1.67331,53.36939],[-1.65382,53.39191],[-1.66355,53.3666],[-1.59055,53.34592],[-1.6123,53.34322],[-1.63273,53.32084],[-1.62549,53.31642],[-1.6092,53.32266],[-1.59909,53.31132]]]}},
{"type":"Feature","properties":{"area_code":"E07000036","area_name":"Erewash"},"geometry":{"type":"Polygon","coordinates":[[[-1.23971,52.89229],[-1.24006,52.88011],[-1.26789,52.87337],[-1.31931,52.87287],[-1.34991,52.88071],[-1.3393,52.88969],[-1.38826,52.90147],[-1.38307,52.92593],[-1.42396,52.93565],[-1.40928,52.95032],[-1.46855,52.95066],[-1.47463,52.96593],[-1.47874,52.98255],[-1.4093,52.97701],[-1.38541,52.9823],[-1.37103,52.97309],[-1.33279,52.97814],[-1.30744,53.00365],[-1.28775,52.96966],[-1.2925,52.95557],[-1.28103,52.94916],[-1.2818,52.91029],[-1.24622,52.90299],[-1.23971,52.89229]]]}},
{"type":"Feature","properties":{"area_code":"E07000037","area_name":"High Peak"},"geometry":{"type":"Polygon","coordinates":[[[-1.82223,53.52109],[-1.79629,53.50315],[-1.80147,53.48099],[-1.76844,53.46477],[-1.74532,53.46218],[-1.73976,53.42099],[-1.70853,53.41734],[-1.70497,53.40506],[-1.65382,53.39191],[-1.67331,53.36939],[-1.67121,53.34937],[-1.69687,53.3348],[-1.70045,53.32362],[-1.72759,53.31914],[-1.73021,53.33863],[-1.76066,53.33824],[-1.82263,53.30281],[-1.81752,53.28256],[-1.79029,53.25641],[-1.84438,53.25041],[-1.87427,53.22685],[-1.83125,53.21065],[-1.8316,53.19759],[-1.84242,53.19476],[-1.87271,53.21566],[-1.88265,53.2033],[-1.88695,53.21773],[-1.8976,53.21045],[-1.91076,53.22169],[-1.91856,53.21799],[-1.89863,53.19996],[-1.95671,53.21375],[-1.96236,53.22624],[-1.98741,53.21359],[-1.99026,53.223],[-1.97486,53.23106],[-2.00948,53.26065],[-2.00679,53.35457],[-2.03106,53.37026],[-2.03378,53.37554],[-2.00464,53.38633],[-1.99233,53.41519],[-2.0137,53.41589],[-2.02626,53.42987],[-2.01423,53.43976],[-2.00422,53.43592],[-2.00823,53.44155],[-1.98579,53.45523],[-1.98782,53.48111],[-1.96339,53.50983],[-1.95133,53.5042],[-1.92197,53.50995],[-1.92678,53.52095],[-1.90962,53.53839],[-1.89411,53.53361],[-1.87349,53.54043],[-1.84182,53.51991],[-1.82223,53.52109]]]}},
{"type":"Feature","properties":{"area_code":"E07000038","area_name":"North East Derbyshire"},"geometry":{"type":"Polygon","coordinates":[[[-1.32467,53.32881],[-1.29902,53.33251],[-1.28859,53.32623],[-1.29568,53.31504],[-1.28201,53.30946],[-1.32189,53.30907],[-1.31067,53.29795],[-1.32414,53.29511],[-1.3167,53.28166],[-1.33363,53.28976],[-1.36689,53.28918],[-1.37705,53.29904],[-1.39928,53.28197],[-1.41544,53.28764],[-1.43904,53.28021],[-1.45707,53.28375],[-1.4642,53.268],[-1.4806,53.26335],[-1.47113,53.25941],[-1.48171,53.24648],[-1.47136,53.23618],[-1.48417,53.23071],[-1.47953,53.22223],[-1.4412,53.22063],[-1.44,53.21359],[-1.42084,53.21244],[-1.40101,53.21396],[-1.4008,53.23428],[-1.38034,53.2438],[-1.35086,53.24639],[-1.34706,53.23954],[-1.3192,53.23958],[-1.31059,53.21605],[-1.3185,53.18592],[-1.35678,53.18547],[-1.37827,53.17373],[-1.35284,53.15875],[-1.37783,53.1361],[-1.37365,53.10786],[-1.44825,53.10367],[-1.49537,53.13396],[-1.54997,53.18546],[-1.54829,53.19992],[-1.5156,53.20271],[-1.56902,53.22313],[-1.57206,53.24101],[-1.55718,53.24956],[-1.56578,53.26143],[-1.58494,53.2627],[-1.58939,53.27874],[-1.57866,53.28647],[-1.59744,53.29576],[-1.59909,53.31132],[-1.5849,53.32159],[-1.58053,53.31174],[-1.56173,53.31597],[-1.56173,53.30641],[-1.53677,53.30475],[-1.50213,53.31758],[-1.46791,53.31712],[-1.45522,53.32187],[-1.45988,53.33069],[-1.44197,53.33749],[-1.42087,53.33457],[-1.41103,53.34199],[-1.38657,53.3349],[-1.38674,53.31763],[-1.33775,53.31585],[-1.32467,53.32881]]]}},
{"type":"Feature","properties":{"area_code":"E07000039","area_name":"South Derbyshire"},"geometry":{"type":"Polygon","coordinates":[[[-1.54407,52.92421],[-1.55685,52.91468],[-1.54169,52.88954],[-1.50311,52.88485],[-1.49451,52.87008],[-1.46409,52.87256],[-1.44623,52.86131],[-1.42357,52.86508],[-1.41891,52.88455],[-1.40277,52.90046],[-1.38826,52.90147],[-1.3393,52.88969],[-1.34991,52.88071],[-1.31931,52.87287],[-1.32533,52.86598],[-1.34486,52.86753],[-1.35117,52.85329],[-1.36121,52.85519],[-1.39432,52.83677],[-1.38794,52.8331],[-1.4177,52.80162],[-1.44356,52.80274],[-1.44239,52.79298],[-1.46278,52.78686],[-1.45588,52.77709],[-1.46845,52.76688],[-1.49398,52.75905],[-1.50498,52.76761],[-1.55279,52.76333],[-1.56249,52.75059],[-1.54464,52.73169],[-1.55004,52.72032],[-1.59754,52.70042],[-1.65504,52.6988],[-1.65661,52.72175],[-1.70416,52.73208],[-1.66654,52.78472],[-1.61113,52.7814],[-1.61435,52.78827],[-1.58887,52.79987],[-1.59183,52.80949],[-1.61049,52.8164],[-1.58535,52.83171],[-1.62675,52.85444],[-1.69027,52.86447],[-1.70061,52.86058],[-1.70434,52.86668],[-1.72532,52.85966],[-1.746,52.86869],[-1.73656,52.89522],[-1.74895,52.91249],[-1.71447,52.90959],[-1.70823,52.92201],[-1.6782,52.92159],[-1.65891,52.90259],[-1.65024,52.94457],[-1.60714,52.94717],[-1.60405,52.93681],[-1.5701,52.93579],[-1.54407,52.92421]]]}},
{"type":"Feature","properties":{"area_code":"E07000040","area_name":"East Devon"},"geometry":{"type":"MultiPolygon","coordinates":[[[[-3.46472,50.66111],[-3.46384,50.6637],[-3.46284,50.66061],[-3.46472,50.66111]]],[[[-3.45675,50.67686],[-3.45633,50.67489],[-3.45791,50.67575],[-3.45675,50.67686]]],[[[-3.41484,50.61572],[-3.42404,50.61729],[-3.42089,50.62411],[-3.41673,50.62912],[-3.41552,50.62934],[-3.41657,50.62931],[-3.41604,50.62994],[-3.45145,50.6819],[-3.4511,50.68223],[-3.4524,50.68329],[-3.46075,50.69552],[-3.45934,50.68896],[-3.47142,50.69881],[-3.46521,50.74502],[-3.51274,50.76146],[-3.55203,50.74513],[-3.56967,50.74501],[-3.58548,50.74387],[-3.57054,50.76024],[-3.55681,50.75795],[-3.54742,50.77298],[-3.56335,50.77501],[-3.57201,50.78853],[-3.52471,50.787],[-3.52668,50.79753],[-3.505,50.81439],[-3.50737,50.8274],[-3.49675,50.81696],[-3.50252,50.79905],[-3.48075,50.79937],[-3.48331,50.79198],[-3.46082,50.80337],[-3.44333,50.80041],[-3.42973,50.81208],[-3.41039,50.80467],[-3.35996,50.81188],[-3.36762,50.82953],[-3.3559,50.8339],[-3.35701,50.8269],[-3.34357,50.82583],[-3.34817,50.84674],[-3.3283,50.85703],[-3.28142,50.85573],[-3.28268,50.8663],[-3.23306,50.89502],[-3.21756,50.89285],[-3.20732,50.87706],[-3.17616,50.87708],[-3.14418,50.89139],[-3.12634,50.90172],[-3.05242,50.90826],[-3.05479,50.87462],[-3.03263,50.86164],[-3.03681,50.85107],[-2.97358,50.85571],[-2.96983,50.83418],[-2.95432,50.82117],[-2.9613,50.81555],[-2.8928,50.80478],[-2.88664,50.79481],[-2.95433,50.76771],[-2.93506,50.75427],[-2.95307,50.7285],[-2.94745,50.71839],[-2.94776,50.71826],[-2.95258,50.71644],[-3.00342,50.702],[-3.02695,50.69888],[-3.03187,50.69913],[-3.0549,50.70239],[-3.07941,50.70154],[-3.08142,50.70164],[-3.08157,50.70147],[-3.08293,50.70142],[-3.0949,50.68655],[-3.09608,50.68522],[-3.1338,50.68496],[-3.19205,50.68453],[-3.25755,50.67329],[-3.28856,50.6432],[-3.30095,50.63212],[-3.30892,50.64762],[-3.30664,50.62973],[-3.33959,50.62205],[-3.34799,50.62063],[-3.34865,50.61994],[-3.35101,50.61939],[-3.35746,50.61178],[-3.36177,50.60671],[-3.3894,50.61141],[-3.41484,50.61572]]]]}},
{"type":"Feature","properties":{"area_code":"E07000041","area_name":"Exeter"},"geometry":{"type":"MultiPolygon","coordinates":[[[[-3.4524,50.68329],[-3.4511,50.68223],[-3.45145,50.6819],[-3.4524,50.68329]]],[[[-3.46985,50.68223],[-3.46837,50.67765],[-3.49451,50.69281],[-3.53909,50.69292],[-3.56282,50.70695],[-3.56967,50.74501],[-3.55203,50.74513],[-3.51274,50.76146],[-3.46521,50.74502],[-3.47142,50.69881],[-3.45934,50.68896],[-3.45675,50.67686],[-3.45791,50.67575],[-3.46985,50.68223]]]]}},
{"type":"Feature","properties":{"area_code":"E07000042","area_name":"Mid Devon"},"geometry":{"type":"Polygon","coordinates":[[[-3.14418,50.89139],[-3.17616,50.87708],[-3.20732,50.87706],[-3.21756,50.89285],[-3.23306,50.89502],[-3.28268,50.8663],[-3.28142,50.85573],[-3.3283,50.85703],[-3.34817,50.84674],[-3.34357,50.82583],[-3.35701,50.8269],[-3.3559,50.8339],[-3.36762,50.82953],[-3.35996,50.81188],[-3.41039,50.80467],[-3.42973,50.81208],[-3.44333,50.80041],[-3.46082,50.80337],[-3.48331,50.79198],[-3.48075,50.79937],[-3.50252,50.79905],[-3.49675,50.81696],[-3.50737,50.8274],[-3.505,50.81439],[-3.52668,50.79753],[-3.52471,50.787],[-3.57201,50.78853],[-3.56335,50.77501],[-3.54742,50.77298],[-3.55681,50.75795],[-3.57054,50.76024],[-3.58548,50.74387],[-3.60887,50.75422],[-3.61995,50.75099],[-3.67179,50.76397],[-3.68014,50.74993],[-3.70834,50.74873],[-3.72334,50.72815],[-3.73751,50.72353],[-3.72424,50.7156],[-3.73559,50.70318],[-3.76626,50.72756],[-3.8186,50.71696],[-3.8363,50.73217],[-3.80584,50.75901],[-3.82204,50.781],[-3.84557,50.78159],[-3.8359,50.79297],[-3.83908,50.81837],[-3.87775,50.81889],[-3.89967,50.83451],[-3.8843,50.84817],[-3.90354,50.84794],[-3.92593,50.8696],[-3.89857,50.87752],[-3.92025,50.89772],[-3.90416,50.90509],[-3.83002,50.90688],[-3.8168,50.91459],[-3.81691,50.90179],[-3.78332,50.90248],[-3.75358,50.87681],[-3.74481,50.8903],[-3.73468,50.89066],[-3.72806,50.91076],[-3.62749,50.91959],[-3.61263,50.92658],[-3.59612,50.94399],[-3.59785,50.96721],[-3.6197,50.96833],[-3.62882,51.00577],[-3.60512,50.99022],[-3.60321,51.00723],[-3.53505,51.00335],[-3.51888,51.0148],[-3.52043,51.02587],[-3.50427,51.03011],[-3.48337,51.03383],[-3.46019,51.02522],[-3.4213,51.03078],[-3.41417,51.0197],[-3.38049,51.01849],[-3.37866,50.97751],[-3.33367,50.98279],[-3.29385,50.95514],[-3.25483,50.94185],[-3.16648,50.94771],[-3.18787,50.91042],[-3.14418,50.89139]]]}},
{"type":"Feature","properties":{"area_code":"E07000043","area_name":"North Devon"},"geometry":{"type":"Polygon","coordinates":[[[-3.72055,51.23307],[-3.7332,51.22273],[-3.72498,51.17959],[-3.7863,51.17193],[-3.83918,51.17692],[-3.83449,51.13838],[-3.80429,51.11569],[-3.71995,51.08081],[-3.69241,51.08059],[-3.64671,51.05806],[-3.59447,51.05519],[-3.61465,51.01549],[-3.60321,51.00723],[-3.60512,50.99022],[-3.62882,51.00577],[-3.6197,50.96833],[-3.59785,50.96721],[-3.59612,50.94399],[-3.61263,50.92658],[-3.62749,50.91959],[-3.72806,50.91076],[-3.73468,50.89066],[-3.74481,50.8903],[-3.75358,50.87681],[-3.78332,50.90248],[-3.81691,50.90179],[-3.8168,50.91459],[-3.83002,50.90688],[-3.90416,50.90509],[-3.90442,50.9274],[-3.95421,50.91769],[-3.99665,50.92598],[-3.99389,50.94843],[-3.96085,50.95592],[-3.95829,50.98148],[-3.98365,50.98212],[-4.01155,50.96734],[-4.03608,50.9812],[-4.0343,51.00762],[-4.06398,51.01031],[-4.08613,51.00273],[-4.12096,51.01089],[-4.11609,51.0193],[-4.16035,51.01442],[-4.1784,51.02432],[-4.20274,51.02064],[-4.18339,51.04926],[-4.18057,51.06817],[-4.14956,51.08421],[-4.18091,51.07742],[-4.19017,51.06496],[-4.21483,51.07507],[-4.22256,51.1178],[-4.2366,51.12],[-4.24028,51.12106],[-4.23924,51.13334],[-4.24939,51.13761],[-4.25944,51.14184],[-4.26137,51.1429],[-4.22375,51.14425],[-4.21714,51.15037],[-4.21149,51.17831],[-4.2291,51.18858],[-4.21156,51.19015],[-4.20163,51.20029],[-4.18156,51.19796],[-4.1776,51.19741],[-4.17728,51.19746],[-4.17663,51.19763],[-4.11425,51.21161],[-4.09809,51.21088],[-4.09166,51.21666],[-4.08812,51.21745],[-4.03867,51.2067],[-4.02908,51.21576],[-4.02799,51.21638],[-4.00597,51.21728],[-3.95823,51.21922],[-3.95488,51.22053],[-3.95433,51.22056],[-3.94875,51.22293],[-3.92583,51.2319],[-3.92044,51.2307],[-3.89198,51.22381],[-3.8539,51.23451],[-3.85331,51.23465],[-3.81346,51.23114],[-3.81142,51.23231],[-3.81033,51.23223],[-3.78672,51.24619],[-3.76975,51.23767],[-3.72078,51.23309],[-3.72055,51.23307]]]}},
{"type":"Feature","properties":{"area_code":"E07000044","area_name":"South Hams"},"geometry":{"type":"Polygon","coordinates":[[[-3.58425,50.47772],[-3.58688,50.45223],[-3.62507,50.44129],[-3.62804,50.42599],[-3.59905,50.40927],[-3.57985,50.41021],[-3.57478,50.39415],[-3.54426,50.37348],[-3.5077,50.37895],[-3.51793,50.34651],[-3.51927,50.34576],[-3.54006,50.33704],[-3.55128,50.33832],[-3.57108,50.34674],[-3.57351,50.34784],[-3.56492,50.35241],[-3.57608,50.36247],[-3.57623,50.36332],[-3.57064,50.3684],[-3.5778,50.37247],[-3.57826,50.37519],[-3.59471,50.38224],[-3.59371,50.38152],[-3.59499,50.38225],[-3.59229,50.3805],[-3.58059,50.37203],[-3.58443,50.36031],[-3.5785,50.35323],[-3.57794,50.34813],[-3.56391,50.33578],[-3.56358,50.33539],[-3.57243,50.32605],[-3.61205,50.31859],[-3.64197,50.29048],[-3.6421,50.29033],[-3.6592,50.2381],[-3.65862,50.23759],[-3.659,50.23636],[-3.64216,50.22313],[-3.64062,50.22177],[-3.68131,50.2224],[-3.68351,50.22124],[-3.70024,50.21245],[-3.72098,50.20242],[-3.73739,50.21479],[-3.77341,50.22409],[-3.76259,50.23625],[-3.74318,50.24087],[-3.75592,50.23896],[-3.75586,50.23912],[-3.74917,50.25597],[-3.75002,50.25559],[-3.74993,50.25586],[-3.75771,50.25215],[-3.75846,50.25294],[-3.76587,50.2612],[-3.76556,50.26029],[-3.76647,50.26123],[-3.7597,50.24316],[-3.75883,50.24061],[-3.75912,50.24043],[-3.76688,50.24261],[-3.77832,50.23075],[-3.7819,50.2296],[-3.78662,50.21083],[-3.80433,50.21332],[-3.81966,50.21641],[-3.86648,50.23792],[-3.86822,50.23875],[-3.85903,50.24264],[-3.8589,50.24509],[-3.85809,50.26078],[-3.85912,50.26135],[-3.88113,50.2761],[-3.88003,50.28145],[-3.89518,50.28178],[-3.89937,50.28411],[-3.89795,50.28638],[-3.9103,50.29407],[-3.91783,50.29441],[-3.92246,50.297],[-3.94371,50.29592],[-3.94782,50.30475],[-3.94161,50.31446],[-3.95327,50.30834],[-3.95606,50.30794],[-3.96745,50.3078],[-3.99188,50.30749],[-4.01619,50.29925],[-4.04382,50.29525],[-4.07398,50.30372],[-4.0688,50.30566],[-4.03197,50.31425],[-4.119,50.31934],[-4.12297,50.33248],[-4.12305,50.34674],[-4.09062,50.3409],[-4.05294,50.35652],[-4.0502,50.37747],[-4.02706,50.37903],[-4.02117,50.39178],[-4.03965,50.40142],[-4.07151,50.40185],[-4.08267,50.42466],[-4.10954,50.43209],[-4.11349,50.44415],[-4.13566,50.43293],[-4.15586,50.43643],[-4.16948,50.42311],[-4.19023,50.42746],[-4.18555,50.43367],[-4.17388,50.43775],[-4.15497,50.46371],[-4.10857,50.46297],[-4.10727,50.45039],[-4.07779,50.46991],[-4.06024,50.45402],[-4.02378,50.46207],[-4.02305,50.46873],[-4.0079,50.46967],[-3.95597,50.50024],[-3.94579,50.49827],[-3.94878,50.48866],[-3.89898,50.47278],[-3.88024,50.48567],[-3.8926,50.51385],[-3.88916,50.53632],[-3.8756,50.54253],[-3.87128,50.53409],[-3.8446,50.53436],[-3.82721,50.51636],[-3.79924,50.53624],[-3.7995,50.5217],[-3.78476,50.51772],[-3.79177,50.50143],[-3.77589,50.49557],[-3.79827,50.48942],[-3.77667,50.46395],[-3.75886,50.46682],[-3.76828,50.50156],[-3.75634,50.51041],[-3.7374,50.50634],[-3.71167,50.48238],[-3.66992,50.46211],[-3.65549,50.47206],[-3.65893,50.46458],[-3.64524,50.46113],[-3.61384,50.4693],[-3.6031,50.48451],[-3.58425,50.47772]]]}},
{"type":"Feature","properties":{"area_code":"E07000045","area_name":"Teignbridge"},"geometry":{"type":"Polygon","coordinates":[[[-3.58548,50.74387],[-3.56967,50.74501],[-3.56282,50.70695],[-3.53909,50.69292],[-3.49451,50.69281],[-3.46837,50.67765],[-3.46384,50.6637],[-3.46472,50.66111],[-3.46284,50.66061],[-3.44668,50.61071],[-3.44508,50.60561],[-3.44375,50.60164],[-3.42485,50.61087],[-3.42877,50.60773],[-3.46691,50.57796],[-3.46859,50.56305],[-3.47557,50.5577],[-3.49444,50.54398],[-3.4951,50.54272],[-3.49644,50.54169],[-3.5094,50.54631],[-3.50977,50.54286],[-3.49747,50.53818],[-3.50648,50.52089],[-3.50917,50.51661],[-3.52091,50.51768],[-3.52995,50.50459],[-3.56477,50.48697],[-3.56978,50.4907],[-3.58425,50.47772],[-3.6031,50.48451],[-3.61384,50.4693],[-3.64524,50.46113],[-3.65893,50.46458],[-3.65549,50.47206],[-3.66992,50.46211],[-3.71167,50.48238],[-3.7374,50.50634],[-3.75634,50.51041],[-3.76828,50.50156],[-3.75886,50.46682],[-3.77667,50.46395],[-3.79827,50.48942],[-3.77589,50.49557],[-3.79177,50.50143],[-3.78476,50.51772],[-3.7995,50.5217],[-3.79924,50.53624],[-3.82721,50.51636],[-3.8446,50.53436],[-3.87128,50.53409],[-3.8756,50.54253],[-3.86975,50.57114],[-3.88248,50.59672],[-3.84346,50.64708],[-3.80465,50.65591],[-3.812,50.659],[-3.79722,50.67491],[-3.81144,50.69124],[-3.73508,50.6959],[-3.73559,50.70318],[-3.72424,50.7156],[-3.73751,50.72353],[-3.72334,50.72815],[-3.70834,50.74873],[-3.68014,50.74993],[-3.67179,50.76397],[-3.61995,50.75099],[-3.60887,50.75422],[-3.58548,50.74387]]]}},
{"type":"Feature","properties":{"area_code":"E07000046","area_name":"Torridge"},"geometry":{"type":"MultiPolygon","coordinates":[[[[-4.34894,50.68954],[-4.36934,50.70234],[-4.36159,50.71877],[-4.385,50.74775],[-4.38106,50.77054],[-4.39351,50.77825],[-4.41442,50.7744],[-4.40872,50.76242],[-4.42395,50.76455],[-4.45133,50.78565],[-4.4935,50.79291],[-4.44679,50.80822],[-4.44224,50.84696],[-4.43366,50.86551],[-4.42096,50.86609],[-4.46268,50.91349],[-4.45606,50.92887],[-4.54616,50.92881],[-4.54765,50.93206],[-4.54339,50.95034],[-4.54244,50.95172],[-4.53303,50.96538],[-4.53417,50.98989],[-4.52706,51.02034],[-4.52572,51.02229],[-4.42547,51.01368],[-4.4249,51.01337],[-4.39069,50.99458],[-4.34279,50.989],[-4.32146,50.99411],[-4.30729,50.9969],[-4.30644,50.9977],[-4.30067,50.99908],[-4.28242,51.01568],[-4.25825,51.03763],[-4.23817,51.04144],[-4.21756,51.06517],[-4.21005,51.05391],[-4.2054,51.05584],[-4.2102,51.05242],[-4.19915,51.05844],[-4.19816,51.05885],[-4.18339,51.04926],[-4.20274,51.02064],[-4.1784,51.02432],[-4.16035,51.01442],[-4.11609,51.0193],[-4.12096,51.01089],[-4.08613,51.00273],[-4.06398,51.01031],[-4.0343,51.00762],[-4.03608,50.9812],[-4.01155,50.96734],[-3.98365,50.98212],[-3.95829,50.98148],[-3.96085,50.95592],[-3.99389,50.94843],[-3.99665,50.92598],[-3.95421,50.91769],[-3.90442,50.9274],[-3.90416,50.90509],[-3.92025,50.89772],[-3.89857,50.87752],[-3.92593,50.8696],[-3.90354,50.84794],[-3.8843,50.84817],[-3.89967,50.83451],[-3.94041,50.82555],[-3.95892,50.85538],[-3.9954,50.85185],[-3.99502,50.8692],[-4.03632,50.85935],[-4.03995,50.86854],[-4.05198,50.86264],[-4.06868,50.87461],[-4.08993,50.86738],[-4.08541,50.85774],[-4.10313,50.8503],[-4.10288,50.83543],[-4.12872,50.84411],[-4.14074,50.83211],[-4.16402,50.8309],[-4.15824,50.81546],[-4.17721,50.80717],[-4.16876,50.79766],[-4.19077,50.78964],[-4.16642,50.787],[-4.20579,50.77491],[-4.18593,50.7577],[-4.22685,50.74214],[-4.23487,50.71345],[-4.23199,50.69542],[-4.21473,50.68878],[-4.21261,50.67803],[-4.2222,50.67125],[-4.31271,50.66245],[-4.33523,50.64654],[-4.34894,50.68954]]],[[[-4.68057,51.17242],[-4.6774,51.20247],[-4.65324,51.16233],[-4.67092,51.15846],[-4.68057,51.17242]]]]}},
{"type":"Feature","properties":{"area_code":"E07000047","area_name":"West Devon"},"geometry":{"type":"Polygon","coordinates":[[[-3.89967,50.83451],[-3.87775,50.81889],[-3.83908,50.81837],[-3.8359,50.79297],[-3.84557,50.78159],[-3.82204,50.781],[-3.80584,50.75901],[-3.8363,50.73217],[-3.8186,50.71696],[-3.76626,50.72756],[-3.73559,50.70318],[-3.73508,50.6959],[-3.81144,50.69124],[-3.79722,50.67491],[-3.812,50.659],[-3.80465,50.65591],[-3.84346,50.64708],[-3.88248,50.59672],[-3.86975,50.57114],[-3.8756,50.54253],[-3.88916,50.53632],[-3.8926,50.51385],[-3.88024,50.48567],[-3.89898,50.47278],[-3.94878,50.48866],[-3.94579,50.49827],[-3.95597,50.50024],[-4.0079,50.46967],[-4.02305,50.46873],[-4.02378,50.46207],[-4.06024,50.45402],[-4.07779,50.46991],[-4.10727,50.45039],[-4.10857,50.46297],[-4.15497,50.46371],[-4.17388,50.43775],[-4.18555,50.43367],[-4.1851,50.43427],[-4.19897,50.44559],[-4.19929,50.43569],[-4.20025,50.43526],[-4.2152,50.46669],[-4.22945,50.45584],[-4.23853,50.46393],[-4.21808,50.47594],[-4.22087,50.49807],[-4.19936,50.49237],[-4.1807,50.50373],[-4.18575,50.50836],[-4.20279,50.50318],[-4.20731,50.53356],[-4.2323,50.53102],[-4.24789,50.54392],[-4.27153,50.53659],[-4.25929,50.54585],[-4.27952,50.56917],[-4.27115,50.58221],[-4.28587,50.58473],[-4.28614,50.57501],[-4.29133,50.58386],[-4.30692,50.57859],[-4.31163,50.58608],[-4.30032,50.63384],[-4.32559,50.63773],[-4.33523,50.64654],[-4.31271,50.66245],[-4.2222,50.67125],[-4.21261,50.67803],[-4.21473,50.68878],[-4.23199,50.69542],[-4.23487,50.71345],[-4.22685,50.74214],[-4.18593,50.7577],[-4.20579,50.77491],[-4.16642,50.787],[-4.19077,50.78964],[-4.16876,50.79766],[-4.17721,50.80717],[-4.15824,50.81546],[-4.16402,50.8309],[-4.14074,50.83211],[-4.12872,50.84411],[-4.10288,50.83543],[-4.10313,50.8503],[-4.08541,50.85774],[-4.08993,50.86738],[-4.06868,50.87461],[-4.05198,50.86264],[-4.03995,50.86854],[-4.03632,50.85935],[-3.99502,50.8692],[-3.9954,50.85185],[-3.95892,50.85538],[-3.94041,50.82555],[-3.89967,50.83451]]]}},
{"type":"Feature","properties":{"area_code":"E07000061","area_name":"Eastbourne"},"geometry":{"type":"Polygon","coordinates":[[[0.33907,50.79907],[0.30986,50.77669],[0.26642,50.74334],[0.25998,50.7384],[0.20987,50.73842],[0.21642,50.77472],[0.23388,50.79542],[0.22772,50.80087],[0.24588,50.80549],[0.2588,50.79938],[0.26735,50.81056],[0.2769,50.80477],[0.29777,50.81291],[0.33907,50.79907]]]}},
{"type":"Feature","properties":{"area_code":"E07000062","area_name":"Hastings"},"geometry":{"type":"Polygon","coordinates":[[[0.65791,50.86976],[0.64551,50.8667],[0.53193,50.84648],[0.50318,50.84314],[0.50857,50.85087],[0.52119,50.85174],[0.52003,50.87739],[0.53695,50.89482],[0.60373,50.87855],[0.6209,50.88418],[0.65791,50.86976]]]}},
{"type":"Feature","properties":{"area_code":"E07000063","area_name":"Lewes"},"geometry":{"type":"Polygon","coordinates":[[[0.15018,50.75827],[0.14848,50.75884],[0.12214,50.7584],[0.10285,50.76584],[0.06835,50.78182],[0.06157,50.78172],[0.05625,50.78376],[0.05685,50.78165],[0.05589,50.78164],[0.05777,50.77603],[0.03416,50.78182],[-0.01494,50.79384],[-0.03792,50.79945],[-0.016,50.81488],[-0.02043,50.82183],[-0.04597,50.82182],[-0.03684,50.84124],[-0.07344,50.84124],[-0.08493,50.87312],[-0.09752,50.87795],[-0.1218,50.87343],[-0.13528,50.8781],[-0.13501,50.88663],[-0.11973,50.94234],[-0.10417,50.94648],[-0.11521,50.97608],[-0.07362,50.99168],[-0.06159,50.97842],[-0.0246,50.98003],[-0.01641,51.00251],[0.00379,50.99366],[0.01117,50.97762],[0.02729,50.9809],[0.03901,50.96662],[0.05355,50.96785],[0.04823,50.94651],[0.0573,50.92609],[0.12191,50.91528],[0.09188,50.88495],[0.0985,50.86999],[0.11464,50.87068],[0.12733,50.85676],[0.09793,50.82032],[0.11923,50.79423],[0.14369,50.79277],[0.15018,50.75827]]]}},
{"type":"Feature","properties":{"area_code":"E07000064","area_name":"Rother"},"geometry":{"type":"Polygon","coordinates":[[[0.60539,51.01207],[0.66136,51.01779],[0.67696,51.0033],[0.70677,50.9936],[0.74061,51.00068],[0.77896,50.98949],[0.77713,50.97543],[0.78433,50.97723],[0.81294,50.942],[0.8414,50.95761],[0.85597,50.95313],[0.86789,50.93326],[0.8547,50.92373],[0.84445,50.92467],[0.77202,50.93126],[0.77461,50.9276],[0.73189,50.91456],[0.65857,50.86993],[0.65791,50.86976],[0.6209,50.88418],[0.60373,50.87855],[0.53695,50.89482],[0.52003,50.87739],[0.52119,50.85174],[0.50857,50.85087],[0.50318,50.84314],[0.37824,50.82043],[0.37541,50.8406],[0.4412,50.86783],[0.44909,50.87895],[0.4355,50.8939],[0.41608,50.89691],[0.37905,50.88354],[0.3679,50.88795],[0.3743,50.89839],[0.35776,50.9173],[0.36681,50.93298],[0.34269,50.93944],[0.33593,50.95304],[0.34358,50.95915],[0.32402,50.96292],[0.32159,50.99668],[0.32866,51.01288],[0.35401,51.01753],[0.3466,51.0241],[0.36135,51.06528],[0.39577,51.07391],[0.39647,51.0831],[0.41827,51.06263],[0.46327,51.05479],[0.47232,51.03044],[0.5376,51.02167],[0.54191,51.01101],[0.56838,51.00381],[0.60539,51.01207]]]}},
{"type":"Feature","properties":{"area_code":"E07000065","area_name":"Wealden"},"geometry":{"type":"Polygon","coordinates":[[[0.16075,51.13732],[0.1512,51.12383],[0.17163,51.11541],[0.22628,51.12447],[0.24453,51.11488],[0.27567,51.11236],[0.27394,51.12008],[0.32518,51.12292],[0.3347,51.10556],[0.35896,51.10448],[0.35082,51.08407],[0.3739,51.08846],[0.39647,51.0831],[0.39577,51.07391],[0.36135,51.06528],[0.3466,51.0241],[0.35401,51.01753],[0.32866,51.01288],[0.32159,50.99668],[0.32402,50.96292],[0.34358,50.95915],[0.33593,50.95304],[0.34269,50.93944],[0.36681,50.93298],[0.35776,50.9173],[0.3743,50.89839],[0.3679,50.88795],[0.37905,50.88354],[0.41608,50.89691],[0.4355,50.8939],[0.44909,50.87895],[0.4412,50.86783],[0.37541,50.8406],[0.37824,50.82043],[0.37751,50.8203],[0.33922,50.79919],[0.33907,50.79907],[0.29777,50.81291],[0.2769,50.80477],[0.26735,50.81056],[0.2588,50.79938],[0.24588,50.80549],[0.22772,50.80087],[0.23388,50.79542],[0.21642,50.77472],[0.20987,50.73842],[0.15018,50.75827],[0.14369,50.79277],[0.11923,50.79423],[0.09793,50.82032],[0.12733,50.85676],[0.11464,50.87068],[0.0985,50.86999],[0.09188,50.88495],[0.12191,50.91528],[0.0573,50.92609],[0.04823,50.94651],[0.05355,50.96785],[0.03901,50.96662],[0.02729,50.9809],[0.01117,50.97762],[0.00379,50.99366],[-0.01641,51.00251],[-0.02191,51.02651],[-0.00157,51.03575],[-0.003,51.04756],[0.01373,51.05701],[-0.00855,51.05646],[-0.01326,51.07397],[-0.02685,51.07511],[-0.03621,51.09343],[0.01047,51.10218],[0.00951,51.11039],[0.01862,51.10358],[0.04456,51.11064],[0.02815,51.11772],[0.02736,51.13985],[0.05002,51.14265],[0.13312,51.14728],[0.16075,51.13732]]]}},
{"type":"Feature","properties":{"area_code":"E07000066","area_name":"Basildon"},"geometry":{"type":"Polygon","coordinates":[[[0.56248,51.61785],[0.54903,51.59658],[0.56592,51.58825],[0.54285,51.57163],[0.54303,51.53468],[0.51736,51.52983],[0.48484,51.54788],[0.46676,51.54673],[0.46162,51.5537],[0.42769,51.54513],[0.41868,51.55662],[0.39353,51.55765],[0.39186,51.56719],[0.38261,51.56582],[0.37513,51.61517],[0.40233,51.65099],[0.44294,51.64666],[0.44683,51.62667],[0.45896,51.62383],[0.50483,51.62172],[0.51468,51.62697],[0.52082,51.61879],[0.56248,51.61785]]]}},
{"type":"Feature","properties":{"area_code":"E07000067","area_name":"Braintree"},"geometry":{"type":"Polygon","coordinates":[[[0.78147,51.96651],[0.76404,51.95432],[0.74949,51.95469],[0.72623,51.90584],[0.69953,51.90345],[0.72276,51.87879],[0.71641,51.87125],[0.73661,51.87168],[0.75293,51.86313],[0.75034,51.8536],[0.73314,51.84846],[0.74159,51.83968],[0.7119,51.83453],[0.72133,51.83024],[0.70891,51.8189],[0.69727,51.82913],[0.67869,51.81065],[0.65976,51.80568],[0.65117,51.78489],[0.63334,51.77612],[0.6475,51.76151],[0.61861,51.76257],[0.5987,51.75042],[0.59337,51.75545],[0.5721,51.7519],[0.52379,51.80343],[0.53418,51.81092],[0.51926,51.85045],[0.51351,51.8644],[0.46721,51.87866],[0.43302,51.9248],[0.42139,51.9263],[0.43005,51.95382],[0.41248,51.97106],[0.42362,51.97322],[0.42694,51.98676],[0.41384,52.01168],[0.43776,52.01405],[0.43139,52.03893],[0.39403,52.03184],[0.3897,52.03647],[0.37961,52.04956],[0.40464,52.0655],[0.43828,52.07233],[0.45362,52.06815],[0.46667,52.07846],[0.50168,52.05385],[0.51105,52.05983],[0.54226,52.05776],[0.55149,52.06881],[0.58213,52.07585],[0.6569,52.08544],[0.6842,52.08697],[0.71212,52.07224],[0.70318,52.06527],[0.71626,52.04869],[0.6994,52.04844],[0.69651,52.0393],[0.7144,52.02732],[0.74063,52.0312],[0.73853,52.0107],[0.76115,51.99748],[0.75967,51.98543],[0.77463,51.98259],[0.77226,51.97042],[0.78147,51.96651]]]}},
{"type":"Feature","properties":{"area_code":"E07000068","area_name":"Brentwood"},"geometry":{"type":"Polygon","coordinates":[[[0.40233,51.65099],[0.37513,51.61517],[0.38261,51.56582],[0.31304,51.56582],[0.29029,51.5643],[0.26988,51.59957],[0.25401,51.6016],[0.26456,51.60832],[0.25219,51.61777],[0.22409,51.63174],[0.20031,51.62494],[0.1757,51.65579],[0.19299,51.6531],[0.19086,51.65982],[0.20816,51.66097],[0.21503,51.67485],[0.23913,51.67417],[0.23255,51.68385],[0.26538,51.69964],[0.30212,51.68097],[0.32306,51.71417],[0.334,51.71701],[0.34663,51.69391],[0.36055,51.69038],[0.37752,51.69872],[0.4015,51.68242],[0.41256,51.6709],[0.40025,51.66225],[0.40233,51.65099]]]}},
{"type":"Feature","properties":{"area_code":"E07000069","area_name":"Castle Point"},"geometry":{"type":"Polygon","coordinates":[[[0.63208,51.57053],[0.62683,51.53798],[0.61035,51.53523],[0.59411,51.53821],[0.56071,51.54433],[0.59373,51.53154],[0.59879,51.52958],[0.63159,51.52524],[0.61885,51.51985],[0.63688,51.52197],[0.59263,51.51213],[0.57333,51.50783],[0.55357,51.50994],[0.54858,51.51381],[0.54827,51.51551],[0.54635,51.51553],[0.53986,51.52056],[0.52876,51.51829],[0.51736,51.52983],[0.54303,51.53468],[0.54285,51.57163],[0.56592,51.58825],[0.63208,51.57053]]]}},
{"type":"Feature","properties":{"area_code":"E07000070","area_name":"Chelmsford"},"geometry":{"type":"Polygon","coordinates":[[[0.51926,51.85045],[0.53418,51.81092],[0.52379,51.80343],[0.5721,51.7519],[0.59337,51.75545],[0.5895,51.73017],[0.61115,51.72279],[0.60187,51.71023],[0.6126,51.69876],[0.60884,51.68195],[0.61977,51.67534],[0.62871,51.63952],[0.64901,51.6366],[0.58799,51.63087],[0.58692,51.62339],[0.56248,51.61785],[0.52082,51.61879],[0.51468,51.62697],[0.50483,51.62172],[0.45896,51.62383],[0.44683,51.62667],[0.44294,51.64666],[0.40233,51.65099],[0.40025,51.66225],[0.41256,51.6709],[0.4015,51.68242],[0.37752,51.69872],[0.36055,51.69038],[0.34663,51.69391],[0.334,51.71701],[0.34745,51.73044],[0.3467,51.7676],[0.3322,51.77963],[0.34058,51.79448],[0.36262,51.79491],[0.36157,51.80115],[0.38417,51.79707],[0.40003,51.81276],[0.40462,51.80742],[0.41432,51.81424],[0.40352,51.84028],[0.41317,51.85666],[0.42403,51.85416],[0.43106,51.83183],[0.44568,51.82887],[0.51926,51.85045]]]}},
{"type":"Feature","properties":{"area_code":"E07000071","area_name":"Colchester"},"geometry":{"type":"MultiPolygon","coordinates":[[[[0.8981,51.77973],[0.94277,51.80675],[0.96766,51.80867],[1.00585,51.79946],[0.99661,51.79125],[0.94579,51.77473],[0.90225,51.77437],[0.8981,51.77973]]],[[[0.86504,51.78427],[0.86729,51.7829],[0.85799,51.78491],[0.83697,51.77952],[0.80393,51.7897],[0.81593,51.78925],[0.81185,51.79912],[0.77909,51.81156],[0.75423,51.80097],[0.71817,51.79736],[0.71333,51.80846],[0.72166,51.81001],[0.70891,51.8189],[0.72133,51.83024],[0.7119,51.83453],[0.74159,51.83968],[0.73314,51.84846],[0.75034,51.8536],[0.75293,51.86313],[0.73661,51.87168],[0.71641,51.87125],[0.72276,51.87879],[0.69953,51.90345],[0.72623,51.90584],[0.74949,51.95469],[0.76404,51.95432],[0.78147,51.96651],[0.81088,51.9607],[0.82465,51.96855],[0.85024,51.96077],[0.88969,51.97339],[0.92517,51.97619],[0.94291,51.97069],[0.96259,51.97716],[0.97098,51.96241],[0.99871,51.96397],[1.02471,51.9549],[1.00578,51.9356],[0.95763,51.93731],[0.9312,51.91972],[0.95714,51.90365],[0.94881,51.89675],[0.96264,51.89073],[0.95285,51.88031],[0.97832,51.87216],[0.9781,51.85404],[0.96501,51.85133],[0.97967,51.84666],[0.9803,51.84392],[0.98053,51.84081],[0.98232,51.81736],[0.95298,51.82431],[0.98185,51.81197],[0.9297,51.80783],[0.93715,51.80586],[0.90732,51.79922],[0.89848,51.78841],[0.88991,51.77793],[0.86504,51.78427]]]]}},
{"type":"Feature","properties":{"area_code":"E07000072","area_name":"Epping Forest"},"geometry":{"type":"Polygon","coordinates":[[[0.3467,51.7676],[0.34745,51.73044],[0.334,51.71701],[0.32306,51.71417],[0.30212,51.68097],[0.26538,51.69964],[0.23255,51.68385],[0.23913,51.67417],[0.21503,51.67485],[0.20816,51.66097],[0.19086,51.65982],[0.19299,51.6531],[0.1757,51.65579],[0.20031,51.62494],[0.13818,51.62355],[0.07283,51.60469],[0.02182,51.62883],[0.02272,51.64112],[-0.01226,51.64623],[-0.01192,51.68088],[-0.01974,51.70322],[-0.01351,51.74222],[0.00117,51.74506],[0.01403,51.76438],[0.0268,51.77418],[0.05766,51.77967],[0.06384,51.75153],[0.0926,51.73618],[0.10244,51.7463],[0.1474,51.75757],[0.16802,51.78278],[0.14614,51.79624],[0.15831,51.81352],[0.17258,51.8163],[0.16625,51.82215],[0.18844,51.81965],[0.19666,51.79579],[0.23155,51.79516],[0.23768,51.77978],[0.29562,51.79027],[0.29937,51.77186],[0.3467,51.7676]]]}},
{"type":"Feature","properties":{"area_code":"E07000073","area_name":"Harlow"},"geometry":{"type":"Polygon","coordinates":[[[0.05766,51.77967],[0.14614,51.79624],[0.16802,51.78278],[0.1474,51.75757],[0.10244,51.7463],[0.0926,51.73618],[0.06384,51.75153],[0.05766,51.77967]]]}},
{"type":"Feature","properties":{"area_code":"E07000074","area_name":"Maldon"},"geometry":{"type":"MultiPolygon","coordinates":[[[[0.75451,51.72455],[0.77796,51.72657],[0.78775,51.72234],[0.77233,51.71866],[0.75451,51.72455]]],[[[0.72907,51.71835],[0.71046,51.71856],[0.7219,51.73053],[0.72907,51.71835]]],[[[0.76576,51.63795],[0.76471,51.63847],[0.74035,51.63254],[0.64901,51.6366],[0.62871,51.63952],[0.61977,51.67534],[0.60884,51.68195],[0.6126,51.69876],[0.60187,51.71023],[0.61115,51.72279],[0.5895,51.73017],[0.59337,51.75545],[0.5987,51.75042],[0.61861,51.76257],[0.6475,51.76151],[0.63334,51.77612],[0.65117,51.78489],[0.65976,51.80568],[0.67869,51.81065],[0.69727,51.82913],[0.70891,51.8189],[0.72166,51.81001],[0.71333,51.80846],[0.71817,51.79736],[0.75423,51.80097],[0.77909,51.81156],[0.81185,51.79912],[0.81593,51.78925],[0.80393,51.7897],[0.83697,51.77952],[0.85799,51.78491],[0.86729,51.7829],[0.89461,51.7663],[0.86036,51.76885],[0.85743,51.775],[0.84244,51.77291],[0.88271,51.75768],[0.85625,51.7438],[0.84776,51.7403],[0.81369,51.73852],[0.79229,51.74516],[0.78863,51.73665],[0.77674,51.74398],[0.73592,51.72942],[0.71345,51.7376],[0.70545,51.72385],[0.68697,51.73109],[0.71121,51.71349],[0.76919,51.70836],[0.73783,51.6872],[0.75694,51.69073],[0.76696,51.70274],[0.79562,51.70815],[0.79348,51.71808],[0.81972,51.72108],[0.83702,51.71576],[0.86868,51.72231],[0.89408,51.743],[0.89559,51.7432],[0.9216,51.74658],[0.93135,51.74601],[0.95058,51.73078],[0.93934,51.66197],[0.93459,51.63278],[0.90433,51.62242],[0.88786,51.622],[0.85908,51.62124],[0.79457,51.62554],[0.76576,51.63795]]]]}},
{"type":"Feature","properties":{"area_code":"E07000075","area_name":"Rochford"},"geometry":{"type":"MultiPolygon","coordinates":[[[[0.80807,51.58563],[0.83014,51.59597],[0.83749,51.58518],[0.82295,51.56488],[0.80807,51.58563]]],[[[0.78899,51.54244],[0.78669,51.55294],[0.67533,51.57287],[0.63895,51.5768],[0.63208,51.57053],[0.56592,51.58825],[0.54903,51.59658],[0.56248,51.61785],[0.58692,51.62339],[0.58799,51.63087],[0.64901,51.6366],[0.74035,51.63254],[0.76471,51.63847],[0.76576,51.63795],[0.77141,51.63382],[0.78442,51.6243],[0.86575,51.61557],[0.86614,51.59922],[0.82014,51.599],[0.8061,51.60897],[0.81909,51.59758],[0.77615,51.58335],[0.80593,51.58612],[0.79347,51.57633],[0.80806,51.57873],[0.81782,51.562],[0.85068,51.55632],[0.82118,51.54063],[0.81917,51.54221],[0.78899,51.54244]]],[[[0.84646,51.58143],[0.838,51.59362],[0.86683,51.59519],[0.87437,51.61415],[0.88743,51.61516],[0.95752,51.62053],[0.92987,51.59245],[0.88447,51.5685],[0.86637,51.55894],[0.82578,51.56447],[0.84646,51.58143]]]]}},
{"type":"Feature","properties":{"area_code":"E07000076","area_name":"Tendring"},"geometry":{"type":"MultiPolygon","coordinates":[[[[1.03624,51.78265],[1.03762,51.79001],[1.01775,51.80129],[1.0494,51.80141],[1.06303,51.81094],[1.06622,51.81649],[1.0678,51.82109],[1.06358,51.81772],[1.06458,51.81632],[1.05862,51.81127],[1.02617,51.80462],[0.99419,51.81595],[0.98383,51.82839],[0.99149,51.8384],[0.98693,51.84065],[0.9803,51.84392],[0.97967,51.84666],[0.96501,51.85133],[0.9781,51.85404],[0.97832,51.87216],[0.95285,51.88031],[0.96264,51.89073],[0.94881,51.89675],[0.95714,51.90365],[0.9312,51.91972],[0.95763,51.93731],[1.00578,51.9356],[1.02471,51.9549],[1.04771,51.9595],[1.05992,51.95421],[1.06364,51.94846],[1.05392,51.953],[1.06188,51.94595],[1.11944,51.94004],[1.17029,51.94801],[1.1874,51.94075],[1.19945,51.94233],[1.2191,51.94492],[1.22741,51.93947],[1.2462,51.94849],[1.27722,51.93932],[1.29083,51.94874],[1.29612,51.93699],[1.2966,51.93559],[1.28467,51.93667],[1.25342,51.91787],[1.24663,51.89131],[1.23165,51.88743],[1.22601,51.90374],[1.21208,51.89658],[1.22831,51.89054],[1.21252,51.89038],[1.19902,51.88479],[1.20979,51.87849],[1.19467,51.87512],[1.17821,51.87145],[1.19439,51.87114],[1.20778,51.87088],[1.22442,51.88058],[1.21276,51.86995],[1.22849,51.87261],[1.23241,51.85507],[1.23715,51.86197],[1.24929,51.86231],[1.24993,51.85611],[1.25255,51.86376],[1.26997,51.86366],[1.26779,51.8771],[1.29059,51.87297],[1.288,51.86242],[1.27467,51.85084],[1.24913,51.8337],[1.21483,51.81064],[1.14094,51.78037],[1.13216,51.77714],[1.05501,51.76957],[1.04338,51.76971],[1.02924,51.78869],[1.03624,51.78265]]],[[[1.26455,51.87227],[1.2647,51.86396],[1.25141,51.87095],[1.26012,51.87232],[1.26455,51.87227]]],[[[1.25704,51.88373],[1.24456,51.86884],[1.22591,51.87507],[1.22942,51.88143],[1.25704,51.88373]]],[[[1.26221,51.88069],[1.26354,51.87299],[1.25511,51.87453],[1.26221,51.88069]]],[[[1.27209,51.87697],[1.26369,51.88621],[1.27779,51.87934],[1.27209,51.87697]]],[[[1.06605,51.949],[1.06117,51.95367],[1.06882,51.95036],[1.06605,51.949]]]]}},
{"type":"Feature","properties":{"area_code":"E07000077","area_name":"Uttlesford"},"geometry":{"type":"Polygon","coordinates":[[[0.3897,52.03647],[0.39403,52.03184],[0.43139,52.03893],[0.43776,52.01405],[0.41384,52.01168],[0.42694,51.98676],[0.42362,51.97322],[0.41248,51.97106],[0.43005,51.95382],[0.42139,51.9263],[0.43302,51.9248],[0.46721,51.87866],[0.51351,51.8644],[0.51926,51.85045],[0.44568,51.82887],[0.43106,51.83183],[0.42403,51.85416],[0.41317,51.85666],[0.40352,51.84028],[0.41432,51.81424],[0.40462,51.80742],[0.40003,51.81276],[0.38417,51.79707],[0.36157,51.80115],[0.36262,51.79491],[0.34058,51.79448],[0.3322,51.77963],[0.3467,51.7676],[0.29937,51.77186],[0.29562,51.79027],[0.23768,51.77978],[0.23155,51.79516],[0.19666,51.79579],[0.18844,51.81965],[0.16625,51.82215],[0.17047,51.86162],[0.19559,51.86809],[0.17498,51.88281],[0.18385,51.8935],[0.12476,51.88459],[0.12485,51.92361],[0.10701,51.97182],[0.09646,51.98433],[0.06906,51.98404],[0.06813,52.00579],[0.09225,52.02165],[0.10574,52.06026],[0.11908,52.05996],[0.12814,52.04732],[0.15112,52.05285],[0.1664,52.04819],[0.16757,52.055],[0.18992,52.0602],[0.18319,52.07318],[0.20346,52.09267],[0.23521,52.089],[0.25157,52.07679],[0.27623,52.09264],[0.28601,52.09041],[0.32467,52.07278],[0.34596,52.04972],[0.3897,52.03647]]]}},
{"type":"Feature","properties":{"area_code":"E07000078","area_name":"Cheltenham"},"geometry":{"type":"Polygon","coordinates":[[[-2.01022,51.90292],[-2.02525,51.86428],[-2.04728,51.85834],[-2.07076,51.86503],[-2.09752,51.87886],[-2.12776,51.87972],[-2.1262,51.88754],[-2.14242,51.88451],[-2.12468,51.91934],[-2.10962,51.91585],[-2.10325,51.92336],[-2.10657,51.93888],[-2.03994,51.92241],[-2.0379,51.90528],[-2.01022,51.90292]]]}},
{"type":"Feature","properties":{"area_code":"E07000079","area_name":"Cotswold"},"geometry":{"type":"Polygon","coordinates":[[[-1.66575,51.98749],[-1.66253,51.964],[-1.63249,51.95565],[-1.61519,51.93768],[-1.64553,51.92229],[-1.63305,51.89923],[-1.65865,51.89655],[-1.66711,51.877],[-1.68687,51.8655],[-1.67638,51.85031],[-1.68646,51.83446],[-1.68193,51.80399],[-1.71949,51.78321],[-1.7007,51.77058],[-1.68702,51.73988],[-1.69587,51.72354],[-1.688,51.71204],[-1.64825,51.68409],[-1.66846,51.68044],[-1.68306,51.69011],[-1.69683,51.69204],[-1.71106,51.67179],[-1.72755,51.66721],[-1.75379,51.66222],[-1.78862,51.667],[-1.81194,51.70315],[-1.82317,51.67348],[-1.81585,51.66304],[-1.85048,51.65628],[-1.87388,51.68259],[-1.89901,51.67969],[-1.8766,51.6516],[-1.9209,51.65724],[-1.94206,51.67042],[-1.96306,51.65866],[-1.95052,51.63696],[-1.97733,51.63809],[-1.99531,51.65136],[-2.01559,51.65052],[-2.05717,51.67244],[-2.15254,51.59034],[-2.17949,51.60005],[-2.19001,51.5925],[-2.20655,51.59595],[-2.20743,51.6034],[-2.24187,51.59211],[-2.24512,51.58141],[-2.27256,51.57759],[-2.28275,51.57852],[-2.29164,51.5937],[-2.27723,51.61963],[-2.29376,51.63251],[-2.31434,51.62506],[-2.3236,51.63309],[-2.28344,51.66576],[-2.28716,51.68064],[-2.24705,51.67634],[-2.23272,51.66092],[-2.19211,51.65976],[-2.18755,51.6703],[-2.21184,51.68224],[-2.20063,51.69284],[-2.14989,51.68934],[-2.12385,51.70533],[-2.13447,51.72322],[-2.08469,51.72832],[-2.08352,51.73581],[-2.06862,51.73846],[-2.08963,51.74699],[-2.10599,51.74404],[-2.10265,51.76728],[-2.07297,51.76974],[-2.08381,51.78895],[-2.11564,51.79946],[-2.13425,51.81992],[-2.11489,51.82279],[-2.09841,51.85656],[-2.08214,51.85492],[-2.07076,51.86503],[-2.04728,51.85834],[-2.02525,51.86428],[-2.01022,51.90292],[-1.99417,51.91498],[-1.9612,51.90252],[-1.92941,51.9047],[-1.91216,51.8876],[-1.89602,51.8943],[-1.85361,51.89343],[-1.88073,51.89679],[-1.8684,51.90807],[-1.88786,51.91189],[-1.88721,51.92619],[-1.92319,51.93489],[-1.93166,51.95733],[-1.91093,51.96939],[-1.89707,51.96033],[-1.8745,51.9651],[-1.86847,51.98059],[-1.88343,51.98361],[-1.86536,51.99516],[-1.8122,51.98802],[-1.80687,52.00267],[-1.83905,52.00678],[-1.82502,52.03093],[-1.83459,52.04373],[-1.86345,52.05342],[-1.87441,52.06999],[-1.84662,52.07942],[-1.83175,52.07277],[-1.81894,52.0854],[-1.81274,52.07874],[-1.80229,52.09694],[-1.76765,52.11259],[-1.74602,52.09296],[-1.72856,52.10012],[-1.73067,52.0734],[-1.71295,52.06658],[-1.70173,52.07281],[-1.70514,52.05971],[-1.68864,52.05183],[-1.69398,52.03953],[-1.66387,52.03128],[-1.62442,52.03898],[-1.61753,52.03344],[-1.66617,51.99692],[-1.66575,51.98749]]]}},
{"type":"Feature","properties":{"area_code":"E07000080","area_name":"Forest of Dean"},"geometry":{"type":"Polygon","coordinates":[[[-2.35138,52.02136],[-2.35254,52.01354],[-2.32471,52.00357],[-2.32654,51.97579],[-2.31262,51.9765],[-2.30043,51.96678],[-2.27056,51.96894],[-2.26755,51.95319],[-2.2833,51.95181],[-2.29533,51.93323],[-2.28361,51.9233],[-2.29721,51.9029],[-2.28996,51.89434],[-2.31982,51.8885],[-2.3347,51.87574],[-2.31598,51.86086],[-2.34687,51.85451],[-2.35177,51.84622],[-2.3497,51.82974],[-2.36248,51.82271],[-2.35849,51.80756],[-2.34635,51.80266],[-2.35158,51.79596],[-2.37852,51.79463],[-2.41122,51.80565],[-2.42208,51.81858],[-2.45181,51.7964],[-2.44433,51.78404],[-2.41662,51.78512],[-2.39251,51.77727],[-2.3863,51.75809],[-2.40862,51.74984],[-2.43711,51.75733],[-2.47257,51.74093],[-2.50267,51.6933],[-2.54081,51.6824],[-2.57435,51.66375],[-2.61701,51.65573],[-2.64601,51.62598],[-2.63907,51.61004],[-2.63964,51.60972],[-2.65879,51.61632],[-2.65664,51.6228],[-2.66851,51.64563],[-2.68033,51.64755],[-2.66592,51.66432],[-2.6864,51.66316],[-2.65686,51.6745],[-2.67225,51.681],[-2.66917,51.69315],[-2.68379,51.70063],[-2.66844,51.70579],[-2.68754,51.73043],[-2.67223,51.73636],[-2.66269,51.75389],[-2.68045,51.76893],[-2.66981,51.79427],[-2.67854,51.80285],[-2.65954,51.81068],[-2.66087,51.82275],[-2.6504,51.82612],[-2.63671,51.8431],[-2.62547,51.83896],[-2.60122,51.85622],[-2.58282,51.84958],[-2.58064,51.86167],[-2.53162,51.86077],[-2.50862,51.88517],[-2.48779,51.88042],[-2.43936,51.8974],[-2.44818,51.91867],[-2.46604,51.92797],[-2.46549,51.9517],[-2.50091,51.96061],[-2.49224,51.96413],[-2.49491,51.98108],[-2.47099,51.99474],[-2.49198,52.00766],[-2.47893,52.02253],[-2.46408,52.02327],[-2.46326,52.01434],[-2.43655,52.0148],[-2.43729,51.99717],[-2.4132,51.99409],[-2.39902,51.99615],[-2.39289,52.01296],[-2.35138,52.02136]]]}},
{"type":"Feature","properties":{"area_code":"E07000081","area_name":"Gloucester"},"geometry":{"type":"Polygon","coordinates":[[[-2.18768,51.84503],[-2.22336,51.82117],[-2.22749,51.82831],[-2.24934,51.82522],[-2.26286,51.80758],[-2.29909,51.82463],[-2.29823,51.8326],[-2.27927,51.84462],[-2.28783,51.85991],[-2.27429,51.86301],[-2.26787,51.87518],[-2.23805,51.88326],[-2.19912,51.88062],[-2.19639,51.86554],[-2.17726,51.85588],[-2.18768,51.84503]]]}},
{"type":"Feature","properties":{"area_code":"E07000082","area_name":"Stroud"},"geometry":{"type":"Polygon","coordinates":[[[-2.29823,51.8326],[-2.29909,51.82463],[-2.26286,51.80758],[-2.24934,51.82522],[-2.22749,51.82831],[-2.22336,51.82117],[-2.18768,51.84503],[-2.16008,51.82456],[-2.13425,51.81992],[-2.11564,51.79946],[-2.08381,51.78895],[-2.07297,51.76974],[-2.10265,51.76728],[-2.10599,51.74404],[-2.08963,51.74699],[-2.06862,51.73846],[-2.08352,51.73581],[-2.08469,51.72832],[-2.13447,51.72322],[-2.12385,51.70533],[-2.14989,51.68934],[-2.20063,51.69284],[-2.21184,51.68224],[-2.18755,51.6703],[-2.19211,51.65976],[-2.23272,51.66092],[-2.24705,51.67634],[-2.28716,51.68064],[-2.28344,51.66576],[-2.3236,51.63309],[-2.31434,51.62506],[-2.29376,51.63251],[-2.27723,51.61963],[-2.29164,51.5937],[-2.33106,51.5916],[-2.36558,51.60373],[-2.37058,51.59761],[-2.39466,51.59737],[-2.38891,51.62754],[-2.40047,51.63514],[-2.38599,51.63994],[-2.44298,51.65249],[-2.49068,51.64483],[-2.48964,51.66396],[-2.54081,51.6824],[-2.50267,51.6933],[-2.47257,51.74093],[-2.43711,51.75733],[-2.40862,51.74984],[-2.3863,51.75809],[-2.39251,51.77727],[-2.41662,51.78512],[-2.44433,51.78404],[-2.45181,51.7964],[-2.42208,51.81858],[-2.41122,51.80565],[-2.37852,51.79463],[-2.35158,51.79596],[-2.34635,51.80266],[-2.35849,51.80756],[-2.36248,51.82271],[-2.3497,51.82974],[-2.35177,51.84622],[-2.30747,51.84688],[-2.29823,51.8326]]]}},
{"type":"Feature","properties":{"area_code":"E07000083","area_name":"Tewkesbury"},"geometry":{"type":"Polygon","coordinates":[[[-1.83905,52.00678],[-1.80687,52.00267],[-1.8122,51.98802],[-1.86536,51.99516],[-1.88343,51.98361],[-1.86847,51.98059],[-1.8745,51.9651],[-1.89707,51.96033],[-1.91093,51.96939],[-1.93166,51.95733],[-1.92319,51.93489],[-1.88721,51.92619],[-1.88786,51.91189],[-1.8684,51.90807],[-1.88073,51.89679],[-1.85361,51.89343],[-1.89602,51.8943],[-1.91216,51.8876],[-1.92941,51.9047],[-1.9612,51.90252],[-1.99417,51.91498],[-2.01022,51.90292],[-2.0379,51.90528],[-2.03994,51.92241],[-2.10657,51.93888],[-2.10325,51.92336],[-2.10962,51.91585],[-2.12468,51.91934],[-2.14242,51.88451],[-2.1262,51.88754],[-2.12776,51.87972],[-2.09752,51.87886],[-2.07076,51.86503],[-2.08214,51.85492],[-2.09841,51.85656],[-2.11489,51.82279],[-2.13425,51.81992],[-2.16008,51.82456],[-2.18768,51.84503],[-2.17726,51.85588],[-2.19639,51.86554],[-2.19912,51.88062],[-2.23805,51.88326],[-2.26787,51.87518],[-2.27429,51.86301],[-2.28783,51.85991],[-2.27927,51.84462],[-2.29823,51.8326],[-2.30747,51.84688],[-2.35177,51.84622],[-2.34687,51.85451],[-2.31598,51.86086],[-2.3347,51.87574],[-2.31982,51.8885],[-2.28996,51.89434],[-2.29721,51.9029],[-2.28361,51.9233],[-2.29533,51.93323],[-2.2833,51.95181],[-2.26755,51.95319],[-2.27056,51.96894],[-2.25136,51.96656],[-2.22061,51.9955],[-2.18508,51.99056],[-2.18075,51.99962],[-2.16463,51.99614],[-2.18768,52.01908],[-2.17691,52.02256],[-2.18068,52.04173],[-2.17138,52.04757],[-2.11838,52.04211],[-2.11722,52.03361],[-2.1394,52.02789],[-2.14966,52.01126],[-2.14069,51.99946],[-2.1122,52.01534],[-2.08487,52.01048],[-2.06078,52.01468],[-2.04951,52.0038],[-2.03836,52.0046],[-1.98414,52.03588],[-1.95139,52.03773],[-1.93173,52.02996],[-1.91345,52.04446],[-1.83905,52.00678]]]}},
{"type":"Feature","properties":{"area_code":"E07000084","area_name":"Basingstoke and Deane"},"geometry":{"type":"Polygon","coordinates":[[[-0.98612,51.36285],[-0.98674,51.35986],[-0.9946,51.34231],[-0.981,51.33723],[-0.98382,51.30847],[-1.00228,51.29399],[-0.98173,51.28663],[-0.97804,51.27513],[-0.99371,51.24442],[-0.9748,51.23852],[-0.98311,51.23531],[-0.97547,51.22592],[-0.98588,51.19044],[-1.0711,51.18776],[-1.07425,51.16445],[-1.10492,51.16315],[-1.1318,51.14362],[-1.17429,51.13354],[-1.18445,51.14431],[-1.2134,51.15195],[-1.21436,51.15871],[-1.18557,51.16399],[-1.19166,51.18472],[-1.20656,51.1807],[-1.22821,51.19057],[-1.30882,51.19474],[-1.34094,51.18458],[-1.34125,51.20544],[-1.35818,51.21202],[-1.36886,51.20241],[-1.38367,51.2149],[-1.42809,51.22504],[-1.42871,51.23441],[-1.45994,51.25556],[-1.41677,51.28307],[-1.42865,51.30039],[-1.41841,51.32648],[-1.42969,51.33653],[-1.44411,51.35493],[-1.42844,51.35669],[-1.41107,51.37285],[-1.34953,51.36711],[-1.25114,51.37204],[-1.17689,51.35732],[-1.13859,51.35719],[-1.11579,51.36047],[-1.11546,51.37421],[-1.08662,51.38392],[-1.05002,51.35815],[-0.98612,51.36285]]]}},
{"type":"Feature","properties":{"area_code":"E07000085","area_name":"East Hampshire"},"geometry":{"type":"Polygon","coordinates":[[[-0.75933,51.10326],[-0.75348,51.08646],[-0.78079,51.07938],[-0.79776,51.06356],[-0.84285,51.06689],[-0.85281,51.04484],[-0.89699,51.02201],[-0.89335,51.00274],[-0.90786,50.99424],[-0.93185,50.94558],[-0.94211,50.94289],[-0.92401,50.9242],[-0.94025,50.91805],[-0.95758,50.89063],[-0.93861,50.87372],[-0.96361,50.86725],[-0.96044,50.87218],[-1.01868,50.90904],[-1.03412,50.90416],[-1.04848,50.90264],[-1.03569,50.95152],[-1.04617,50.95458],[-1.04524,50.96863],[-1.06337,50.97769],[-1.06951,50.99369],[-1.06234,51.02033],[-1.0745,51.03262],[-1.05374,51.04719],[-1.08168,51.04643],[-1.10854,51.0862],[-1.07207,51.10709],[-1.09393,51.10777],[-1.09504,51.14035],[-1.11202,51.13659],[-1.1318,51.14362],[-1.10492,51.16315],[-1.07425,51.16445],[-1.0711,51.18776],[-0.98588,51.19044],[-0.97376,51.18602],[-0.95118,51.20045],[-0.90431,51.20991],[-0.84891,51.21072],[-0.82544,51.18136],[-0.8342,51.14758],[-0.7984,51.15253],[-0.76928,51.11714],[-0.74553,51.11219],[-0.74927,51.10325],[-0.75933,51.10326]]]}},
{"type":"Feature","properties":{"area_code":"E07000086","area_name":"Eastleigh"},"geometry":{"type":"Polygon","coordinates":[[[-1.26532,50.89798],[-1.28809,50.89566],[-1.30289,50.88357],[-1.3041,50.87856],[-1.31661,50.87567],[-1.31085,50.85065],[-1.31115,50.8494],[-1.36286,50.87876],[-1.32198,50.90095],[-1.33336,50.91988],[-1.35793,50.93073],[-1.35469,50.94102],[-1.37989,50.94752],[-1.37403,50.95398],[-1.39647,50.9685],[-1.39297,51.00436],[-1.35347,50.99816],[-1.34277,50.99089],[-1.34664,50.98134],[-1.32768,50.98012],[-1.32237,50.98765],[-1.29057,50.98287],[-1.29343,50.97415],[-1.25815,50.97834],[-1.29248,50.9487],[-1.26467,50.92627],[-1.26532,50.89798]]]}},
{"type":"Feature","properties":{"area_code":"E07000087","area_name":"Fareham"},"geometry":{"type":"MultiPolygon","coordinates":[[[[-1.31115,50.8494],[-1.31085,50.85065],[-1.31047,50.84902],[-1.31115,50.8494]]],[[[-1.21415,50.8093],[-1.30812,50.84273],[-1.30275,50.87888],[-1.3041,50.87856],[-1.30289,50.88357],[-1.28809,50.89566],[-1.26532,50.89798],[-1.25524,50.8731],[-1.23033,50.86077],[-1.21596,50.87505],[-1.19796,50.8759],[-1.19581,50.885],[-1.16722,50.88943],[-1.15,50.87938],[-1.14319,50.8585],[-1.11585,50.85827],[-1.11415,50.84492],[-1.11771,50.84444],[-1.11307,50.8361],[-1.15274,50.84456],[-1.15448,50.84507],[-1.1749,50.83995],[-1.18911,50.82267],[-1.1796,50.81318],[-1.21379,50.80901],[-1.21415,50.8093]]]]}},
{"type":"Feature","properties":{"area_code":"E07000088","area_name":"Gosport"},"geometry":{"type":"Polygon","coordinates":[[[-1.11231,50.78925],[-1.11374,50.78847],[-1.14007,50.77444],[-1.14192,50.7735],[-1.15039,50.77637],[-1.18971,50.78972],[-1.19855,50.7968],[-1.21379,50.80901],[-1.1796,50.81318],[-1.18911,50.82267],[-1.1749,50.83995],[-1.15239,50.83574],[-1.14988,50.82718],[-1.14947,50.82685],[-1.12382,50.80617],[-1.13683,50.80199],[-1.12374,50.80413],[-1.1193,50.79623],[-1.11752,50.79304],[-1.13443,50.78589],[-1.11231,50.78925]]]}},
{"type":"Feature","properties":{"area_code":"E07000089","area_name":"Hart"},"geometry":{"type":"Polygon","coordinates":[[[-0.83735,51.35287],[-0.77547,51.33196],[-0.7629,51.31873],[-0.77865,51.31749],[-0.79728,51.30392],[-0.80239,51.29276],[-0.79029,51.2822],[-0.80752,51.27529],[-0.80475,51.24506],[-0.84891,51.21072],[-0.90431,51.20991],[-0.95118,51.20045],[-0.97376,51.18602],[-0.98588,51.19044],[-0.97547,51.22592],[-0.98311,51.23531],[-0.9748,51.23852],[-0.99371,51.24442],[-0.97804,51.27513],[-0.98173,51.28663],[-1.00228,51.29399],[-0.98382,51.30847],[-0.981,51.33723],[-0.9946,51.34231],[-0.98674,51.35986],[-0.92369,51.36601],[-0.87786,51.35259],[-0.83735,51.35287]]]}},
{"type":"Feature","properties":{"area_code":"E07000090","area_name":"Havant"},"geometry":{"type":"MultiPolygon","coordinates":[[[[-1.02156,50.78626],[-1.0248,50.79548],[-1.02495,50.79591],[-0.9949,50.79814],[-0.98677,50.82695],[-0.9691,50.83453],[-0.95101,50.82376],[-0.95706,50.80734],[-0.96086,50.81159],[-0.9702,50.81032],[-0.96179,50.80786],[-0.97337,50.80906],[-0.96897,50.80274],[-0.95273,50.80101],[-0.95914,50.79491],[-0.96681,50.78762],[-0.95131,50.78691],[-0.95889,50.78117],[-0.93676,50.7868],[-0.93742,50.77759],[-1.02156,50.78626]]],[[[-1.02428,50.82644],[-1.02264,50.8521],[-1.05401,50.85655],[-1.05462,50.86745],[-1.04738,50.86575],[-1.03502,50.88063],[-1.04913,50.89147],[-1.03412,50.90416],[-1.01868,50.90904],[-0.96044,50.87218],[-0.96361,50.86725],[-0.93861,50.87372],[-0.92645,50.86409],[-0.93448,50.84587],[-0.97446,50.8423],[-0.98142,50.83493],[-1.00119,50.84367],[-1.01991,50.8432],[-1.02413,50.82632],[-1.02428,50.82644]]]]}},
{"type":"Feature","properties":{"area_code":"E07000091","area_name":"New Forest"},"geometry":{"type":"Polygon","coordinates":[[[-1.61975,50.95857],[-1.59008,50.95126],[-1.58407,50.96212],[-1.54453,50.96928],[-1.53108,50.95124],[-1.50997,50.95011],[-1.50308,50.93619],[-1.47733,50.92846],[-1.46531,50.91062],[-1.47872,50.92523],[-1.47346,50.9148],[-1.47632,50.91069],[-1.45114,50.90135],[-1.43258,50.89734],[-1.42185,50.89503],[-1.37685,50.85394],[-1.35271,50.84814],[-1.36051,50.84291],[-1.34948,50.84648],[-1.33457,50.83746],[-1.33653,50.82728],[-1.3193,50.82445],[-1.32559,50.81696],[-1.32575,50.81681],[-1.32603,50.81655],[-1.32323,50.81816],[-1.31457,50.81537],[-1.31552,50.82117],[-1.31233,50.82073],[-1.30851,50.81613],[-1.30955,50.81363],[-1.32315,50.80427],[-1.32469,50.80384],[-1.32774,50.80111],[-1.33277,50.79764],[-1.35259,50.78399],[-1.35389,50.78394],[-1.37503,50.78501],[-1.37953,50.78302],[-1.39961,50.78229],[-1.41297,50.78395],[-1.39267,50.7774],[-1.39971,50.77424],[-1.43415,50.76746],[-1.50271,50.75394],[-1.53528,50.76384],[-1.52593,50.74452],[-1.54186,50.73977],[-1.53107,50.73702],[-1.57954,50.71772],[-1.55148,50.70721],[-1.64105,50.73224],[-1.69188,50.73729],[-1.68182,50.75185],[-1.74417,50.74746],[-1.73896,50.76327],[-1.74885,50.77949],[-1.7855,50.76475],[-1.8039,50.79597],[-1.81189,50.80864],[-1.8034,50.83034],[-1.79061,50.83631],[-1.80247,50.84296],[-1.80711,50.86332],[-1.83001,50.85527],[-1.85354,50.86346],[-1.84856,50.88989],[-1.81654,50.90395],[-1.81066,50.9272],[-1.84184,50.93168],[-1.87364,50.91723],[-1.92084,50.96141],[-1.95547,50.97827],[-1.95682,50.98983],[-1.94994,50.98231],[-1.92788,50.9977],[-1.88674,50.99953],[-1.87448,51.00633],[-1.87398,50.98444],[-1.85338,51.00468],[-1.83581,51.00942],[-1.81542,50.98592],[-1.80031,50.99139],[-1.7544,50.97789],[-1.71962,50.97678],[-1.66166,50.94528],[-1.63496,50.95924],[-1.61975,50.95857]]]}},
{"type":"Feature","properties":{"area_code":"E07000092","area_name":"Rushmoor"},"geometry":{"type":"Polygon","coordinates":[[[-0.73109,51.28036],[-0.72933,51.25611],[-0.74554,51.23046],[-0.77609,51.24196],[-0.80174,51.23904],[-0.80475,51.24506],[-0.80752,51.27529],[-0.79029,51.2822],[-0.80239,51.29276],[-0.79728,51.30392],[-0.77865,51.31749],[-0.7629,51.31873],[-0.74417,51.30929],[-0.73109,51.28036]]]}},
{"type":"Feature","properties":{"area_code":"E07000093","area_name":"Test Valley"},"geometry":{"type":"Polygon","coordinates":[[[-1.4983,51.32938],[-1.42969,51.33653],[-1.41841,51.32648],[-1.42865,51.30039],[-1.41677,51.28307],[-1.45994,51.25556],[-1.42871,51.23441],[-1.42809,51.22504],[-1.38367,51.2149],[-1.36886,51.20241],[-1.35818,51.21202],[-1.34125,51.20544],[-1.34094,51.18458],[-1.30882,51.19474],[-1.33688,51.15911],[-1.3477,51.15952],[-1.37776,51.13633],[-1.37022,51.12914],[-1.40728,51.12048],[-1.40754,51.11113],[-1.43142,51.11679],[-1.43613,51.11238],[-1.43629,51.09789],[-1.41453,51.09569],[-1.41164,51.06971],[-1.41547,51.06267],[-1.44102,51.05735],[-1.45647,51.04097],[-1.44189,51.02517],[-1.39297,51.00436],[-1.39647,50.9685],[-1.37403,50.95398],[-1.37989,50.94752],[-1.40614,50.95613],[-1.42366,50.94723],[-1.44955,50.94991],[-1.47733,50.92846],[-1.50308,50.93619],[-1.50997,50.95011],[-1.53108,50.95124],[-1.54453,50.96928],[-1.58407,50.96212],[-1.59008,50.95126],[-1.61975,50.95857],[-1.60292,50.97852],[-1.61964,50.983],[-1.62888,50.99903],[-1.59734,51.00975],[-1.5994,51.02373],[-1.63238,51.03278],[-1.63494,51.04056],[-1.62773,51.07801],[-1.63731,51.09217],[-1.62625,51.11734],[-1.66298,51.12719],[-1.65404,51.15628],[-1.67237,51.17854],[-1.66884,51.19077],[-1.6941,51.20404],[-1.68969,51.21483],[-1.63354,51.21752],[-1.60743,51.25277],[-1.57764,51.25563],[-1.54516,51.2451],[-1.53603,51.24853],[-1.52982,51.26051],[-1.54051,51.26083],[-1.54258,51.28125],[-1.52281,51.28706],[-1.51951,51.29594],[-1.53356,51.31622],[-1.52751,51.33847],[-1.4983,51.32938]]]}},
{"type":"Feature","properties":{"area_code":"E07000094","area_name":"Winchester"},"geometry":{"type":"Polygon","coordinates":[[[-1.1318,51.14362],[-1.11202,51.13659],[-1.09504,51.14035],[-1.09393,51.10777],[-1.07207,51.10709],[-1.10854,51.0862],[-1.08168,51.04643],[-1.05374,51.04719],[-1.0745,51.03262],[-1.06234,51.02033],[-1.06951,50.99369],[-1.06337,50.97769],[-1.04524,50.96863],[-1.04617,50.95458],[-1.03569,50.95152],[-1.04848,50.90264],[-1.03412,50.90416],[-1.04913,50.89147],[-1.03502,50.88063],[-1.04738,50.86575],[-1.05462,50.86745],[-1.05401,50.85655],[-1.11585,50.85827],[-1.14319,50.8585],[-1.15,50.87938],[-1.16722,50.88943],[-1.19581,50.885],[-1.19796,50.8759],[-1.21596,50.87505],[-1.23033,50.86077],[-1.25524,50.8731],[-1.26532,50.89798],[-1.26467,50.92627],[-1.29248,50.9487],[-1.25815,50.97834],[-1.29343,50.97415],[-1.29057,50.98287],[-1.32237,50.98765],[-1.32768,50.98012],[-1.34664,50.98134],[-1.34277,50.99089],[-1.35347,50.99816],[-1.39297,51.00436],[-1.44189,51.02517],[-1.45647,51.04097],[-1.44102,51.05735],[-1.41547,51.06267],[-1.41164,51.06971],[-1.41453,51.09569],[-1.43629,51.09789],[-1.43613,51.11238],[-1.43142,51.11679],[-1.40754,51.11113],[-1.40728,51.12048],[-1.37022,51.12914],[-1.37776,51.13633],[-1.3477,51.15952],[-1.33688,51.15911],[-1.30882,51.19474],[-1.22821,51.19057],[-1.20656,51.1807],[-1.19166,51.18472],[-1.18557,51.16399],[-1.21436,51.15871],[-1.2134,51.15195],[-1.18445,51.14431],[-1.17429,51.13354],[-1.1318,51.14362]]]}},
{"type":"Feature","properties":{"area_code":"E07000095","area_name":"Broxbourne"},"geometry":{"type":"Polygon","coordinates":[[[0.01403,51.76438],[0.00117,51.74506],[-0.01351,51.74222],[-0.01974,51.70322],[-0.01192,51.68088],[-0.10578,51.69188],[-0.11408,51.72081],[-0.09865,51.73595],[-0.05831,51.7347],[-0.0479,51.76881],[-0.02168,51.77354],[-0.01813,51.78052],[0.00557,51.78007],[0.01403,51.76438]]]}},
{"type":"Feature","properties":{"area_code":"E07000096","area_name":"Dacorum"},"geometry":{"type":"Polygon","coordinates":[[[-0.40486,51.84061],[-0.41628,51.83576],[-0.41411,51.81909],[-0.42883,51.80676],[-0.41197,51.80028],[-0.41337,51.79119],[-0.44058,51.78688],[-0.42283,51.76599],[-0.42208,51.74084],[-0.45008,51.72553],[-0.44026,51.70101],[-0.46411,51.69535],[-0.5155,51.70658],[-0.52427,51.68211],[-0.5487,51.68267],[-0.54402,51.69682],[-0.56321,51.71188],[-0.55041,51.72304],[-0.55365,51.73402],[-0.57488,51.73697],[-0.58638,51.75212],[-0.61294,51.74743],[-0.66966,51.76616],[-0.69019,51.79234],[-0.68539,51.80019],[-0.7093,51.82054],[-0.72365,51.81777],[-0.74525,51.83838],[-0.72027,51.85615],[-0.69639,51.85814],[-0.68677,51.84924],[-0.69545,51.84111],[-0.66719,51.8158],[-0.63294,51.81995],[-0.58183,51.80691],[-0.56066,51.83008],[-0.55363,51.82671],[-0.51973,51.8051],[-0.50228,51.81546],[-0.51119,51.82589],[-0.50182,51.83679],[-0.4712,51.84547],[-0.4783,51.85314],[-0.47042,51.85571],[-0.44752,51.8476],[-0.4215,51.85021],[-0.40486,51.84061]]]}},
{"type":"Feature","properties":{"area_code":"E07000098","area_name":"Hertsmere"},"geometry":{"type":"Polygon","coordinates":[[[-0.25514,51.72954],[-0.23897,51.70614],[-0.21991,51.71372],[-0.18333,51.70652],[-0.16312,51.69986],[-0.16349,51.68812],[-0.18196,51.66868],[-0.19107,51.6639],[-0.20335,51.67013],[-0.21214,51.66135],[-0.25058,51.65606],[-0.25733,51.64183],[-0.30445,51.63635],[-0.31667,51.64054],[-0.36262,51.6235],[-0.37737,51.63773],[-0.37163,51.64343],[-0.38681,51.66323],[-0.36877,51.67833],[-0.37536,51.69251],[-0.372,51.68759],[-0.35532,51.6906],[-0.35411,51.69894],[-0.32686,51.70348],[-0.32233,51.69348],[-0.30002,51.69652],[-0.30198,51.70807],[-0.27695,51.72128],[-0.28641,51.7211],[-0.2843,51.733],[-0.26479,51.73802],[-0.25514,51.72954]]]}},
{"type":"Feature","properties":{"area_code":"E07000099","area_name":"North Hertfordshire"},"geometry":{"type":"Polygon","coordinates":[[[0.06813,52.00579],[0.06906,51.98404],[0.03503,51.98963],[0.00247,51.98305],[-0.00304,51.99345],[-0.02373,51.99717],[-0.03063,51.98381],[-0.0482,51.97945],[-0.04019,51.9677],[-0.06554,51.95685],[-0.07466,51.97116],[-0.10701,51.95396],[-0.11015,51.9419],[-0.12016,51.94219],[-0.11928,51.9283],[-0.14563,51.93399],[-0.16218,51.92034],[-0.18461,51.93241],[-0.22657,51.93011],[-0.23437,51.90525],[-0.2042,51.88014],[-0.1919,51.88292],[-0.17358,51.87533],[-0.16449,51.86183],[-0.17279,51.85659],[-0.19683,51.85938],[-0.20669,51.85426],[-0.19891,51.84415],[-0.21457,51.8396],[-0.20596,51.8464],[-0.21293,51.8514],[-0.22576,51.84454],[-0.22491,51.83323],[-0.24162,51.8353],[-0.24779,51.84623],[-0.27354,51.83536],[-0.3194,51.83665],[-0.33949,51.84961],[-0.35483,51.87401],[-0.3499,51.87871],[-0.37749,51.89843],[-0.38562,51.91568],[-0.40561,51.93245],[-0.3913,51.97702],[-0.37963,51.97796],[-0.38299,51.95182],[-0.3741,51.94777],[-0.35023,51.95758],[-0.34926,51.97117],[-0.36716,51.98376],[-0.31156,51.98211],[-0.29609,52.00219],[-0.28242,52.00156],[-0.27063,51.97962],[-0.24798,51.98508],[-0.24408,51.99902],[-0.20126,52.00982],[-0.21949,52.03674],[-0.19498,52.06242],[-0.17262,52.06021],[-0.15728,52.08055],[-0.14751,52.0694],[-0.15512,52.05306],[-0.13373,52.04623],[-0.12657,52.02092],[-0.01928,52.06354],[0.00408,52.04979],[0.04031,52.05333],[0.06813,52.00579]]]}},
{"type":"Feature","properties":{"area_code":"E07000102","area_name":"Three Rivers"},"geometry":{"type":"Polygon","coordinates":[[[-0.37556,51.69291],[-0.40241,51.70194],[-0.43145,51.68235],[-0.42829,51.67055],[-0.43954,51.67275],[-0.42445,51.65498],[-0.43112,51.6421],[-0.37737,51.63773],[-0.36262,51.6235],[-0.404,51.61318],[-0.44058,51.62007],[-0.45713,51.61229],[-0.49685,51.63173],[-0.5006,51.59969],[-0.52059,51.60184],[-0.53926,51.63804],[-0.53689,51.66062],[-0.52278,51.6584],[-0.52099,51.66805],[-0.50511,51.67308],[-0.52427,51.68211],[-0.5155,51.70658],[-0.46411,51.69535],[-0.44026,51.70101],[-0.45008,51.72553],[-0.42208,51.74084],[-0.40246,51.72116],[-0.40499,51.71254],[-0.38077,51.70699],[-0.37556,51.69291]]]}},
{"type":"Feature","properties":{"area_code":"E07000103","area_name":"Watford"},"geometry":{"type":"Polygon","coordinates":[[[-0.37556,51.69291],[-0.37536,51.69251],[-0.36877,51.67833],[-0.38681,51.66323],[-0.37163,51.64343],[-0.37737,51.63773],[-0.43112,51.6421],[-0.42445,51.65498],[-0.43954,51.67275],[-0.42829,51.67055],[-0.43145,51.68235],[-0.40241,51.70194],[-0.37556,51.69291]]]}},
{"type":"Feature","properties":{"area_code":"E07000105","area_name":"Ashford"},"geometry":{"type":"Polygon","coordinates":[[[0.97328,51.26859],[0.9982,51.25137],[0.98617,51.23587],[1.0054,51.20849],[0.9894,51.19023],[1.00397,51.18005],[0.99844,51.16474],[1.01692,51.1612],[1.00862,51.145],[1.02924,51.13254],[1.01212,51.1172],[0.99559,51.12237],[0.97977,51.11219],[0.98517,51.0976],[0.96735,51.0769],[0.96893,51.06293],[0.94475,51.05487],[0.93427,51.06115],[0.90333,51.05046],[0.89448,51.03699],[0.87044,51.05231],[0.86968,51.04411],[0.85344,51.04315],[0.85481,51.03176],[0.83909,51.03135],[0.83087,51.04937],[0.77896,50.98949],[0.74061,51.00068],[0.70677,50.9936],[0.67696,51.0033],[0.66136,51.01779],[0.60539,51.01207],[0.5935,51.04185],[0.61172,51.06355],[0.64667,51.08328],[0.62938,51.09142],[0.59662,51.09025],[0.59037,51.11134],[0.60902,51.11787],[0.6037,51.13172],[0.63948,51.14129],[0.66455,51.17135],[0.68495,51.1787],[0.68375,51.19113],[0.70978,51.19962],[0.7169,51.21118],[0.74548,51.20933],[0.78246,51.23937],[0.79266,51.23807],[0.79512,51.22853],[0.82217,51.22435],[0.84177,51.2371],[0.85987,51.23084],[0.86349,51.23887],[0.91953,51.2511],[0.92365,51.25939],[0.94912,51.25603],[0.95503,51.27025],[0.97328,51.26859]]]}},
{"type":"Feature","properties":{"area_code":"E07000106","area_name":"Canterbury"},"geometry":{"type":"Polygon","coordinates":[[[1.2501,51.32934],[1.2323,51.33232],[1.23417,51.32613],[1.22055,51.3237],[1.22938,51.31607],[1.20508,51.30081],[1.2,51.29157],[1.21235,51.28269],[1.19482,51.26932],[1.19264,51.25719],[1.21155,51.25243],[1.18555,51.21782],[1.19714,51.21964],[1.22219,51.2074],[1.19458,51.18414],[1.18084,51.19048],[1.16344,51.18421],[1.15363,51.19091],[1.14764,51.17718],[1.11603,51.1878],[1.11815,51.19633],[1.10897,51.18696],[1.0912,51.18902],[1.05826,51.205],[1.04958,51.18499],[1.00397,51.18005],[0.9894,51.19023],[1.0054,51.20849],[0.98617,51.23587],[0.9982,51.25137],[0.97328,51.26859],[1.00597,51.28378],[1.00666,51.30964],[1.01699,51.31293],[0.97196,51.33824],[0.95815,51.33795],[0.95028,51.34576],[1.00562,51.34915],[1.03318,51.36559],[1.15969,51.37473],[1.22418,51.37934],[1.22483,51.37934],[1.22927,51.36515],[1.21287,51.36604],[1.21383,51.35677],[1.2501,51.32934]]]}},
{"type":"Feature","properties":{"area_code":"E07000107","area_name":"Dartford"},"geometry":{"type":"Polygon","coordinates":[[[0.31532,51.46493],[0.31069,51.45304],[0.32633,51.4428],[0.34462,51.39341],[0.33668,51.38654],[0.27489,51.40746],[0.24574,51.40771],[0.23827,51.3963],[0.20753,51.39684],[0.21353,51.40485],[0.19976,51.41798],[0.15293,51.40871],[0.15588,51.43088],[0.16433,51.42858],[0.17285,51.44325],[0.20335,51.45433],[0.22118,51.4788],[0.27487,51.45366],[0.3018,51.46117],[0.31532,51.46493]]]}},
{"type":"Feature","properties":{"area_code":"E07000108","area_name":"Dover"},"geometry":{"type":"Polygon","coordinates":[[[1.2501,51.32934],[1.3453,51.30797],[1.3634,51.31351],[1.37064,51.3118],[1.3798,51.29031],[1.39502,51.25455],[1.4041,51.22631],[1.39923,51.16222],[1.37958,51.14218],[1.34283,51.13096],[1.3428,51.13023],[1.34327,51.12264],[1.34266,51.1269],[1.33928,51.12649],[1.33847,51.12743],[1.32655,51.12497],[1.31912,51.12408],[1.31804,51.12321],[1.31742,51.12308],[1.31757,51.12284],[1.313,51.11919],[1.32284,51.1141],[1.31097,51.11922],[1.32181,51.11418],[1.31366,51.11478],[1.32784,51.11137],[1.31647,51.11222],[1.30168,51.11332],[1.29984,51.11269],[1.29813,51.11211],[1.22656,51.09853],[1.22114,51.09811],[1.21996,51.0975],[1.20437,51.09719],[1.19494,51.10303],[1.19737,51.11815],[1.17155,51.12424],[1.21106,51.15148],[1.20768,51.15683],[1.19066,51.15402],[1.17074,51.16314],[1.161,51.15831],[1.14373,51.16578],[1.14764,51.17718],[1.15363,51.19091],[1.16344,51.18421],[1.18084,51.19048],[1.19458,51.18414],[1.22219,51.2074],[1.19714,51.21964],[1.18555,51.21782],[1.21155,51.25243],[1.19264,51.25719],[1.19482,51.26932],[1.21235,51.28269],[1.2,51.29157],[1.20508,51.30081],[1.22938,51.31607],[1.22055,51.3237],[1.23417,51.32613],[1.2323,51.33232],[1.2501,51.32934]]]}},
{"type":"Feature","properties":{"area_code":"E07000109","area_name":"Gravesham"},"geometry":{"type":"Polygon","coordinates":[[[0.45757,51.45829],[0.48796,51.44328],[0.48924,51.41533],[0.47514,51.41295],[0.46769,51.3983],[0.45185,51.39832],[0.45332,51.39138],[0.43111,51.38803],[0.40128,51.35295],[0.37911,51.33802],[0.38022,51.32984],[0.3416,51.32922],[0.33668,51.38654],[0.34462,51.39341],[0.32633,51.4428],[0.31069,51.45304],[0.31532,51.46493],[0.32526,51.45029],[0.38222,51.44329],[0.44024,51.44742],[0.4593,51.45554],[0.45757,51.45829]]]}},
{"type":"Feature","properties":{"area_code":"E07000110","area_name":"Maidstone"},"geometry":{"type":"Polygon","coordinates":[[[0.6014,51.3333],[0.60442,51.3257],[0.61341,51.33494],[0.63945,51.33676],[0.66432,51.32893],[0.67384,51.29327],[0.71382,51.29941],[0.74363,51.27858],[0.76006,51.27931],[0.74964,51.25864],[0.76196,51.25638],[0.77678,51.26656],[0.79055,51.26178],[0.79266,51.23807],[0.78246,51.23937],[0.74548,51.20933],[0.7169,51.21118],[0.70978,51.19962],[0.68375,51.19113],[0.68495,51.1787],[0.66455,51.17135],[0.63948,51.14129],[0.63255,51.1453],[0.64034,51.15247],[0.6172,51.14828],[0.60186,51.15902],[0.59352,51.1533],[0.57567,51.15611],[0.57931,51.14464],[0.55907,51.13394],[0.56195,51.14326],[0.53311,51.13415],[0.4969,51.14478],[0.46939,51.14307],[0.4677,51.15621],[0.44075,51.17651],[0.4164,51.18055],[0.38425,51.19826],[0.40034,51.19857],[0.4088,51.22167],[0.3787,51.23504],[0.40958,51.25301],[0.43131,51.2491],[0.43253,51.27012],[0.47766,51.27228],[0.49904,51.29678],[0.49252,51.30457],[0.51162,51.30643],[0.52564,51.33472],[0.544,51.3279],[0.56346,51.33874],[0.6014,51.3333]]]}},
{"type":"Feature","properties":{"area_code":"E07000111","area_name":"Sevenoaks"},"geometry":{"type":"Polygon","coordinates":[[[0.33668,51.38654],[0.3416,51.32922],[0.30689,51.34313],[0.30467,51.35081],[0.28577,51.34499],[0.28456,51.32501],[0.26514,51.31364],[0.25845,51.29729],[0.26384,51.25579],[0.24733,51.25529],[0.24701,51.23769],[0.23096,51.23223],[0.22308,51.24491],[0.20054,51.23376],[0.21234,51.2246],[0.20195,51.22055],[0.20792,51.21059],[0.25081,51.20058],[0.22696,51.18415],[0.19097,51.17138],[0.21215,51.15161],[0.18037,51.13179],[0.16075,51.13732],[0.13312,51.14728],[0.05002,51.14265],[0.0526,51.18062],[0.0336,51.21434],[0.05824,51.24778],[0.0424,51.29267],[0.08569,51.29308],[0.08503,51.31602],[0.1179,51.32966],[0.11846,51.34415],[0.13696,51.34417],[0.15206,51.36969],[0.14774,51.3928],[0.16238,51.39249],[0.14887,51.40843],[0.15293,51.40871],[0.19976,51.41798],[0.21353,51.40485],[0.20753,51.39684],[0.23827,51.3963],[0.24574,51.40771],[0.27489,51.40746],[0.33668,51.38654]]]}},
{"type":"Feature","properties":{"area_code":"E07000112","area_name":"Folkestone and Hythe"},"geometry":{"type":"Polygon","coordinates":[[[1.14764,51.17718],[1.14373,51.16578],[1.161,51.15831],[1.17074,51.16314],[1.19066,51.15402],[1.20768,51.15683],[1.21106,51.15148],[1.17155,51.12424],[1.19737,51.11815],[1.19494,51.10303],[1.20437,51.09719],[1.21996,51.0975],[1.2148,51.09479],[1.20589,51.09104],[1.20586,51.09012],[1.18572,51.07957],[1.19491,51.07597],[1.1718,51.07349],[1.13888,51.06998],[1.07359,51.06299],[0.99735,51.02508],[0.99034,51.01319],[0.98593,51.00925],[0.98195,50.99895],[0.96417,50.96876],[0.97136,50.94161],[0.97857,50.91431],[0.97821,50.91312],[0.8547,50.92373],[0.86789,50.93326],[0.85597,50.95313],[0.8414,50.95761],[0.81294,50.942],[0.78433,50.97723],[0.77713,50.97543],[0.77896,50.98949],[0.83087,51.04937],[0.83909,51.03135],[0.85481,51.03176],[0.85344,51.04315],[0.86968,51.04411],[0.87044,51.05231],[0.89448,51.03699],[0.90333,51.05046],[0.93427,51.06115],[0.94475,51.05487],[0.96893,51.06293],[0.96735,51.0769],[0.98517,51.0976],[0.97977,51.11219],[0.99559,51.12237],[1.01212,51.1172],[1.02924,51.13254],[1.00862,51.145],[1.01692,51.1612],[0.99844,51.16474],[1.00397,51.18005],[1.04958,51.18499],[1.05826,51.205],[1.0912,51.18902],[1.10897,51.18696],[1.11815,51.19633],[1.11603,51.1878],[1.14764,51.17718]]]}},
{"type":"Feature","properties":{"area_code":"E07000113","area_name":"Swale"},"geometry":{"type":"MultiPolygon","coordinates":[[[[0.79266,51.23807],[0.79055,51.26178],[0.77678,51.26656],[0.76196,51.25638],[0.74964,51.25864],[0.76006,51.27931],[0.74363,51.27858],[0.71382,51.29941],[0.67384,51.29327],[0.66432,51.32893],[0.63945,51.33676],[0.61341,51.33494],[0.60442,51.3257],[0.6014,51.3333],[0.63491,51.36637],[0.62329,51.36922],[0.62612,51.37881],[0.63246,51.38908],[0.63464,51.38909],[0.62693,51.37473],[0.64802,51.3976],[0.67007,51.3733],[0.68701,51.3918],[0.70317,51.39254],[0.69529,51.37982],[0.71403,51.38417],[0.69635,51.42003],[0.72798,51.42359],[0.73117,51.41898],[0.71627,51.4132],[0.7263,51.39931],[0.76384,51.38205],[0.75595,51.35362],[0.76689,51.36258],[0.81433,51.3583],[0.86593,51.35591],[0.87098,51.35408],[0.89763,51.34441],[0.89565,51.33704],[0.90437,51.34302],[0.95028,51.34576],[0.95815,51.33795],[0.97196,51.33824],[1.01699,51.31293],[1.00666,51.30964],[1.00597,51.28378],[0.97328,51.26859],[0.95503,51.27025],[0.94912,51.25603],[0.92365,51.25939],[0.91953,51.2511],[0.86349,51.23887],[0.85987,51.23084],[0.84177,51.2371],[0.82217,51.22435],[0.79512,51.22853],[0.79266,51.23807]]],[[[0.85834,51.36435],[0.84378,51.36356],[0.80629,51.37218],[0.76618,51.36977],[0.76426,51.38823],[0.73261,51.40034],[0.7215,51.41447],[0.73214,51.40903],[0.7411,51.41346],[0.73547,51.42429],[0.74957,51.44596],[0.82449,51.42562],[0.87509,51.41967],[0.90202,51.41649],[0.95039,51.37221],[0.89717,51.35434],[0.87141,51.36098],[0.85834,51.36435]]],[[[0.66593,51.40628],[0.68297,51.41265],[0.69454,51.39663],[0.67264,51.39841],[0.66593,51.40628]]],[[[0.667,51.42391],[0.68697,51.42228],[0.68783,51.41435],[0.66011,51.41759],[0.667,51.42391]]]]}},
{"type":"Feature","properties":{"area_code":"E07000114","area_name":"Thanet"},"geometry":{"type":"Polygon","coordinates":[[[1.3634,51.31351],[1.3453,51.30797],[1.2501,51.32934],[1.21383,51.35677],[1.21287,51.36604],[1.22927,51.36515],[1.22483,51.37934],[1.31504,51.38035],[1.38297,51.39193],[1.39252,51.39325],[1.42492,51.39379],[1.44205,51.38719],[1.44594,51.35889],[1.44599,51.3585],[1.4459,51.35836],[1.42468,51.32599],[1.42319,51.33137],[1.41458,51.32748],[1.4236,51.32436],[1.3769,51.3296],[1.3634,51.31351]]]}},
{"type":"Feature","properties":{"area_code":"E07000115","area_name":"Tonbridge and Malling"},"geometry":{"type":"Polygon","coordinates":[[[0.52564,51.33472],[0.51162,51.30643],[0.49252,51.30457],[0.49904,51.29678],[0.47766,51.27228],[0.43253,51.27012],[0.43131,51.2491],[0.40958,51.25301],[0.3787,51.23504],[0.4088,51.22167],[0.40034,51.19857],[0.38425,51.19826],[0.36917,51.20162],[0.36751,51.19487],[0.34169,51.19279],[0.30882,51.19996],[0.27731,51.17469],[0.22696,51.18415],[0.25081,51.20058],[0.20792,51.21059],[0.20195,51.22055],[0.21234,51.2246],[0.20054,51.23376],[0.22308,51.24491],[0.23096,51.23223],[0.24701,51.23769],[0.24733,51.25529],[0.26384,51.25579],[0.25845,51.29729],[0.26514,51.31364],[0.28456,51.32501],[0.28577,51.34499],[0.30467,51.35081],[0.30689,51.34313],[0.3416,51.32922],[0.38022,51.32984],[0.37911,51.33802],[0.40128,51.35295],[0.39992,51.34446],[0.41859,51.34791],[0.45349,51.34061],[0.45623,51.36876],[0.50303,51.35472],[0.50585,51.34294],[0.52564,51.33472]]]}},
{"type":"Feature","properties":{"area_code":"E07000116","area_name":"Tunbridge Wells"},"geometry":{"type":"Polygon","coordinates":[[[0.38425,51.19826],[0.4164,51.18055],[0.44075,51.17651],[0.4677,51.15621],[0.46939,51.14307],[0.4969,51.14478],[0.53311,51.13415],[0.56195,51.14326],[0.55907,51.13394],[0.57931,51.14464],[0.57567,51.15611],[0.59352,51.1533],[0.60186,51.15902],[0.6172,51.14828],[0.64034,51.15247],[0.63255,51.1453],[0.63948,51.14129],[0.6037,51.13172],[0.60902,51.11787],[0.59037,51.11134],[0.59662,51.09025],[0.62938,51.09142],[0.64667,51.08328],[0.61172,51.06355],[0.5935,51.04185],[0.60539,51.01207],[0.56838,51.00381],[0.54191,51.01101],[0.5376,51.02167],[0.47232,51.03044],[0.46327,51.05479],[0.41827,51.06263],[0.39647,51.0831],[0.3739,51.08846],[0.35082,51.08407],[0.35896,51.10448],[0.3347,51.10556],[0.32518,51.12292],[0.27394,51.12008],[0.27567,51.11236],[0.24453,51.11488],[0.22628,51.12447],[0.17163,51.11541],[0.1512,51.12383],[0.16075,51.13732],[0.18037,51.13179],[0.21215,51.15161],[0.19097,51.17138],[0.22696,51.18415],[0.27731,51.17469],[0.30882,51.19996],[0.34169,51.19279],[0.36751,51.19487],[0.36917,51.20162],[0.38425,51.19826]]]}},
{"type":"Feature","properties":{"area_code":"E07000117","area_name":"Burnley"},"geometry":{"type":"Polygon","coordinates":[[[-2.11228,53.80571],[-2.12836,53.79903],[-2.12482,53.78806],[-2.13636,53.7801],[-2.13117,53.75154],[-2.17329,53.72301],[-2.23265,53.73764],[-2.25169,53.75504],[-2.2686,53.74228],[-2.29527,53.75199],[-2.31411,53.74704],[-2.34231,53.79483],[-2.31321,53.81247],[-2.30196,53.82108],[-2.29469,53.80844],[-2.26981,53.815],[-2.26107,53.80777],[-2.22397,53.81785],[-2.20754,53.8114],[-2.1961,53.82528],[-2.12862,53.8198],[-2.11228,53.80571]]]}},
{"type":"Feature","properties":{"area_code":"E07000118","area_name":"Chorley"},"geometry":{"type":"Polygon","coordinates":[[[-2.5616,53.7469],[-2.53979,53.70219],[-2.51538,53.69167],[-2.53234,53.6649],[-2.51132,53.62699],[-2.56928,53.5956],[-2.59593,53.61081],[-2.62591,53.59368],[-2.63459,53.60828],[-2.68931,53.6043],[-2.69945,53.6143],[-2.69457,53.62665],[-2.70969,53.61781],[-2.73617,53.62368],[-2.75874,53.61465],[-2.781,53.62347],[-2.79595,53.61596],[-2.82147,53.66263],[-2.82013,53.68714],[-2.7466,53.69271],[-2.73004,53.68621],[-2.73355,53.67428],[-2.71254,53.67133],[-2.70821,53.68153],[-2.65882,53.68069],[-2.65803,53.6907],[-2.6776,53.6937],[-2.67149,53.71081],[-2.65845,53.7177],[-2.65193,53.71196],[-2.62975,53.71729],[-2.61186,53.73857],[-2.57724,53.75115],[-2.5616,53.7469]]]}},
{"type":"Feature","properties":{"area_code":"E07000119","area_name":"Fylde"},"geometry":{"type":"Polygon","coordinates":[[[-2.82599,53.81999],[-2.78053,53.78795],[-2.79861,53.77079],[-2.7939,53.7513],[-2.82552,53.74434],[-2.82765,53.74389],[-2.85574,53.73852],[-2.85683,53.73821],[-2.90358,53.7325],[-2.91098,53.73257],[-2.95302,53.73293],[-2.94166,53.73628],[-2.97657,53.73404],[-3.03884,53.74724],[-3.05685,53.77659],[-3.03282,53.78086],[-3.0288,53.77312],[-2.99648,53.7745],[-3.00389,53.79134],[-2.98336,53.7938],[-2.995,53.81849],[-3.01065,53.82619],[-2.96178,53.82835],[-2.96557,53.84731],[-2.98192,53.85818],[-2.97498,53.86315],[-2.95642,53.86129],[-2.94364,53.85072],[-2.90433,53.86485],[-2.87556,53.85793],[-2.89015,53.84604],[-2.85759,53.84261],[-2.86942,53.83091],[-2.84087,53.83128],[-2.82599,53.81999]]]}},
{"type":"Feature","properties":{"area_code":"E07000120","area_name":"Hyndburn"},"geometry":{"type":"Polygon","coordinates":[[[-2.34231,53.79483],[-2.31411,53.74704],[-2.32615,53.74734],[-2.32577,53.73435],[-2.34418,53.72245],[-2.41099,53.70514],[-2.43387,53.71918],[-2.44007,53.74942],[-2.45178,53.75645],[-2.44632,53.76659],[-2.46581,53.78081],[-2.39674,53.81662],[-2.39851,53.80333],[-2.36995,53.80154],[-2.36557,53.7931],[-2.34231,53.79483]]]}},
{"type":"Feature","properties":{"area_code":"E07000121","area_name":"Lancaster"},"geometry":{"type":"Polygon","coordinates":[[[-2.46086,54.22672],[-2.53398,54.15769],[-2.5605,54.15305],[-2.56474,54.12704],[-2.52401,54.09462],[-2.50953,54.09543],[-2.46435,54.07528],[-2.46955,54.04621],[-2.49226,54.04007],[-2.50142,54.02075],[-2.52731,54.02625],[-2.54711,54.01408],[-2.57219,54.01462],[-2.58065,54.00012],[-2.55753,53.97491],[-2.6169,53.95221],[-2.64304,53.95759],[-2.64822,53.94892],[-2.68792,53.9497],[-2.70205,53.94356],[-2.71566,53.98024],[-2.73524,53.97453],[-2.74148,53.95686],[-2.75537,53.95233],[-2.75787,53.96311],[-2.79642,53.97547],[-2.81365,53.94585],[-2.80369,53.93575],[-2.86437,53.91808],[-2.88524,53.93684],[-2.87965,53.94546],[-2.8852,53.94847],[-2.87043,53.95158],[-2.88678,53.95839],[-2.87144,53.95667],[-2.86193,53.96461],[-2.84501,53.96538],[-2.87184,53.97026],[-2.87925,53.97911],[-2.85609,53.99958],[-2.83274,53.99852],[-2.83219,54.00943],[-2.86053,54.00385],[-2.87145,54.00466],[-2.88104,53.98945],[-2.88398,53.99473],[-2.89793,53.9911],[-2.90342,54.02056],[-2.91743,54.02809],[-2.92426,54.03176],[-2.92273,54.03242],[-2.91242,54.03376],[-2.91954,54.0338],[-2.91757,54.03465],[-2.90608,54.0396],[-2.88245,54.07237],[-2.87017,54.07623],[-2.84718,54.07754],[-2.81959,54.0888],[-2.81436,54.0949],[-2.82561,54.0876],[-2.82695,54.09998],[-2.78499,54.135],[-2.82003,54.12264],[-2.83631,54.15067],[-2.86391,54.15648],[-2.86949,54.17667],[-2.83722,54.17417],[-2.79898,54.19774],[-2.76823,54.18596],[-2.73439,54.18411],[-2.73649,54.16903],[-2.67988,54.16113],[-2.63996,54.20205],[-2.62496,54.19557],[-2.57608,54.1956],[-2.45959,54.23957],[-2.46086,54.22672]]]}},
{"type":"Feature","properties":{"area_code":"E07000122","area_name":"Pendle"},"geometry":{"type":"Polygon","coordinates":[[[-2.04613,53.85014],[-2.04692,53.82951],[-2.06125,53.82564],[-2.11228,53.80571],[-2.12862,53.8198],[-2.1961,53.82528],[-2.20754,53.8114],[-2.22397,53.81785],[-2.26107,53.80777],[-2.26981,53.815],[-2.29469,53.80844],[-2.30196,53.82108],[-2.31321,53.81247],[-2.31714,53.82785],[-2.30257,53.83639],[-2.33364,53.84063],[-2.31793,53.84692],[-2.31912,53.86151],[-2.22432,53.89062],[-2.24584,53.93326],[-2.18452,53.95226],[-2.18228,53.93539],[-2.13222,53.92651],[-2.11335,53.91563],[-2.10302,53.89094],[-2.08145,53.87568],[-2.08991,53.86818],[-2.04613,53.85014]]]}},
{"type":"Feature","properties":{"area_code":"E07000123","area_name":"Preston"},"geometry":{"type":"Polygon","coordinates":[[[-2.59949,53.78147],[-2.63386,53.78238],[-2.62209,53.77088],[-2.65657,53.76056],[-2.66591,53.74852],[-2.67899,53.75304],[-2.71236,53.74823],[-2.73204,53.75764],[-2.7939,53.7513],[-2.79861,53.77079],[-2.78053,53.78795],[-2.82599,53.81999],[-2.79786,53.82459],[-2.80013,53.83314],[-2.77069,53.84042],[-2.75926,53.82637],[-2.73616,53.82345],[-2.74639,53.85103],[-2.70982,53.85364],[-2.68571,53.89094],[-2.64523,53.89376],[-2.62538,53.8803],[-2.62936,53.85999],[-2.6079,53.83877],[-2.62471,53.81556],[-2.59567,53.79664],[-2.59949,53.78147]]]}},
{"type":"Feature","properties":{"area_code":"E07000124","area_name":"Ribble Valley"},"geometry":{"type":"Polygon","coordinates":[[[-2.18452,53.95226],[-2.24584,53.93326],[-2.22432,53.89062],[-2.31912,53.86151],[-2.31793,53.84692],[-2.33364,53.84063],[-2.30257,53.83639],[-2.31714,53.82785],[-2.31321,53.81247],[-2.34231,53.79483],[-2.36557,53.7931],[-2.36995,53.80154],[-2.39851,53.80333],[-2.39674,53.81662],[-2.46581,53.78081],[-2.5513,53.75639],[-2.56427,53.76201],[-2.54554,53.7692],[-2.54751,53.77587],[-2.59949,53.78147],[-2.59567,53.79664],[-2.62471,53.81556],[-2.6079,53.83877],[-2.62936,53.85999],[-2.62538,53.8803],[-2.64523,53.89376],[-2.62515,53.89464],[-2.6134,53.90826],[-2.62644,53.93856],[-2.64822,53.94892],[-2.64304,53.95759],[-2.6169,53.95221],[-2.55753,53.97491],[-2.58065,54.00012],[-2.57219,54.01462],[-2.54711,54.01408],[-2.52731,54.02625],[-2.50142,54.02075],[-2.49226,54.04007],[-2.46955,54.04621],[-2.42583,54.03809],[-2.37407,54.04909],[-2.35732,54.01912],[-2.33956,54.00943],[-2.35231,54.01054],[-2.35236,53.99467],[-2.33992,53.98943],[-2.31915,53.99384],[-2.29432,53.97443],[-2.23035,53.98153],[-2.22106,53.97793],[-2.23202,53.97123],[-2.22574,53.9611],[-2.19602,53.96958],[-2.18452,53.95226]]]}},
{"type":"Feature","properties":{"area_code":"E07000125","area_name":"Rossendale"},"geometry":{"type":"Polygon","coordinates":[[[-2.17329,53.72301],[-2.14633,53.68223],[-2.16135,53.64137],[-2.1854,53.63822],[-2.18241,53.64826],[-2.20523,53.65435],[-2.21773,53.66898],[-2.24588,53.66352],[-2.26987,53.64614],[-2.25677,53.6204],[-2.27179,53.61451],[-2.29527,53.6404],[-2.29899,53.6667],[-2.31676,53.65499],[-2.37124,53.66708],[-2.37442,53.68725],[-2.39835,53.69156],[-2.41099,53.70514],[-2.34418,53.72245],[-2.32577,53.73435],[-2.32615,53.74734],[-2.31411,53.74704],[-2.29527,53.75199],[-2.2686,53.74228],[-2.25169,53.75504],[-2.23265,53.73764],[-2.17329,53.72301]]]}},
{"type":"Feature","properties":{"area_code":"E07000126","area_name":"South Ribble"},"geometry":{"type":"Polygon","coordinates":[[[-2.59949,53.78147],[-2.54751,53.77587],[-2.54554,53.7692],[-2.56427,53.76201],[-2.5513,53.75639],[-2.5616,53.7469],[-2.57724,53.75115],[-2.61186,53.73857],[-2.62975,53.71729],[-2.65193,53.71196],[-2.65845,53.7177],[-2.67149,53.71081],[-2.6776,53.6937],[-2.65803,53.6907],[-2.65882,53.68069],[-2.70821,53.68153],[-2.71254,53.67133],[-2.73355,53.67428],[-2.73004,53.68621],[-2.7466,53.69271],[-2.82013,53.68714],[-2.83313,53.69551],[-2.82398,53.70285],[-2.83242,53.72113],[-2.86807,53.7334],[-2.84832,53.73001],[-2.85491,53.73526],[-2.82552,53.74434],[-2.7939,53.7513],[-2.73204,53.75764],[-2.71236,53.74823],[-2.67899,53.75304],[-2.66591,53.74852],[-2.65657,53.76056],[-2.62209,53.77088],[-2.63386,53.78238],[-2.59949,53.78147]]]}},
{"type":"Feature","properties":{"area_code":"E07000127","area_name":"West Lancashire"},"geometry":{"type":"Polygon","coordinates":[[[-2.82013,53.68714],[-2.82147,53.66263],[-2.79595,53.61596],[-2.781,53.62347],[-2.75874,53.61465],[-2.73617,53.62368],[-2.70969,53.61781],[-2.69457,53.62665],[-2.69945,53.6143],[-2.68931,53.6043],[-2.69335,53.58943],[-2.71922,53.57611],[-2.70482,53.55919],[-2.71793,53.52721],[-2.73052,53.5206],[-2.76887,53.51357],[-2.78248,53.53143],[-2.81674,53.51217],[-2.82496,53.48521],[-2.84442,53.48413],[-2.84984,53.49314],[-2.86515,53.49209],[-2.88799,53.50383],[-2.88172,53.52054],[-2.92301,53.52522],[-2.94789,53.54435],[-2.97761,53.54592],[-2.96296,53.52371],[-2.97583,53.51529],[-3.0467,53.54296],[-3.04039,53.56527],[-3.02262,53.5696],[-3.02071,53.58368],[-3.03599,53.58722],[-3.02882,53.60232],[-2.99789,53.62667],[-2.98182,53.62221],[-2.96726,53.63133],[-2.94014,53.65861],[-2.94679,53.68802],[-2.95622,53.69749],[-2.94153,53.69654],[-2.95511,53.70444],[-2.93365,53.70425],[-2.94817,53.71159],[-2.93828,53.72494],[-2.91551,53.71334],[-2.92935,53.72416],[-2.91086,53.72695],[-2.86807,53.7334],[-2.83242,53.72113],[-2.82398,53.70285],[-2.83313,53.69551],[-2.82013,53.68714]]]}},
{"type":"Feature","properties":{"area_code":"E07000128","area_name":"Wyre"},"geometry":{"type":"Polygon","coordinates":[[[-2.64822,53.94892],[-2.62644,53.93856],[-2.6134,53.90826],[-2.62515,53.89464],[-2.64523,53.89376],[-2.68571,53.89094],[-2.70982,53.85364],[-2.74639,53.85103],[-2.73616,53.82345],[-2.75926,53.82637],[-2.77069,53.84042],[-2.80013,53.83314],[-2.79786,53.82459],[-2.82599,53.81999],[-2.84087,53.83128],[-2.86942,53.83091],[-2.85759,53.84261],[-2.89015,53.84604],[-2.87556,53.85793],[-2.90433,53.86485],[-2.94364,53.85072],[-2.95642,53.86129],[-2.97498,53.86315],[-2.98192,53.85818],[-2.96557,53.84731],[-2.96178,53.82835],[-3.01065,53.82619],[-3.01975,53.8686],[-3.04806,53.87448],[-3.04795,53.87573],[-3.04975,53.92002],[-3.00797,53.92866],[-3.00694,53.90158],[-2.99933,53.92858],[-2.92374,53.95113],[-2.91562,53.94572],[-2.90476,53.9385],[-2.88665,53.94168],[-2.89433,53.94654],[-2.8852,53.94847],[-2.87965,53.94546],[-2.88524,53.93684],[-2.86437,53.91808],[-2.80369,53.93575],[-2.81365,53.94585],[-2.79642,53.97547],[-2.75787,53.96311],[-2.75537,53.95233],[-2.74148,53.95686],[-2.73524,53.97453],[-2.71566,53.98024],[-2.70205,53.94356],[-2.68792,53.9497],[-2.64822,53.94892]]]}},
{"type":"Feature","properties":{"area_code":"E07000129","area_name":"Blaby"},"geometry":{"type":"Polygon","coordinates":[[[-1.18529,52.66064],[-1.19066,52.64039],[-1.20725,52.64259],[-1.21598,52.63453],[-1.16556,52.61308],[-1.17422,52.59293],[-1.15789,52.59082],[-1.16094,52.58253],[-1.1495,52.58102],[-1.14362,52.58803],[-1.13018,52.56225],[-1.1236,52.56891],[-1.09579,52.56555],[-1.08289,52.55658],[-1.05939,52.55893],[-1.07589,52.53887],[-1.12126,52.54519],[-1.18428,52.5275],[-1.20213,52.52744],[-1.23184,52.55538],[-1.30595,52.4934],[-1.32509,52.50104],[-1.31797,52.51512],[-1.33485,52.53302],[-1.33489,52.56019],[-1.32371,52.56779],[-1.30202,52.56139],[-1.27292,52.56597],[-1.26997,52.5748],[-1.2968,52.57982],[-1.29837,52.58587],[-1.27458,52.60098],[-1.27448,52.61617],[-1.25741,52.61625],[-1.26188,52.62821],[-1.24076,52.63362],[-1.2618,52.63707],[-1.2322,52.64075],[-1.19968,52.6644],[-1.18529,52.66064]]]}},
{"type":"Feature","properties":{"area_code":"E07000130","area_name":"Charnwood"},"geometry":{"type":"Polygon","coordinates":[[[-1.03629,52.81588],[-1.04591,52.76603],[-1.03038,52.75619],[-1.01991,52.72698],[-1.00105,52.72366],[-1.01559,52.71082],[-1.00798,52.69639],[-0.94892,52.68038],[-0.96017,52.67311],[-0.98028,52.68185],[-1.01368,52.65508],[-1.04861,52.655],[-1.07508,52.66963],[-1.11881,52.67319],[-1.12922,52.66539],[-1.14326,52.68716],[-1.15725,52.69152],[-1.17807,52.67803],[-1.18529,52.66064],[-1.19968,52.6644],[-1.21214,52.67445],[-1.22695,52.67],[-1.24433,52.68446],[-1.25901,52.68207],[-1.2809,52.69182],[-1.28271,52.71464],[-1.24714,52.73637],[-1.25112,52.74087],[-1.26687,52.74745],[-1.28749,52.73397],[-1.30475,52.74846],[-1.33238,52.75302],[-1.33479,52.7631],[-1.31896,52.78539],[-1.27867,52.78318],[-1.27645,52.80033],[-1.26193,52.81045],[-1.22589,52.79168],[-1.19773,52.78941],[-1.16328,52.80652],[-1.13089,52.80583],[-1.11694,52.81958],[-1.07444,52.82473],[-1.07174,52.81401],[-1.03629,52.81588]]]}},
{"type":"Feature","properties":{"area_code":"E07000131","area_name":"Harborough"},"geometry":{"type":"Polygon","coordinates":[[[-0.80869,52.64613],[-0.80582,52.62069],[-0.82095,52.59645],[-0.79244,52.59761],[-0.76526,52.58247],[-0.75989,52.56491],[-0.73886,52.54888],[-0.74221,52.53949],[-0.71366,52.52496],[-0.75616,52.51099],[-0.77487,52.51828],[-0.79616,52.51637],[-0.86881,52.52695],[-0.88344,52.51397],[-0.88213,52.49317],[-0.89805,52.48692],[-0.8824,52.47128],[-0.90128,52.45976],[-0.94219,52.46777],[-0.95191,52.47742],[-1.00069,52.47094],[-1.04451,52.44575],[-1.03427,52.43629],[-1.04998,52.42221],[-1.08438,52.4363],[-1.12927,52.4161],[-1.14935,52.39704],[-1.18399,52.39217],[-1.20161,52.39673],[-1.30595,52.4934],[-1.23184,52.55538],[-1.20213,52.52744],[-1.18428,52.5275],[-1.12126,52.54519],[-1.07589,52.53887],[-1.05939,52.55893],[-1.08289,52.55658],[-1.07535,52.57473],[-1.04136,52.59801],[-1.06248,52.60425],[-1.07049,52.61807],[-1.04696,52.63462],[-1.04861,52.655],[-1.01368,52.65508],[-0.98028,52.68185],[-0.96017,52.67311],[-0.94892,52.68038],[-0.91605,52.67114],[-0.91193,52.67717],[-0.89336,52.67367],[-0.85555,52.68497],[-0.85874,52.67376],[-0.83398,52.6727],[-0.82955,52.65875],[-0.80953,52.65761],[-0.82227,52.64725],[-0.80869,52.64613]]]}},
{"type":"Feature","properties":{"area_code":"E07000132","area_name":"Hinckley and Bosworth"},"geometry":{"type":"Polygon","coordinates":[[[-1.19968,52.6644],[-1.2322,52.64075],[-1.2618,52.63707],[-1.24076,52.63362],[-1.26188,52.62821],[-1.25741,52.61625],[-1.27448,52.61617],[-1.27458,52.60098],[-1.29837,52.58587],[-1.2968,52.57982],[-1.26997,52.5748],[-1.27292,52.56597],[-1.30202,52.56139],[-1.32371,52.56779],[-1.33489,52.56019],[-1.33485,52.53302],[-1.31797,52.51512],[-1.32509,52.50104],[-1.41734,52.53446],[-1.45999,52.55159],[-1.52287,52.5706],[-1.52716,52.58274],[-1.56076,52.59616],[-1.55445,52.61476],[-1.57135,52.63527],[-1.54452,52.64461],[-1.55177,52.66746],[-1.53682,52.66574],[-1.50236,52.67763],[-1.49401,52.66905],[-1.47702,52.67771],[-1.44574,52.66396],[-1.4242,52.684],[-1.40192,52.67208],[-1.36059,52.67648],[-1.3426,52.6902],[-1.3511,52.69416],[-1.28271,52.71464],[-1.2809,52.69182],[-1.25901,52.68207],[-1.24433,52.68446],[-1.22695,52.67],[-1.21214,52.67445],[-1.19968,52.6644]]]}},
{"type":"Feature","properties":{"area_code":"E07000133","area_name":"Melton"},"geometry":{"type":"Polygon","coordinates":[[[-0.6641,52.75671],[-0.7517,52.73671],[-0.77648,52.74393],[-0.81344,52.72913],[-0.82175,52.71568],[-0.78604,52.69474],[-0.78204,52.66948],[-0.80869,52.64613],[-0.82227,52.64725],[-0.80953,52.65761],[-0.82955,52.65875],[-0.83398,52.6727],[-0.85874,52.67376],[-0.85555,52.68497],[-0.89336,52.67367],[-0.91193,52.67717],[-0.91605,52.67114],[-0.94892,52.68038],[-1.00798,52.69639],[-1.01559,52.71082],[-1.00105,52.72366],[-1.01991,52.72698],[-1.03038,52.75619],[-1.04591,52.76603],[-1.03629,52.81588],[-1.02193,52.82205],[-0.98271,52.82067],[-0.97707,52.84074],[-0.9595,52.84378],[-0.92812,52.86608],[-0.94057,52.87686],[-0.91692,52.87893],[-0.85763,52.90564],[-0.86289,52.91311],[-0.82436,52.94179],[-0.83391,52.94588],[-0.82002,52.96046],[-0.81285,52.95746],[-0.79615,52.97673],[-0.77828,52.97692],[-0.77844,52.95931],[-0.75495,52.94956],[-0.77686,52.90481],[-0.75847,52.90049],[-0.76659,52.8868],[-0.74272,52.88316],[-0.68225,52.81216],[-0.6641,52.75671]]]}},
{"type":"Feature","properties":{"area_code":"E07000134","area_name":"North West Leicestershire"},"geometry":{"type":"Polygon","coordinates":[[[-1.26193,52.81045],[-1.27645,52.80033],[-1.27867,52.78318],[-1.31896,52.78539],[-1.33479,52.7631],[-1.33238,52.75302],[-1.30475,52.74846],[-1.28749,52.73397],[-1.26687,52.74745],[-1.25112,52.74087],[-1.24714,52.73637],[-1.28271,52.71464],[-1.3511,52.69416],[-1.3426,52.6902],[-1.36059,52.67648],[-1.40192,52.67208],[-1.4242,52.684],[-1.44574,52.66396],[-1.47702,52.67771],[-1.49401,52.66905],[-1.50236,52.67763],[-1.53682,52.66574],[-1.55177,52.66746],[-1.58965,52.68726],[-1.59754,52.70042],[-1.55004,52.72032],[-1.54464,52.73169],[-1.56249,52.75059],[-1.55279,52.76333],[-1.50498,52.76761],[-1.49398,52.75905],[-1.46845,52.76688],[-1.45588,52.77709],[-1.46278,52.78686],[-1.44239,52.79298],[-1.44356,52.80274],[-1.4177,52.80162],[-1.38794,52.8331],[-1.39432,52.83677],[-1.36121,52.85519],[-1.35117,52.85329],[-1.34486,52.86753],[-1.32533,52.86598],[-1.31931,52.87287],[-1.26789,52.87337],[-1.27436,52.83613],[-1.26193,52.81045]]]}},
{"type":"Feature","properties":{"area_code":"E07000135","area_name":"Oadby and Wigston"},"geometry":{"type":"Polygon","coordinates":[[[-1.08289,52.55658],[-1.09579,52.56555],[-1.1236,52.56891],[-1.13018,52.56225],[-1.14362,52.58803],[-1.12017,52.59754],[-1.10365,52.59591],[-1.09661,52.61649],[-1.07049,52.61807],[-1.06248,52.60425],[-1.04136,52.59801],[-1.07535,52.57473],[-1.08289,52.55658]]]}},
{"type":"Feature","properties":{"area_code":"E07000136","area_name":"Boston"},"geometry":{"type":"Polygon","coordinates":[[[0.19958,53.03265],[0.15143,53.00811],[0.08404,52.93913],[0.0817,52.93672],[0.07903,52.93398],[0.04189,52.93271],[0.07838,52.93203],[0.04559,52.91571],[0.02713,52.89849],[-0.04035,52.86845],[-0.08479,52.86455],[-0.11858,52.88238],[-0.14265,52.88491],[-0.15659,52.91209],[-0.24671,52.92883],[-0.18989,52.99641],[-0.22495,53.03],[-0.21094,53.06994],[-0.19612,53.06956],[-0.11589,53.01064],[-0.00706,53.00112],[0.04523,53.03007],[0.0362,53.0695],[0.08749,53.07165],[0.13708,53.08669],[0.14971,53.05738],[0.19289,53.03768],[0.19958,53.03265]]]}},
{"type":"Feature","properties":{"area_code":"E07000137","area_name":"East Lindsey"},"geometry":{"type":"Polygon","coordinates":[[[0.19958,53.03265],[0.19289,53.03768],[0.14971,53.05738],[0.13708,53.08669],[0.08749,53.07165],[0.0362,53.0695],[0.04523,53.03007],[-0.00706,53.00112],[-0.11589,53.01064],[-0.19612,53.06956],[-0.1966,53.08344],[-0.21932,53.09625],[-0.22624,53.1249],[-0.28965,53.17937],[-0.30226,53.21043],[-0.276,53.23418],[-0.28024,53.24976],[-0.30043,53.26209],[-0.28982,53.26399],[-0.30083,53.26397],[-0.3019,53.27534],[-0.31644,53.27947],[-0.31746,53.29825],[-0.29557,53.30298],[-0.31026,53.32],[-0.29331,53.33448],[-0.27552,53.32183],[-0.25525,53.33004],[-0.2559,53.34414],[-0.20487,53.37189],[-0.22939,53.39806],[-0.20602,53.40844],[-0.21447,53.42864],[-0.18052,53.4407],[-0.13188,53.43594],[-0.12034,53.43356],[-0.08221,53.45115],[-0.10782,53.46986],[-0.0898,53.47768],[-0.09549,53.48599],[-0.07526,53.48934],[-0.06505,53.51874],[-0.0148,53.51537],[0.01417,53.52762],[0.01727,53.52536],[0.04738,53.51466],[0.03776,53.52672],[0.08824,53.51489],[0.07961,53.50333],[0.09314,53.49396],[0.10863,53.48881],[0.11332,53.48725],[0.11785,53.49324],[0.10937,53.50377],[0.10895,53.50429],[0.10939,53.50416],[0.13631,53.4957],[0.12858,53.48459],[0.14384,53.48197],[0.14748,53.49413],[0.16357,53.48214],[0.16762,53.47707],[0.16803,53.47656],[0.16556,53.47711],[0.15736,53.47893],[0.15933,53.47722],[0.19142,53.44939],[0.18505,53.4435],[0.20073,53.43632],[0.1878,53.43771],[0.21247,53.42139],[0.18954,53.41732],[0.21058,53.41697],[0.20135,53.41515],[0.20635,53.40999],[0.21193,53.41601],[0.20811,53.41051],[0.21754,53.41345],[0.22836,53.40587],[0.24255,53.37296],[0.28848,53.31277],[0.32133,53.26714],[0.35563,53.19206],[0.34265,53.11414],[0.33986,53.09729],[0.32834,53.08945],[0.31247,53.08916],[0.241,53.04676],[0.19958,53.03265]]]}},
{"type":"Feature","properties":{"area_code":"E07000138","area_name":"Lincoln"},"geometry":{"type":"Polygon","coordinates":[[[-0.49512,53.22526],[-0.53024,53.2175],[-0.53958,53.20395],[-0.54884,53.20586],[-0.55284,53.18633],[-0.56443,53.187],[-0.61974,53.20806],[-0.61567,53.22191],[-0.57073,53.22961],[-0.59511,53.24517],[-0.51429,53.25398],[-0.49601,53.24719],[-0.49512,53.22526]]]}},
{"type":"Feature","properties":{"area_code":"E07000139","area_name":"North Kesteven"},"geometry":{"type":"Polygon","coordinates":[[[-0.59511,53.24517],[-0.57073,53.22961],[-0.61567,53.22191],[-0.61974,53.20806],[-0.56443,53.187],[-0.55284,53.18633],[-0.54884,53.20586],[-0.53958,53.20395],[-0.53024,53.2175],[-0.49512,53.22526],[-0.38187,53.23196],[-0.35243,53.22792],[-0.3194,53.18495],[-0.28965,53.17937],[-0.22624,53.1249],[-0.21932,53.09625],[-0.1966,53.08344],[-0.19612,53.06956],[-0.21094,53.06994],[-0.22495,53.03],[-0.18989,52.99641],[-0.24671,52.92883],[-0.2565,52.90588],[-0.32283,52.91753],[-0.35789,52.91565],[-0.36582,52.89793],[-0.43734,52.887],[-0.44533,52.90057],[-0.46976,52.90119],[-0.48921,52.91347],[-0.49398,52.92074],[-0.47949,52.93142],[-0.49415,52.95385],[-0.51001,52.94757],[-0.51785,52.96029],[-0.5541,52.95443],[-0.54316,52.97174],[-0.52617,52.96939],[-0.52281,53.04964],[-0.58494,53.04568],[-0.68989,53.05976],[-0.70593,53.052],[-0.7162,53.05906],[-0.71347,53.06605],[-0.69513,53.06629],[-0.72962,53.0979],[-0.71676,53.11618],[-0.73241,53.1278],[-0.71538,53.13688],[-0.71816,53.17729],[-0.76402,53.18258],[-0.73057,53.21076],[-0.71475,53.20761],[-0.69762,53.22024],[-0.67587,53.21764],[-0.66658,53.2397],[-0.64846,53.24341],[-0.64838,53.25317],[-0.62248,53.25813],[-0.59511,53.24517]]]}},
{"type":"Feature","properties":{"area_code":"E07000140","area_name":"South Holland"},"geometry":{"type":"Polygon","coordinates":[[[0.02713,52.89849],[0.06855,52.91873],[0.06509,52.90461],[0.08,52.90137],[0.11372,52.89404],[0.17633,52.87412],[0.21427,52.82895],[0.19721,52.82975],[0.21508,52.82848],[0.21492,52.82285],[0.20437,52.78157],[0.21681,52.82088],[0.2672,52.81598],[0.24508,52.78452],[0.27221,52.77281],[0.18632,52.73535],[0.17163,52.73803],[0.13298,52.7393],[0.08901,52.72363],[0.06363,52.72739],[0.04415,52.71438],[0.04857,52.6814],[0.0215,52.66489],[-0.03127,52.66153],[-0.06371,52.67523],[-0.08775,52.66679],[-0.1022,52.67221],[-0.14106,52.65151],[-0.18002,52.66056],[-0.19287,52.65244],[-0.2125,52.66668],[-0.26718,52.69909],[-0.30668,52.74344],[-0.26067,52.77102],[-0.27633,52.8612],[-0.27089,52.87211],[-0.25703,52.86719],[-0.26952,52.87696],[-0.2565,52.90588],[-0.24671,52.92883],[-0.15659,52.91209],[-0.14265,52.88491],[-0.11858,52.88238],[-0.08479,52.86455],[-0.04035,52.86845],[0.02713,52.89849]]]}},
{"type":"Feature","properties":{"area_code":"E07000141","area_name":"South Kesteven"},"geometry":{"type":"Polygon","coordinates":[[[-0.2565,52.90588],[-0.26952,52.87696],[-0.25703,52.86719],[-0.27089,52.87211],[-0.27633,52.8612],[-0.26067,52.77102],[-0.30668,52.74344],[-0.26718,52.69909],[-0.2125,52.66668],[-0.26075,52.65142],[-0.28924,52.67028],[-0.33504,52.67487],[-0.35022,52.66161],[-0.40568,52.64805],[-0.45269,52.65428],[-0.49477,52.64031],[-0.49503,52.64024],[-0.52359,52.66523],[-0.50667,52.65953],[-0.45619,52.67039],[-0.43405,52.68371],[-0.43044,52.70542],[-0.49453,52.70965],[-0.54243,52.72328],[-0.53997,52.7384],[-0.57264,52.75311],[-0.60544,52.75049],[-0.61029,52.75982],[-0.6641,52.75671],[-0.68225,52.81216],[-0.74272,52.88316],[-0.76659,52.8868],[-0.75847,52.90049],[-0.77686,52.90481],[-0.75495,52.94956],[-0.77844,52.95931],[-0.77828,52.97692],[-0.80409,53.01251],[-0.79582,53.0106],[-0.78841,53.02585],[-0.76083,53.02941],[-0.74955,53.05512],[-0.7162,53.05906],[-0.70593,53.052],[-0.68989,53.05976],[-0.58494,53.04568],[-0.52281,53.04964],[-0.52617,52.96939],[-0.54316,52.97174],[-0.5541,52.95443],[-0.51785,52.96029],[-0.51001,52.94757],[-0.49415,52.95385],[-0.47949,52.93142],[-0.49398,52.92074],[-0.48921,52.91347],[-0.46976,52.90119],[-0.44533,52.90057],[-0.43734,52.887],[-0.36582,52.89793],[-0.35789,52.91565],[-0.32283,52.91753],[-0.2565,52.90588]]]}},
{"type":"Feature","properties":{"area_code":"E07000142","area_name":"West Lindsey"},"geometry":{"type":"Polygon","coordinates":[[[-0.29212,53.61327],[-0.24848,53.59366],[-0.2514,53.58465],[-0.23467,53.58625],[-0.22256,53.56802],[-0.19519,53.57162],[-0.18934,53.56592],[-0.21988,53.53261],[-0.21059,53.53171],[-0.20409,53.51177],[-0.2106,53.48629],[-0.18857,53.48454],[-0.1818,53.46865],[-0.15368,53.46568],[-0.14923,53.4467],[-0.13188,53.43594],[-0.18052,53.4407],[-0.21447,53.42864],[-0.20602,53.40844],[-0.22939,53.39806],[-0.20487,53.37189],[-0.2559,53.34414],[-0.25525,53.33004],[-0.27552,53.32183],[-0.29331,53.33448],[-0.31026,53.32],[-0.29557,53.30298],[-0.31746,53.29825],[-0.31644,53.27947],[-0.3019,53.27534],[-0.30083,53.26397],[-0.28982,53.26399],[-0.30043,53.26209],[-0.28024,53.24976],[-0.276,53.23418],[-0.30226,53.21043],[-0.28965,53.17937],[-0.3194,53.18495],[-0.35243,53.22792],[-0.38187,53.23196],[-0.49512,53.22526],[-0.49601,53.24719],[-0.51429,53.25398],[-0.59511,53.24517],[-0.62248,53.25813],[-0.64838,53.25317],[-0.64846,53.24341],[-0.66658,53.2397],[-0.68803,53.25839],[-0.73415,53.254],[-0.73508,53.24387],[-0.77707,53.24691],[-0.76428,53.27274],[-0.77813,53.28385],[-0.7635,53.29944],[-0.75097,53.2936],[-0.74714,53.30433],[-0.74996,53.32422],[-0.76647,53.33011],[-0.75862,53.35384],[-0.77446,53.36443],[-0.79113,53.36355],[-0.77524,53.37776],[-0.79044,53.38585],[-0.77714,53.39691],[-0.78862,53.41526],[-0.81809,53.42698],[-0.82052,53.44075],[-0.79748,53.45506],[-0.78436,53.46338],[-0.78439,53.47667],[-0.77157,53.4792],[-0.76811,53.49893],[-0.75211,53.50053],[-0.73959,53.51994],[-0.62449,53.51284],[-0.62975,53.45822],[-0.55179,53.45952],[-0.47175,53.47487],[-0.48663,53.48047],[-0.48838,53.50486],[-0.40507,53.51762],[-0.40815,53.53211],[-0.43066,53.54634],[-0.50123,53.53746],[-0.49093,53.54587],[-0.46702,53.54896],[-0.429,53.57452],[-0.41696,53.56321],[-0.33594,53.55863],[-0.30074,53.59528],[-0.30856,53.61433],[-0.29212,53.61327]]]}},
{"type":"Feature","properties":{"area_code":"E07000143","area_name":"Breckland"},"geometry":{"type":"Polygon","coordinates":[[[0.9936,52.79836],[1.00024,52.76579],[1.04477,52.76904],[1.05109,52.75041],[1.08024,52.74096],[1.08855,52.72319],[1.1052,52.71469],[1.08425,52.70254],[1.10832,52.68252],[1.0977,52.64976],[1.07899,52.64874],[1.07465,52.63817],[1.05443,52.66333],[1.0431,52.64651],[1.02355,52.63975],[1.01887,52.61575],[1.0369,52.6158],[1.03949,52.58817],[0.96378,52.59464],[0.95371,52.58494],[0.96219,52.58118],[0.94703,52.57583],[0.97351,52.55479],[1.03379,52.53747],[1.0614,52.53718],[1.09529,52.51832],[1.07895,52.50701],[1.09465,52.46028],[1.07315,52.45476],[1.05714,52.42009],[1.0428,52.42565],[1.02127,52.41638],[1.0341,52.41578],[1.02142,52.40597],[1.02996,52.37874],[0.96747,52.37011],[0.93023,52.38884],[0.86687,52.39035],[0.84093,52.4008],[0.80817,52.38952],[0.76597,52.39036],[0.7474,52.38319],[0.73759,52.39514],[0.69077,52.39753],[0.6685,52.40897],[0.71865,52.44971],[0.68397,52.45316],[0.66632,52.46251],[0.64183,52.45096],[0.5825,52.45186],[0.61337,52.53163],[0.57983,52.55957],[0.53662,52.5658],[0.53052,52.57609],[0.56418,52.59647],[0.57851,52.65352],[0.56218,52.6553],[0.56474,52.67159],[0.55098,52.68052],[0.61199,52.69997],[0.62602,52.70181],[0.64775,52.69068],[0.65376,52.70406],[0.68778,52.69793],[0.71103,52.70901],[0.71823,52.72179],[0.70113,52.73619],[0.66813,52.74056],[0.68873,52.75197],[0.69008,52.77003],[0.70794,52.78847],[0.79583,52.7691],[0.83944,52.81113],[0.86542,52.80743],[0.89079,52.79072],[0.91765,52.80331],[0.93844,52.78797],[0.93684,52.79558],[0.96766,52.80774],[0.9936,52.79836]]]}},
{"type":"Feature","properties":{"area_code":"E07000144","area_name":"Broadland"},"geometry":{"type":"Polygon","coordinates":[[[1.25108,52.82052],[1.25459,52.81345],[1.27413,52.81882],[1.28888,52.80467],[1.3082,52.80681],[1.31479,52.7797],[1.35701,52.74627],[1.38766,52.74001],[1.39733,52.72911],[1.4059,52.73251],[1.40244,52.7157],[1.42399,52.70346],[1.41857,52.6919],[1.43445,52.68957],[1.44143,52.70145],[1.46096,52.70566],[1.47397,52.68931],[1.48811,52.69328],[1.49489,52.68717],[1.51194,52.69003],[1.51225,52.68164],[1.51894,52.68697],[1.54921,52.68154],[1.56808,52.63785],[1.59048,52.63823],[1.60533,52.62402],[1.64421,52.63041],[1.67717,52.61402],[1.64198,52.60423],[1.63101,52.5925],[1.64681,52.58909],[1.62302,52.57423],[1.60753,52.57403],[1.60361,52.57005],[1.59181,52.55804],[1.54058,52.55559],[1.52241,52.56271],[1.51844,52.57583],[1.49779,52.57132],[1.48468,52.58778],[1.45454,52.59456],[1.4347,52.62006],[1.41363,52.62117],[1.40033,52.612],[1.38953,52.60455],[1.38907,52.60499],[1.36933,52.62411],[1.36178,52.62396],[1.32817,52.62325],[1.32529,52.62318],[1.34057,52.64971],[1.32298,52.64502],[1.2926,52.65493],[1.30018,52.67686],[1.29233,52.68494],[1.28295,52.67734],[1.26286,52.67741],[1.28426,52.65764],[1.24851,52.64774],[1.23419,52.66808],[1.21828,52.67281],[1.2051,52.66002],[1.19074,52.67854],[1.17376,52.66517],[1.1473,52.67137],[1.13524,52.64286],[1.0977,52.64976],[1.10832,52.68252],[1.08425,52.70254],[1.1052,52.71469],[1.08855,52.72319],[1.08024,52.74096],[1.05109,52.75041],[1.04477,52.76904],[1.00024,52.76579],[0.9936,52.79836],[1.02228,52.80003],[1.03526,52.81183],[1.0879,52.81585],[1.10179,52.82934],[1.1496,52.8121],[1.14527,52.82391],[1.15645,52.8217],[1.1726,52.83061],[1.19339,52.81532],[1.21439,52.82971],[1.25108,52.82052]]]}},
{"type":"Feature","properties":{"area_code":"E07000145","area_name":"Great Yarmouth"},"geometry":{"type":"Polygon","coordinates":[[[1.74037,52.5321],[1.726,52.53064],[1.70201,52.54466],[1.66771,52.55024],[1.62858,52.52602],[1.60582,52.54487],[1.64856,52.57626],[1.64681,52.58909],[1.63101,52.5925],[1.64198,52.60423],[1.67717,52.61402],[1.64421,52.63041],[1.60533,52.62402],[1.59048,52.63823],[1.56808,52.63785],[1.54921,52.68154],[1.55066,52.69936],[1.61931,52.71759],[1.63929,52.73432],[1.67515,52.74265],[1.69757,52.72354],[1.69946,52.71989],[1.73704,52.64732],[1.73986,52.57305],[1.73007,52.58199],[1.73251,52.57206],[1.73865,52.57198],[1.73179,52.56471],[1.73372,52.55748],[1.73315,52.55657],[1.74037,52.5321]]]}},
{"type":"Feature","properties":{"area_code":"E07000146","area_name":"King's Lynn and West Norfolk"},"geometry":{"type":"MultiPolygon","coordinates":[[[[0.42853,52.45465],[0.38071,52.47954],[0.36706,52.50117],[0.30936,52.51362],[0.25648,52.50771],[0.24604,52.49989],[0.23632,52.50729],[0.20612,52.51964],[0.23059,52.52791],[0.20585,52.53385],[0.21315,52.53817],[0.20387,52.54541],[0.21463,52.54911],[0.20514,52.5479],[0.20471,52.55466],[0.21724,52.56059],[0.20563,52.56557],[0.21841,52.5726],[0.1916,52.59896],[0.2193,52.62181],[0.16993,52.65044],[0.18384,52.65566],[0.18472,52.67789],[0.15357,52.68222],[0.17163,52.73803],[0.18632,52.73535],[0.27221,52.77281],[0.24508,52.78452],[0.2672,52.81598],[0.26875,52.81583],[0.33164,52.81801],[0.35126,52.80982],[0.36664,52.79112],[0.37099,52.78389],[0.3743,52.77838],[0.37112,52.78623],[0.36708,52.79617],[0.35743,52.81172],[0.3729,52.81908],[0.44492,52.85326],[0.44546,52.8739],[0.48033,52.93151],[0.4905,52.94828],[0.54167,52.97587],[0.56267,52.97659],[0.57149,52.96791],[0.58642,52.97317],[0.60401,52.96759],[0.58932,52.97676],[0.61786,52.97363],[0.61629,52.96851],[0.61992,52.97378],[0.67404,52.97616],[0.66757,52.97015],[0.67926,52.97355],[0.69514,52.97817],[0.7087,52.97409],[0.73165,52.97224],[0.73736,52.96432],[0.75788,52.96935],[0.76133,52.97583],[0.75165,52.97714],[0.78138,52.97669],[0.78189,52.97658],[0.78987,52.89985],[0.81699,52.90007],[0.82157,52.89286],[0.8069,52.87944],[0.79487,52.88351],[0.79097,52.85988],[0.72777,52.85534],[0.72508,52.84287],[0.75634,52.81644],[0.70794,52.78847],[0.69008,52.77003],[0.68873,52.75197],[0.66813,52.74056],[0.70113,52.73619],[0.71823,52.72179],[0.71103,52.70901],[0.68778,52.69793],[0.65376,52.70406],[0.64775,52.69068],[0.62602,52.70181],[0.61199,52.69997],[0.55098,52.68052],[0.56474,52.67159],[0.56218,52.6553],[0.57851,52.65352],[0.56418,52.59647],[0.53052,52.57609],[0.53662,52.5658],[0.57983,52.55957],[0.61337,52.53163],[0.5825,52.45186],[0.5547,52.45603],[0.52366,52.44818],[0.44554,52.44737],[0.42934,52.43643],[0.42853,52.45465]]],[[[0.6835,52.98599],[0.68003,52.98599],[0.66226,52.98603],[0.68008,52.98687],[0.69048,52.98735],[0.70593,52.98598],[0.75109,52.9784],[0.7145,52.97705],[0.69838,52.9841],[0.68133,52.97746],[0.6835,52.98599]]]]}},
{"type":"Feature","properties":{"area_code":"E07000147","area_name":"North Norfolk"},"geometry":{"type":"MultiPolygon","coordinates":[[[[1.51194,52.69003],[1.49489,52.68717],[1.48811,52.69328],[1.47397,52.68931],[1.46096,52.70566],[1.44143,52.70145],[1.43445,52.68957],[1.41857,52.6919],[1.42399,52.70346],[1.40244,52.7157],[1.4059,52.73251],[1.39733,52.72911],[1.38766,52.74001],[1.35701,52.74627],[1.31479,52.7797],[1.3082,52.80681],[1.28888,52.80467],[1.27413,52.81882],[1.25459,52.81345],[1.25108,52.82052],[1.21439,52.82971],[1.19339,52.81532],[1.1726,52.83061],[1.15645,52.8217],[1.14527,52.82391],[1.1496,52.8121],[1.10179,52.82934],[1.0879,52.81585],[1.03526,52.81183],[1.02228,52.80003],[0.9936,52.79836],[0.96766,52.80774],[0.93684,52.79558],[0.93844,52.78797],[0.91765,52.80331],[0.89079,52.79072],[0.86542,52.80743],[0.83944,52.81113],[0.79583,52.7691],[0.70794,52.78847],[0.75634,52.81644],[0.72508,52.84287],[0.72777,52.85534],[0.79097,52.85988],[0.79487,52.88351],[0.8069,52.87944],[0.82157,52.89286],[0.81699,52.90007],[0.78987,52.89985],[0.78189,52.97658],[0.81378,52.96982],[0.81379,52.97738],[0.85173,52.97342],[0.85099,52.95778],[0.87048,52.95493],[0.87525,52.96019],[0.91778,52.96043],[0.9197,52.96565],[0.93539,52.95884],[0.97647,52.96303],[0.98399,52.9638],[1.01451,52.963],[1.01537,52.95548],[1.01859,52.96411],[1.03577,52.96711],[0.99119,52.97632],[0.97727,52.97468],[0.95781,52.9724],[0.97763,52.97989],[1.12462,52.95127],[1.27229,52.93586],[1.30107,52.93283],[1.36093,52.90986],[1.42871,52.88378],[1.56013,52.81551],[1.58671,52.80166],[1.67515,52.74265],[1.63929,52.73432],[1.61931,52.71759],[1.55066,52.69936],[1.54921,52.68154],[1.51894,52.68697],[1.51225,52.68164],[1.51194,52.69003]]],[[[0.86746,52.97941],[0.91124,52.96544],[0.90106,52.96169],[0.87312,52.96104],[0.86993,52.95807],[0.8524,52.95812],[0.86746,52.97941]]]]}},
{"type":"Feature","properties":{"area_code":"E07000148","area_name":"Norwich"},"geometry":{"type":"Polygon","coordinates":[[[1.32817,52.62325],[1.30987,52.61139],[1.2864,52.59618],[1.25791,52.59809],[1.24355,52.61714],[1.23145,52.6181],[1.23057,52.63093],[1.21295,52.62716],[1.20389,52.6447],[1.23545,52.64093],[1.24851,52.64774],[1.28426,52.65764],[1.26286,52.67741],[1.28295,52.67734],[1.29233,52.68494],[1.30018,52.67686],[1.2926,52.65493],[1.32298,52.64502],[1.34057,52.64971],[1.32529,52.62318],[1.32817,52.62325]]]}},
{"type":"Feature","properties":{"area_code":"E07000149","area_name":"South Norfolk"},"geometry":{"type":"Polygon","coordinates":[[[1.30987,52.61139],[1.32817,52.62325],[1.36178,52.62396],[1.36933,52.62411],[1.38907,52.60499],[1.38953,52.60455],[1.40033,52.612],[1.41363,52.62117],[1.4347,52.62006],[1.45454,52.59456],[1.48468,52.58778],[1.49779,52.57132],[1.51844,52.57583],[1.52241,52.56271],[1.54058,52.55559],[1.59181,52.55804],[1.60361,52.57005],[1.60753,52.57403],[1.62302,52.57423],[1.64681,52.58909],[1.64856,52.57626],[1.60582,52.54487],[1.62858,52.52602],[1.65428,52.50142],[1.67208,52.50387],[1.68247,52.49505],[1.65883,52.4684],[1.64655,52.472],[1.63454,52.46295],[1.6185,52.46328],[1.58619,52.47869],[1.56802,52.47463],[1.55782,52.4577],[1.52973,52.46835],[1.50802,52.46175],[1.48074,52.47189],[1.44617,52.45601],[1.42015,52.47105],[1.41102,52.4616],[1.43327,52.45596],[1.43259,52.44534],[1.40791,52.44441],[1.36366,52.42748],[1.3471,52.40441],[1.3163,52.38739],[1.28623,52.39069],[1.26,52.3711],[1.21387,52.35539],[1.06819,52.37852],[1.02996,52.37874],[1.02142,52.40597],[1.0341,52.41578],[1.02127,52.41638],[1.0428,52.42565],[1.05714,52.42009],[1.07315,52.45476],[1.09465,52.46028],[1.07895,52.50701],[1.09529,52.51832],[1.0614,52.53718],[1.03379,52.53747],[0.97351,52.55479],[0.94703,52.57583],[0.96219,52.58118],[0.95371,52.58494],[0.96378,52.59464],[1.03949,52.58817],[1.0369,52.6158],[1.01887,52.61575],[1.02355,52.63975],[1.0431,52.64651],[1.05443,52.66333],[1.07465,52.63817],[1.07899,52.64874],[1.0977,52.64976],[1.13524,52.64286],[1.1473,52.67137],[1.17376,52.66517],[1.19074,52.67854],[1.2051,52.66002],[1.21828,52.67281],[1.23419,52.66808],[1.24851,52.64774],[1.23545,52.64093],[1.20389,52.6447],[1.21295,52.62716],[1.23057,52.63093],[1.23145,52.6181],[1.24355,52.61714],[1.25791,52.59809],[1.2864,52.59618],[1.30987,52.61139]]]}},
{"type":"Feature","properties":{"area_code":"E07000150","area_name":"Corby"},"geometry":{"type":"Polygon","coordinates":[[[-0.66414,52.45448],[-0.66988,52.46376],[-0.68376,52.46218],[-0.67131,52.46892],[-0.68481,52.47827],[-0.72022,52.45678],[-0.73788,52.45815],[-0.74157,52.47013],[-0.77163,52.47205],[-0.78611,52.49519],[-0.80793,52.50656],[-0.79616,52.51637],[-0.77487,52.51828],[-0.75616,52.51099],[-0.71366,52.52496],[-0.67486,52.55864],[-0.66946,52.54491],[-0.64313,52.53636],[-0.63584,52.52389],[-0.66534,52.51797],[-0.67197,52.50683],[-0.63564,52.51595],[-0.59764,52.51198],[-0.6093,52.50863],[-0.59639,52.49694],[-0.60138,52.48682],[-0.62781,52.47949],[-0.63189,52.4646],[-0.66414,52.45448]]]}},
{"type":"Feature","properties":{"area_code":"E07000151","area_name":"Daventry"},"geometry":{"type":"Polygon","coordinates":[[[-0.90128,52.45976],[-0.90438,52.44217],[-0.86433,52.43422],[-0.88694,52.42335],[-0.89054,52.39859],[-0.8737,52.40267],[-0.84057,52.39285],[-0.83111,52.37617],[-0.79632,52.36166],[-0.78866,52.34731],[-0.78578,52.33062],[-0.81795,52.3096],[-0.80914,52.27533],[-0.82758,52.28098],[-0.87394,52.28271],[-0.88512,52.27539],[-0.89804,52.28067],[-0.96176,52.25947],[-0.9891,52.25755],[-0.9974,52.24768],[-1.06519,52.22824],[-1.03842,52.19567],[-1.08315,52.19353],[-1.09558,52.17892],[-1.12689,52.18571],[-1.12858,52.16789],[-1.13723,52.17327],[-1.1442,52.16603],[-1.15752,52.16951],[-1.13803,52.14625],[-1.18783,52.14449],[-1.19344,52.16024],[-1.19798,52.1552],[-1.22318,52.16041],[-1.23393,52.1478],[-1.25371,52.15581],[-1.25527,52.16465],[-1.27508,52.16768],[-1.28119,52.19195],[-1.25478,52.19889],[-1.28464,52.23858],[-1.26689,52.23524],[-1.233,52.25326],[-1.21573,52.26638],[-1.23378,52.29033],[-1.20923,52.3152],[-1.26535,52.32836],[-1.23339,52.34652],[-1.17497,52.35629],[-1.20161,52.39673],[-1.18399,52.39217],[-1.14935,52.39704],[-1.12927,52.4161],[-1.08438,52.4363],[-1.04998,52.42221],[-1.03427,52.43629],[-1.04451,52.44575],[-1.00069,52.47094],[-0.95191,52.47742],[-0.94219,52.46777],[-0.90128,52.45976]]]}},
{"type":"Feature","properties":{"area_code":"E07000152","area_name":"East Northamptonshire"},"geometry":{"type":"Polygon","coordinates":[[[-0.49503,52.64024],[-0.49477,52.64031],[-0.47092,52.62356],[-0.49266,52.5819],[-0.47881,52.57365],[-0.41538,52.57874],[-0.40729,52.56405],[-0.41959,52.55896],[-0.40128,52.53868],[-0.4136,52.52568],[-0.35435,52.5065],[-0.3594,52.48986],[-0.34159,52.46694],[-0.37022,52.43993],[-0.36241,52.43353],[-0.41707,52.4116],[-0.44151,52.385],[-0.49595,52.37952],[-0.48852,52.37402],[-0.4987,52.3601],[-0.47768,52.34892],[-0.48326,52.3409],[-0.46666,52.33893],[-0.46537,52.32295],[-0.51983,52.31769],[-0.51405,52.3147],[-0.54197,52.28994],[-0.53119,52.2704],[-0.54197,52.25607],[-0.56569,52.25347],[-0.58634,52.27283],[-0.61062,52.2795],[-0.63809,52.29924],[-0.64125,52.31719],[-0.6228,52.34201],[-0.63236,52.36157],[-0.6211,52.36937],[-0.62839,52.38262],[-0.61377,52.41964],[-0.6276,52.43487],[-0.65871,52.43428],[-0.65448,52.44816],[-0.66414,52.45448],[-0.63189,52.4646],[-0.62781,52.47949],[-0.60138,52.48682],[-0.59639,52.49694],[-0.6093,52.50863],[-0.59764,52.51198],[-0.63564,52.51595],[-0.67197,52.50683],[-0.66534,52.51797],[-0.63584,52.52389],[-0.64313,52.53636],[-0.66946,52.54491],[-0.67486,52.55864],[-0.60302,52.58859],[-0.58697,52.58743],[-0.58155,52.59587],[-0.5719,52.5858],[-0.55812,52.59448],[-0.54417,52.59289],[-0.55294,52.60135],[-0.54026,52.62597],[-0.5174,52.64238],[-0.49503,52.64024]]]}},
{"type":"Feature","properties":{"area_code":"E07000153","area_name":"Kettering"},"geometry":{"type":"Polygon","coordinates":[[[-0.79616,52.51637],[-0.80793,52.50656],[-0.78611,52.49519],[-0.77163,52.47205],[-0.74157,52.47013],[-0.73788,52.45815],[-0.72022,52.45678],[-0.68481,52.47827],[-0.67131,52.46892],[-0.68376,52.46218],[-0.66988,52.46376],[-0.66414,52.45448],[-0.65448,52.44816],[-0.65871,52.43428],[-0.6276,52.43487],[-0.61377,52.41964],[-0.62839,52.38262],[-0.6211,52.36937],[-0.63236,52.36157],[-0.65358,52.34812],[-0.68546,52.34996],[-0.70046,52.36437],[-0.72704,52.36121],[-0.74784,52.34722],[-0.77882,52.35375],[-0.78866,52.34731],[-0.79632,52.36166],[-0.83111,52.37617],[-0.84057,52.39285],[-0.8737,52.40267],[-0.89054,52.39859],[-0.88694,52.42335],[-0.86433,52.43422],[-0.90438,52.44217],[-0.90128,52.45976],[-0.8824,52.47128],[-0.89805,52.48692],[-0.88213,52.49317],[-0.88344,52.51397],[-0.86881,52.52695],[-0.79616,52.51637]]]}},
{"type":"Feature","properties":{"area_code":"E07000154","area_name":"Northampton"},"geometry":{"type":"Polygon","coordinates":[[[-0.80914,52.27533],[-0.79142,52.24224],[-0.84098,52.23697],[-0.83014,52.22346],[-0.83701,52.21169],[-0.87819,52.19506],[-0.89229,52.19695],[-0.89432,52.1861],[-0.96766,52.21868],[-0.96176,52.25947],[-0.89804,52.28067],[-0.88512,52.27539],[-0.87394,52.28271],[-0.82758,52.28098],[-0.80914,52.27533]]]}},
{"type":"Feature","properties":{"area_code":"E07000155","area_name":"South Northamptonshire"},"geometry":{"type":"Polygon","coordinates":[[[-0.79142,52.24224],[-0.76219,52.24877],[-0.72757,52.2382],[-0.70546,52.19157],[-0.74973,52.16688],[-0.77798,52.16873],[-0.79209,52.15133],[-0.80759,52.15698],[-0.81404,52.14247],[-0.83197,52.14368],[-0.8282,52.13261],[-0.88072,52.12633],[-0.88702,52.11421],[-0.87145,52.11175],[-0.86953,52.10004],[-0.84671,52.09151],[-0.83142,52.07195],[-0.8395,52.06383],[-0.86268,52.06093],[-0.85245,52.05071],[-0.87133,52.04025],[-0.87747,52.02997],[-0.89012,52.03156],[-0.90603,52.02122],[-0.95187,52.08153],[-0.96781,52.07091],[-1.02632,52.07568],[-1.04233,52.07371],[-1.02767,52.06373],[-1.06207,52.06274],[-1.12199,52.04515],[-1.13667,52.02224],[-1.11809,52.01543],[-1.13433,51.9973],[-1.16382,51.99341],[-1.19626,51.97743],[-1.24161,51.98629],[-1.2834,51.97955],[-1.27816,52.01427],[-1.31292,52.05145],[-1.29751,52.07806],[-1.31816,52.07992],[-1.32116,52.08702],[-1.24809,52.09716],[-1.3319,52.16849],[-1.31313,52.19047],[-1.28119,52.19195],[-1.27508,52.16768],[-1.25527,52.16465],[-1.25371,52.15581],[-1.23393,52.1478],[-1.22318,52.16041],[-1.19798,52.1552],[-1.19344,52.16024],[-1.18783,52.14449],[-1.13803,52.14625],[-1.15752,52.16951],[-1.1442,52.16603],[-1.13723,52.17327],[-1.12858,52.16789],[-1.12689,52.18571],[-1.09558,52.17892],[-1.08315,52.19353],[-1.03842,52.19567],[-1.06519,52.22824],[-0.9974,52.24768],[-0.9891,52.25755],[-0.96176,52.25947],[-0.96766,52.21868],[-0.89432,52.1861],[-0.89229,52.19695],[-0.87819,52.19506],[-0.83701,52.21169],[-0.83014,52.22346],[-0.84098,52.23697],[-0.79142,52.24224]]]}},
{"type":"Feature","properties":{"area_code":"E07000156","area_name":"Wellingborough"},"geometry":{"type":"Polygon","coordinates":[[[-0.63236,52.36157],[-0.6228,52.34201],[-0.64125,52.31719],[-0.63809,52.29924],[-0.61062,52.2795],[-0.65366,52.26829],[-0.63733,52.22732],[-0.66814,52.19503],[-0.70546,52.19157],[-0.72757,52.2382],[-0.76219,52.24877],[-0.79142,52.24224],[-0.80914,52.27533],[-0.81795,52.3096],[-0.78578,52.33062],[-0.78866,52.34731],[-0.77882,52.35375],[-0.74784,52.34722],[-0.72704,52.36121],[-0.70046,52.36437],[-0.68546,52.34996],[-0.65358,52.34812],[-0.63236,52.36157]]]}},
{"type":"Feature","properties":{"area_code":"E07000163","area_name":"Craven"},"geometry":{"type":"Polygon","coordinates":[[[-2.00451,54.17288],[-1.99254,54.15528],[-1.97249,54.15808],[-1.96359,54.15213],[-1.94895,54.12583],[-1.90562,54.12247],[-1.84059,54.07058],[-1.85373,54.05312],[-1.87353,54.04604],[-1.87244,54.03567],[-1.85347,54.02877],[-1.84805,54.01367],[-1.83491,54.01353],[-1.81673,53.97814],[-1.87888,53.95427],[-1.88363,53.96317],[-1.89377,53.95526],[-1.96619,53.95155],[-1.96308,53.9334],[-1.97687,53.92642],[-1.95257,53.90353],[-1.97942,53.90113],[-1.98236,53.86886],[-2.02175,53.87154],[-2.04613,53.85014],[-2.08991,53.86818],[-2.08145,53.87568],[-2.10302,53.89094],[-2.11335,53.91563],[-2.13222,53.92651],[-2.18228,53.93539],[-2.18452,53.95226],[-2.19602,53.96958],[-2.22574,53.9611],[-2.23202,53.97123],[-2.22106,53.97793],[-2.23035,53.98153],[-2.29432,53.97443],[-2.31915,53.99384],[-2.33992,53.98943],[-2.35236,53.99467],[-2.35231,54.01054],[-2.33956,54.00943],[-2.35732,54.01912],[-2.37407,54.04909],[-2.42583,54.03809],[-2.46955,54.04621],[-2.46435,54.07528],[-2.50953,54.09543],[-2.52401,54.09462],[-2.56474,54.12704],[-2.5605,54.15305],[-2.53398,54.15769],[-2.46086,54.22672],[-2.40563,54.22492],[-2.39678,54.23938],[-2.37302,54.2401],[-2.36232,54.24975],[-2.33766,54.2376],[-2.3191,54.25716],[-2.30511,54.24934],[-2.29276,54.25262],[-2.28332,54.23856],[-2.22922,54.25218],[-2.1978,54.24738],[-2.17194,54.22848],[-2.1516,54.23559],[-2.14047,54.22529],[-2.10003,54.23197],[-2.06087,54.21032],[-2.04578,54.18188],[-2.00451,54.17288]]]}},
{"type":"Feature","properties":{"area_code":"E07000164","area_name":"Hambleton"},"geometry":{"type":"Polygon","coordinates":[[[-1.1462,54.50282],[-1.11838,54.4982],[-1.09452,54.50676],[-1.03685,54.49404],[-1.01645,54.47664],[-0.98352,54.47888],[-0.97209,54.46085],[-1.03394,54.45899],[-1.04839,54.45215],[-1.05938,54.41258],[-1.08181,54.40503],[-1.07043,54.39577],[-1.07882,54.38821],[-1.06621,54.36267],[-1.07816,54.36025],[-1.09903,54.32919],[-1.12223,54.33118],[-1.1218,54.34524],[-1.15754,54.34927],[-1.17219,54.38187],[-1.20874,54.37378],[-1.23848,54.37595],[-1.266,54.34507],[-1.24659,54.33154],[-1.24803,54.30906],[-1.21975,54.28657],[-1.20546,54.25132],[-1.21506,54.24152],[-1.20838,54.23637],[-1.19702,54.2411],[-1.1999,54.21291],[-1.18932,54.2002],[-1.16871,54.20248],[-1.12591,54.18049],[-1.09916,54.18531],[-1.08061,54.1721],[-1.08871,54.16292],[-1.01307,54.13462],[-1.01626,54.10792],[-1.04378,54.10749],[-1.03947,54.09838],[-1.06016,54.08534],[-1.0391,54.07571],[-1.05971,54.05661],[-1.05873,54.04785],[-1.08941,54.04801],[-1.12028,54.02905],[-1.1408,54.02986],[-1.14909,54.00295],[-1.137,53.99108],[-1.15191,53.98918],[-1.17551,54.0022],[-1.20678,54.01621],[-1.21843,54.01444],[-1.22439,54.03465],[-1.27727,54.03509],[-1.28733,54.06154],[-1.31044,54.08074],[-1.33803,54.0819],[-1.34724,54.09915],[-1.32776,54.10172],[-1.34074,54.10772],[-1.33252,54.14841],[-1.39406,54.18147],[-1.43218,54.18608],[-1.44263,54.21603],[-1.47478,54.20621],[-1.48463,54.22031],[-1.4951,54.2033],[-1.55305,54.19109],[-1.58346,54.2047],[-1.59829,54.20064],[-1.58888,54.19677],[-1.59513,54.19036],[-1.62308,54.1859],[-1.64064,54.19268],[-1.62461,54.20994],[-1.62539,54.23033],[-1.64681,54.23685],[-1.63637,54.23946],[-1.64863,54.25021],[-1.6751,54.24708],[-1.68447,54.2616],[-1.70526,54.28554],[-1.67582,54.28516],[-1.65106,54.29437],[-1.63765,54.32144],[-1.64319,54.34348],[-1.60862,54.35084],[-1.61523,54.35707],[-1.60622,54.36378],[-1.58432,54.36441],[-1.56091,54.40082],[-1.57461,54.41851],[-1.54405,54.42422],[-1.54616,54.44453],[-1.51485,54.45215],[-1.48276,54.44786],[-1.48634,54.45339],[-1.47205,54.4556],[-1.45615,54.45245],[-1.46279,54.46139],[-1.45341,54.46602],[-1.4638,54.47355],[-1.45919,54.49427],[-1.47456,54.50071],[-1.45851,54.50392],[-1.43491,54.48749],[-1.43212,54.47945],[-1.41279,54.4772],[-1.40709,54.49353],[-1.39505,54.48568],[-1.38101,54.49403],[-1.37256,54.47231],[-1.36442,54.46595],[-1.34492,54.47241],[-1.34363,54.46416],[-1.30034,54.47585],[-1.28098,54.49044],[-1.2574,54.48732],[-1.25667,54.50111],[-1.23487,54.51032],[-1.1462,54.50282]]]}},
{"type":"Feature","properties":{"area_code":"E07000165","area_name":"Harrogate"},"geometry":{"type":"Polygon","coordinates":[[[-1.17551,54.0022],[-1.19194,54.00052],[-1.1821,53.98535],[-1.21652,53.98559],[-1.22371,53.97483],[-1.19564,53.92238],[-1.22179,53.92504],[-1.23528,53.93501],[-1.26967,53.93497],[-1.2608,53.91987],[-1.27027,53.91698],[-1.27354,53.8936],[-1.28849,53.90433],[-1.31372,53.9047],[-1.30059,53.90749],[-1.2972,53.92168],[-1.30731,53.92149],[-1.29418,53.92706],[-1.30899,53.9241],[-1.30696,53.93442],[-1.34471,53.9395],[-1.34041,53.94589],[-1.39718,53.94254],[-1.40671,53.92785],[-1.4326,53.92724],[-1.433,53.91081],[-1.46271,53.90602],[-1.49878,53.91531],[-1.54879,53.91091],[-1.55184,53.90294],[-1.58363,53.90929],[-1.58749,53.90125],[-1.59999,53.90978],[-1.62054,53.90339],[-1.65167,53.90566],[-1.65508,53.91248],[-1.68463,53.91059],[-1.70708,53.91913],[-1.71796,53.90854],[-1.72722,53.9102],[-1.74563,53.923],[-1.77598,53.92149],[-1.80509,53.93902],[-1.84769,53.94077],[-1.8362,53.93142],[-1.86013,53.93266],[-1.87888,53.95427],[-1.81673,53.97814],[-1.83491,54.01353],[-1.84805,54.01367],[-1.85347,54.02877],[-1.87244,54.03567],[-1.87353,54.04604],[-1.85373,54.05312],[-1.84059,54.07058],[-1.90562,54.12247],[-1.94895,54.12583],[-1.96359,54.15213],[-1.97249,54.15808],[-1.99254,54.15528],[-2.00451,54.17288],[-1.96992,54.19133],[-1.88645,54.21001],[-1.87945,54.22028],[-1.82807,54.23164],[-1.8163,54.2407],[-1.82333,54.24749],[-1.75596,54.23936],[-1.73712,54.25424],[-1.68447,54.2616],[-1.6751,54.24708],[-1.64863,54.25021],[-1.63637,54.23946],[-1.64681,54.23685],[-1.62539,54.23033],[-1.62461,54.20994],[-1.64064,54.19268],[-1.62308,54.1859],[-1.59513,54.19036],[-1.58888,54.19677],[-1.59829,54.20064],[-1.58346,54.2047],[-1.55305,54.19109],[-1.4951,54.2033],[-1.48463,54.22031],[-1.47478,54.20621],[-1.44263,54.21603],[-1.43218,54.18608],[-1.39406,54.18147],[-1.33252,54.14841],[-1.34074,54.10772],[-1.32776,54.10172],[-1.34724,54.09915],[-1.33803,54.0819],[-1.31044,54.08074],[-1.28733,54.06154],[-1.27727,54.03509],[-1.22439,54.03465],[-1.21843,54.01444],[-1.20678,54.01621],[-1.17551,54.0022]]]}},
{"type":"Feature","properties":{"area_code":"E07000166","area_name":"Richmondshire"},"geometry":{"type":"Polygon","coordinates":[[[-1.69693,54.53601],[-1.65794,54.53459],[-1.65468,54.52465],[-1.63377,54.52536],[-1.63333,54.51411],[-1.61148,54.52],[-1.60264,54.51058],[-1.58107,54.51285],[-1.59188,54.5043],[-1.57921,54.50519],[-1.58298,54.4971],[-1.5552,54.48498],[-1.54567,54.47124],[-1.51983,54.47105],[-1.52884,54.48481],[-1.51413,54.48378],[-1.51134,54.47501],[-1.49178,54.4862],[-1.49905,54.47568],[-1.47537,54.47385],[-1.47205,54.4556],[-1.48634,54.45339],[-1.48276,54.44786],[-1.51485,54.45215],[-1.54616,54.44453],[-1.54405,54.42422],[-1.57461,54.41851],[-1.56091,54.40082],[-1.58432,54.36441],[-1.60622,54.36378],[-1.61523,54.35707],[-1.60862,54.35084],[-1.64319,54.34348],[-1.63765,54.32144],[-1.65106,54.29437],[-1.67582,54.28516],[-1.70526,54.28554],[-1.68447,54.2616],[-1.73712,54.25424],[-1.75596,54.23936],[-1.82333,54.24749],[-1.8163,54.2407],[-1.82807,54.23164],[-1.87945,54.22028],[-1.88645,54.21001],[-1.96992,54.19133],[-2.00451,54.17288],[-2.04578,54.18188],[-2.06087,54.21032],[-2.10003,54.23197],[-2.14047,54.22529],[-2.1516,54.23559],[-2.17194,54.22848],[-2.1978,54.24738],[-2.22922,54.25218],[-2.28332,54.23856],[-2.29276,54.25262],[-2.30511,54.24934],[-2.3191,54.25716],[-2.32452,54.30318],[-2.30984,54.32431],[-2.36771,54.35607],[-2.34465,54.35963],[-2.31704,54.37631],[-2.29744,54.3769],[-2.29178,54.3909],[-2.30551,54.39712],[-2.30815,54.41979],[-2.29287,54.43931],[-2.24954,54.45194],[-2.18932,54.44898],[-2.17751,54.46163],[-2.17021,54.4582],[-2.1166,54.46226],[-2.0432,54.4836],[-2.04473,54.47519],[-1.99676,54.4669],[-1.97006,54.45152],[-1.94254,54.4534],[-1.85913,54.48186],[-1.8578,54.50354],[-1.83943,54.50844],[-1.79298,54.48449],[-1.77613,54.50673],[-1.7797,54.53187],[-1.73309,54.52774],[-1.72131,54.5423],[-1.69693,54.53601]]]}},
{"type":"Feature","properties":{"area_code":"E07000167","area_name":"Ryedale"},"geometry":{"type":"Polygon","coordinates":[[[-0.41825,54.17406],[-0.43317,54.16407],[-0.42709,54.13744],[-0.45854,54.12597],[-0.45435,54.11676],[-0.46594,54.10763],[-0.52461,54.08547],[-0.56314,54.094],[-0.61552,54.07049],[-0.66032,54.0631],[-0.64465,54.05511],[-0.65948,54.03717],[-0.68704,54.03077],[-0.6835,54.0088],[-0.73049,54.0127],[-0.73426,54.03026],[-0.79919,54.01905],[-0.8007,54.02412],[-0.87844,54.01718],[-0.8939,53.99954],[-0.92529,53.99152],[-0.99484,53.98306],[-0.97193,53.9967],[-0.97542,54.00475],[-0.98478,54.00268],[-0.96685,54.02298],[-1.00208,54.05526],[-1.01438,54.04932],[-1.05971,54.05661],[-1.0391,54.07571],[-1.06016,54.08534],[-1.03947,54.09838],[-1.04378,54.10749],[-1.01626,54.10792],[-1.01307,54.13462],[-1.08871,54.16292],[-1.08061,54.1721],[-1.09916,54.18531],[-1.12591,54.18049],[-1.16871,54.20248],[-1.18932,54.2002],[-1.1999,54.21291],[-1.19702,54.2411],[-1.20838,54.23637],[-1.21506,54.24152],[-1.20546,54.25132],[-1.21975,54.28657],[-1.24803,54.30906],[-1.24659,54.33154],[-1.266,54.34507],[-1.23848,54.37595],[-1.20874,54.37378],[-1.17219,54.38187],[-1.15754,54.34927],[-1.1218,54.34524],[-1.12223,54.33118],[-1.09903,54.32919],[-1.07816,54.36025],[-1.06621,54.36267],[-1.07882,54.38821],[-1.07043,54.39577],[-1.08181,54.40503],[-1.05938,54.41258],[-1.02687,54.41534],[-0.98784,54.39595],[-0.95044,54.40886],[-0.82363,54.38252],[-0.79422,54.35436],[-0.75312,54.36859],[-0.73232,54.35528],[-0.71119,54.35718],[-0.68723,54.37311],[-0.66953,54.37437],[-0.66132,54.36651],[-0.63262,54.37595],[-0.62203,54.34442],[-0.56729,54.31139],[-0.6053,54.29715],[-0.61311,54.26966],[-0.59795,54.23484],[-0.61822,54.20497],[-0.58626,54.19863],[-0.56642,54.20239],[-0.55041,54.19258],[-0.53773,54.20043],[-0.52002,54.19777],[-0.44142,54.21576],[-0.41825,54.17406]]]}},
{"type":"Feature","properties":{"area_code":"E07000168","area_name":"Scarborough"},"geometry":{"type":"Polygon","coordinates":[[[-0.21263,54.15763],[-0.22975,54.13244],[-0.26542,54.14056],[-0.30424,54.13626],[-0.32384,54.1503],[-0.3464,54.14687],[-0.37493,54.15411],[-0.39075,54.17652],[-0.41825,54.17406],[-0.44142,54.21576],[-0.52002,54.19777],[-0.53773,54.20043],[-0.55041,54.19258],[-0.56642,54.20239],[-0.58626,54.19863],[-0.61822,54.20497],[-0.59795,54.23484],[-0.61311,54.26966],[-0.6053,54.29715],[-0.56729,54.31139],[-0.62203,54.34442],[-0.63262,54.37595],[-0.66132,54.36651],[-0.66953,54.37437],[-0.68723,54.37311],[-0.71119,54.35718],[-0.73232,54.35528],[-0.75312,54.36859],[-0.79422,54.35436],[-0.82363,54.38252],[-0.95044,54.40886],[-0.98784,54.39595],[-1.02687,54.41534],[-1.05938,54.41258],[-1.04839,54.45215],[-1.03394,54.45899],[-0.97209,54.46085],[-0.98352,54.47888],[-1.01645,54.47664],[-1.03685,54.49404],[-1.0034,54.50301],[-0.95295,54.48804],[-0.88083,54.49705],[-0.84853,54.48797],[-0.84865,54.53],[-0.82698,54.54858],[-0.80042,54.55101],[-0.79189,54.55824],[-0.78448,54.55788],[-0.76724,54.55036],[-0.76478,54.54799],[-0.74466,54.52854],[-0.70798,54.53165],[-0.69868,54.52661],[-0.69278,54.52069],[-0.68723,54.52041],[-0.67267,54.51252],[-0.67028,54.50075],[-0.62613,54.49579],[-0.6131,54.49391],[-0.61439,54.48813],[-0.6108,54.4935],[-0.57355,54.48127],[-0.5541,54.46946],[-0.52096,54.44641],[-0.53268,54.43361],[-0.52847,54.42539],[-0.52872,54.42486],[-0.52794,54.42435],[-0.52458,54.41778],[-0.4637,54.38918],[-0.46167,54.38598],[-0.46148,54.38569],[-0.43269,54.3402],[-0.41705,54.33147],[-0.4075,54.29393],[-0.38482,54.28815],[-0.38546,54.28723],[-0.39668,54.27455],[-0.36874,54.24852],[-0.36627,54.24778],[-0.36583,54.24736],[-0.32727,54.23618],[-0.2593,54.21591],[-0.28229,54.21231],[-0.2807,54.20349],[-0.2778,54.18739],[-0.21263,54.15763]]]}},
{"type":"Feature","properties":{"area_code":"E07000169","area_name":"Selby"},"geometry":{"type":"Polygon","coordinates":[[[-1.19564,53.92238],[-1.1051,53.87573],[-1.0912,53.88582],[-1.06496,53.87459],[-1.0082,53.89],[-0.99283,53.87521],[-0.94407,53.88812],[-0.92352,53.88077],[-0.94823,53.86161],[-0.94061,53.82352],[-0.92011,53.81609],[-0.9345,53.80178],[-0.92825,53.7656],[-0.97361,53.74988],[-0.96074,53.73602],[-0.91095,53.73267],[-0.90374,53.71836],[-0.95771,53.71484],[-0.96265,53.7008],[-0.98049,53.70504],[-0.98033,53.69694],[-1.03893,53.69388],[-1.06166,53.70677],[-1.07493,53.704],[-1.08105,53.68461],[-1.10357,53.66956],[-1.04866,53.65606],[-1.06607,53.64889],[-1.12174,53.64672],[-1.13541,53.63273],[-1.1523,53.64278],[-1.19031,53.63592],[-1.20983,53.64316],[-1.21747,53.62422],[-1.23284,53.62111],[-1.25548,53.64542],[-1.24442,53.69243],[-1.19902,53.69489],[-1.19882,53.70073],[-1.21981,53.71442],[-1.22654,53.70988],[-1.22957,53.71491],[-1.2687,53.71498],[-1.30204,53.74172],[-1.31536,53.74368],[-1.31224,53.75589],[-1.29494,53.75546],[-1.29039,53.76319],[-1.31381,53.78156],[-1.31487,53.80956],[-1.30362,53.81654],[-1.3361,53.83359],[-1.32656,53.84042],[-1.35297,53.85675],[-1.3126,53.86532],[-1.32227,53.90046],[-1.31372,53.9047],[-1.28849,53.90433],[-1.27354,53.8936],[-1.27027,53.91698],[-1.2608,53.91987],[-1.26967,53.93497],[-1.23528,53.93501],[-1.22179,53.92504],[-1.19564,53.92238]]]}},
{"type":"Feature","properties":{"area_code":"E07000170","area_name":"Ashfield"},"geometry":{"type":"Polygon","coordinates":[[[-1.25993,53.16448],[-1.25532,53.15462],[-1.24098,53.1531],[-1.23992,53.13959],[-1.17789,53.11481],[-1.16425,53.10327],[-1.22587,53.0815],[-1.23129,53.06206],[-1.21742,53.04903],[-1.18206,53.04841],[-1.18275,53.01857],[-1.20988,53.01814],[-1.22515,53.0081],[-1.22906,53.02274],[-1.25343,53.03979],[-1.28483,53.04823],[-1.30353,53.04188],[-1.33587,53.05297],[-1.34443,53.06554],[-1.33164,53.08099],[-1.30288,53.0882],[-1.30925,53.09677],[-1.30062,53.10205],[-1.32178,53.13065],[-1.32345,53.16234],[-1.30071,53.16421],[-1.29596,53.17122],[-1.25993,53.16448]]]}},
{"type":"Feature","properties":{"area_code":"E07000171","area_name":"Bassetlaw"},"geometry":{"type":"Polygon","coordinates":[[[-0.79748,53.45506],[-0.82052,53.44075],[-0.81809,53.42698],[-0.78862,53.41526],[-0.77714,53.39691],[-0.79044,53.38585],[-0.77524,53.37776],[-0.79113,53.36355],[-0.77446,53.36443],[-0.75862,53.35384],[-0.76647,53.33011],[-0.74996,53.32422],[-0.74714,53.30433],[-0.75097,53.2936],[-0.7635,53.29944],[-0.77813,53.28385],[-0.76428,53.27274],[-0.77707,53.24691],[-0.78036,53.1964],[-0.78729,53.20457],[-0.82157,53.20135],[-0.83982,53.21892],[-0.85784,53.21221],[-0.89425,53.22367],[-0.94892,53.21412],[-0.94726,53.22583],[-0.96754,53.23533],[-1.00701,53.23632],[-1.02763,53.26103],[-1.1033,53.23561],[-1.12381,53.22464],[-1.20942,53.2177],[-1.202,53.23556],[-1.21303,53.24767],[-1.20245,53.26122],[-1.17469,53.26516],[-1.18154,53.27003],[-1.16649,53.27766],[-1.18012,53.28713],[-1.17663,53.30513],[-1.19974,53.31144],[-1.13872,53.34138],[-1.14101,53.34675],[-1.15684,53.34497],[-1.16261,53.35684],[-1.13854,53.35591],[-1.14603,53.36904],[-1.13054,53.37557],[-1.13461,53.39003],[-1.11558,53.39719],[-1.11604,53.40735],[-1.08044,53.42687],[-1.03095,53.43098],[-1.03052,53.4252],[-1.01435,53.4263],[-0.99567,53.43693],[-0.98598,53.47167],[-0.95326,53.48442],[-0.93556,53.50252],[-0.90047,53.47516],[-0.92025,53.46551],[-0.91625,53.4603],[-0.87192,53.46631],[-0.79748,53.45506]]]}},
{"type":"Feature","properties":{"area_code":"E07000172","area_name":"Broxtowe"},"geometry":{"type":"Polygon","coordinates":[[[-1.22515,53.0081],[-1.21911,52.9915],[-1.20335,52.98753],[-1.22618,52.98114],[-1.24684,52.98454],[-1.23198,52.96764],[-1.24689,52.9532],[-1.1823,52.91734],[-1.19901,52.90948],[-1.2109,52.91215],[-1.21392,52.90441],[-1.22049,52.89556],[-1.23971,52.89229],[-1.24622,52.90299],[-1.2818,52.91029],[-1.28103,52.94916],[-1.2925,52.95557],[-1.28775,52.96966],[-1.30744,53.00365],[-1.33199,53.03115],[-1.33587,53.05297],[-1.30353,53.04188],[-1.28483,53.04823],[-1.25343,53.03979],[-1.22906,53.02274],[-1.22515,53.0081]]]}},
{"type":"Feature","properties":{"area_code":"E07000173","area_name":"Gedling"},"geometry":{"type":"Polygon","coordinates":[[[-1.00709,52.98546],[-1.01655,52.98024],[-1.03756,52.98358],[-1.04146,52.9513],[-1.07334,52.95589],[-1.08612,52.94857],[-1.12011,52.96783],[-1.12279,52.98347],[-1.14249,52.98629],[-1.13825,52.99484],[-1.15366,52.99719],[-1.14351,53.0065],[-1.18275,53.01857],[-1.18206,53.04841],[-1.21742,53.04903],[-1.23129,53.06206],[-1.22587,53.0815],[-1.16425,53.10327],[-1.13929,53.09965],[-1.14015,53.09235],[-1.12064,53.08675],[-1.13039,53.07361],[-1.0886,53.07757],[-1.09343,53.06735],[-1.08066,53.05247],[-1.02973,53.02426],[-1.05245,53.01051],[-1.03409,53.00488],[-1.03812,52.99563],[-1.00709,52.98546]]]}},
{"type":"Feature","properties":{"area_code":"E07000174","area_name":"Mansfield"},"geometry":{"type":"Polygon","coordinates":[[[-1.17789,53.11481],[-1.23992,53.13959],[-1.24098,53.1531],[-1.25532,53.15462],[-1.25993,53.16448],[-1.24045,53.17865],[-1.19694,53.18482],[-1.20942,53.2177],[-1.12381,53.22464],[-1.1033,53.23561],[-1.09476,53.22861],[-1.11123,53.19893],[-1.15302,53.17514],[-1.11106,53.15343],[-1.13014,53.14162],[-1.12022,53.11908],[-1.14712,53.12196],[-1.17789,53.11481]]]}},
{"type":"Feature","properties":{"area_code":"E07000175","area_name":"Newark and Sherwood"},"geometry":{"type":"Polygon","coordinates":[[[-0.66658,53.2397],[-0.67587,53.21764],[-0.69762,53.22024],[-0.71475,53.20761],[-0.73057,53.21076],[-0.76402,53.18258],[-0.71816,53.17729],[-0.71538,53.13688],[-0.73241,53.1278],[-0.71676,53.11618],[-0.72962,53.0979],[-0.69513,53.06629],[-0.71347,53.06605],[-0.7162,53.05906],[-0.74955,53.05512],[-0.76083,53.02941],[-0.78841,53.02585],[-0.79582,53.0106],[-0.80409,53.01251],[-0.77828,52.97692],[-0.79615,52.97673],[-0.81285,52.95746],[-0.82002,52.96046],[-0.83607,52.96792],[-0.81516,52.98566],[-0.82292,53.00099],[-0.86455,53.01134],[-0.87978,53.00635],[-0.91012,53.03593],[-0.97596,52.98633],[-1.00709,52.98546],[-1.03812,52.99563],[-1.03409,53.00488],[-1.05245,53.01051],[-1.02973,53.02426],[-1.08066,53.05247],[-1.09343,53.06735],[-1.0886,53.07757],[-1.13039,53.07361],[-1.12064,53.08675],[-1.14015,53.09235],[-1.13929,53.09965],[-1.16425,53.10327],[-1.17789,53.11481],[-1.14712,53.12196],[-1.12022,53.11908],[-1.13014,53.14162],[-1.11106,53.15343],[-1.15302,53.17514],[-1.11123,53.19893],[-1.09476,53.22861],[-1.1033,53.23561],[-1.02763,53.26103],[-1.00701,53.23632],[-0.96754,53.23533],[-0.94726,53.22583],[-0.94892,53.21412],[-0.89425,53.22367],[-0.85784,53.21221],[-0.83982,53.21892],[-0.82157,53.20135],[-0.78729,53.20457],[-0.78036,53.1964],[-0.77707,53.24691],[-0.73508,53.24387],[-0.73415,53.254],[-0.68803,53.25839],[-0.66658,53.2397]]]}},
{"type":"Feature","properties":{"area_code":"E07000176","area_name":"Rushcliffe"},"geometry":{"type":"Polygon","coordinates":[[[-0.82002,52.96046],[-0.83391,52.94588],[-0.82436,52.94179],[-0.86289,52.91311],[-0.85763,52.90564],[-0.91692,52.87893],[-0.94057,52.87686],[-0.92812,52.86608],[-0.9595,52.84378],[-0.97707,52.84074],[-0.98271,52.82067],[-1.02193,52.82205],[-1.03629,52.81588],[-1.07174,52.81401],[-1.07444,52.82473],[-1.11694,52.81958],[-1.13089,52.80583],[-1.16328,52.80652],[-1.19773,52.78941],[-1.22589,52.79168],[-1.26193,52.81045],[-1.27436,52.83613],[-1.26789,52.87337],[-1.24006,52.88011],[-1.23971,52.89229],[-1.22049,52.89556],[-1.21392,52.90441],[-1.17643,52.88907],[-1.1586,52.90006],[-1.15229,52.93703],[-1.14188,52.93199],[-1.13176,52.94282],[-1.09968,52.94198],[-1.08612,52.94857],[-1.07334,52.95589],[-1.04146,52.9513],[-1.03756,52.98358],[-1.01655,52.98024],[-1.00709,52.98546],[-0.97596,52.98633],[-0.91012,53.03593],[-0.87978,53.00635],[-0.86455,53.01134],[-0.82292,53.00099],[-0.81516,52.98566],[-0.83607,52.96792],[-0.82002,52.96046]]]}},
{"type":"Feature","properties":{"area_code":"E07000177","area_name":"Cherwell"},"geometry":{"type":"Polygon","coordinates":[[[-1.11809,52.01543],[-1.05312,52.00245],[-1.09517,51.95743],[-1.07895,51.94337],[-1.05462,51.94796],[-1.08667,51.92265],[-1.07936,51.91722],[-1.09352,51.89394],[-1.06898,51.88726],[-1.07761,51.87673],[-1.06464,51.8687],[-1.06198,51.84413],[-1.04712,51.83981],[-1.07845,51.82925],[-1.1216,51.84534],[-1.14068,51.83469],[-1.1101,51.81731],[-1.12489,51.80751],[-1.12354,51.79418],[-1.12682,51.7995],[-1.15408,51.79663],[-1.16741,51.81378],[-1.18732,51.81214],[-1.19452,51.79699],[-1.24196,51.81],[-1.2527,51.7865],[-1.25809,51.79351],[-1.28365,51.79627],[-1.30282,51.78097],[-1.30499,51.7898],[-1.32234,51.78784],[-1.33834,51.81995],[-1.32669,51.82662],[-1.342,51.83018],[-1.33918,51.85617],[-1.33399,51.86248],[-1.29675,51.8611],[-1.30211,51.86912],[-1.28625,51.87484],[-1.29799,51.88839],[-1.29133,51.89668],[-1.30369,51.90261],[-1.29892,51.91316],[-1.33995,51.9349],[-1.33247,51.94215],[-1.36186,51.94838],[-1.3614,51.96854],[-1.37732,51.97964],[-1.40187,51.97987],[-1.40965,51.97271],[-1.43737,51.98919],[-1.45408,51.97967],[-1.49367,51.9749],[-1.52283,51.99684],[-1.4878,52.09396],[-1.4773,52.10135],[-1.44719,52.09763],[-1.45346,52.11301],[-1.42586,52.11825],[-1.3854,52.09415],[-1.35777,52.10131],[-1.37084,52.11753],[-1.3933,52.11896],[-1.36615,52.13608],[-1.34871,52.13513],[-1.3319,52.16849],[-1.24809,52.09716],[-1.32116,52.08702],[-1.31816,52.07992],[-1.29751,52.07806],[-1.31292,52.05145],[-1.27816,52.01427],[-1.2834,51.97955],[-1.24161,51.98629],[-1.19626,51.97743],[-1.16382,51.99341],[-1.13433,51.9973],[-1.11809,52.01543]]]}},
{"type":"Feature","properties":{"area_code":"E07000178","area_name":"Oxford"},"geometry":{"type":"Polygon","coordinates":[[[-1.2527,51.7865],[-1.22082,51.77226],[-1.18021,51.76587],[-1.19438,51.75666],[-1.19399,51.73653],[-1.17579,51.73348],[-1.19031,51.72705],[-1.18959,51.71456],[-1.22229,51.71098],[-1.24131,51.72516],[-1.29074,51.75072],[-1.30282,51.78097],[-1.28365,51.79627],[-1.25809,51.79351],[-1.2527,51.7865]]]}},
{"type":"Feature","properties":{"area_code":"E07000179","area_name":"South Oxfordshire"},"geometry":{"type":"Polygon","coordinates":[[[-1.12354,51.79418],[-1.10636,51.78163],[-1.08324,51.78052],[-1.08085,51.75655],[-1.04547,51.7446],[-1.03044,51.74493],[-1.02978,51.75789],[-0.98613,51.75212],[-0.9798,51.76071],[-0.95367,51.75785],[-0.92407,51.74771],[-0.88838,51.71923],[-0.89477,51.69252],[-0.8799,51.68086],[-0.8979,51.6764],[-0.87771,51.66839],[-0.91773,51.6724],[-0.93221,51.66487],[-0.92725,51.65144],[-0.95073,51.65074],[-0.93459,51.6367],[-0.95003,51.62891],[-0.93857,51.61794],[-0.94308,51.60489],[-0.91687,51.59931],[-0.94153,51.58546],[-0.9386,51.57104],[-0.9017,51.55609],[-0.89688,51.54486],[-0.90013,51.53666],[-0.87851,51.52349],[-0.87025,51.50363],[-0.89385,51.49664],[-0.9217,51.46793],[-0.94917,51.45951],[-0.95518,51.46533],[-0.94114,51.47498],[-0.95749,51.49308],[-0.9984,51.4843],[-1.01356,51.46629],[-1.03656,51.47523],[-1.05135,51.49186],[-1.08788,51.48575],[-1.10218,51.48967],[-1.11319,51.50959],[-1.14205,51.5162],[-1.14037,51.54291],[-1.20465,51.52839],[-1.20464,51.5376],[-1.22679,51.53516],[-1.20387,51.59214],[-1.23006,51.58033],[-1.26929,51.58457],[-1.29022,51.5779],[-1.26506,51.60375],[-1.27327,51.61164],[-1.26538,51.61889],[-1.24307,51.62252],[-1.21906,51.64187],[-1.26308,51.65009],[-1.28052,51.64302],[-1.28947,51.64691],[-1.27811,51.66866],[-1.25004,51.66659],[-1.22681,51.67609],[-1.22213,51.68829],[-1.24131,51.72516],[-1.22229,51.71098],[-1.18959,51.71456],[-1.19031,51.72705],[-1.17579,51.73348],[-1.19399,51.73653],[-1.19438,51.75666],[-1.18021,51.76587],[-1.22082,51.77226],[-1.2527,51.7865],[-1.24196,51.81],[-1.19452,51.79699],[-1.18732,51.81214],[-1.16741,51.81378],[-1.15408,51.79663],[-1.12682,51.7995],[-1.12354,51.79418]]]}},
{"type":"Feature","properties":{"area_code":"E07000180","area_name":"Vale of White Horse"},"geometry":{"type":"Polygon","coordinates":[[[-1.30282,51.78097],[-1.29074,51.75072],[-1.24131,51.72516],[-1.22213,51.68829],[-1.22681,51.67609],[-1.25004,51.66659],[-1.27811,51.66866],[-1.28947,51.64691],[-1.28052,51.64302],[-1.26308,51.65009],[-1.21906,51.64187],[-1.24307,51.62252],[-1.26538,51.61889],[-1.27327,51.61164],[-1.26506,51.60375],[-1.29022,51.5779],[-1.26929,51.58457],[-1.23006,51.58033],[-1.20387,51.59214],[-1.22679,51.53516],[-1.26066,51.53779],[-1.32872,51.56371],[-1.3424,51.54369],[-1.36732,51.55247],[-1.38378,51.54043],[-1.40486,51.54724],[-1.42277,51.53576],[-1.42659,51.5456],[-1.44783,51.53643],[-1.46442,51.53852],[-1.47074,51.52861],[-1.51294,51.55076],[-1.53096,51.54607],[-1.55501,51.55337],[-1.58119,51.53699],[-1.58471,51.52491],[-1.60281,51.5183],[-1.64769,51.57195],[-1.65504,51.57651],[-1.67654,51.56944],[-1.69111,51.58352],[-1.69062,51.60545],[-1.66701,51.61626],[-1.67374,51.62285],[-1.65995,51.63499],[-1.69194,51.65216],[-1.70019,51.67074],[-1.68306,51.69011],[-1.66846,51.68044],[-1.64825,51.68409],[-1.60604,51.69226],[-1.59856,51.68791],[-1.57564,51.70009],[-1.54519,51.70324],[-1.48987,51.69402],[-1.47904,51.70385],[-1.46456,51.69963],[-1.45901,51.7133],[-1.39192,51.7063],[-1.36871,51.72374],[-1.36378,51.77211],[-1.32234,51.78784],[-1.30499,51.7898],[-1.30282,51.78097]]]}},
{"type":"Feature","properties":{"area_code":"E07000181","area_name":"West Oxfordshire"},"geometry":{"type":"Polygon","coordinates":[[[-1.32234,51.78784],[-1.36378,51.77211],[-1.36871,51.72374],[-1.39192,51.7063],[-1.45901,51.7133],[-1.46456,51.69963],[-1.47904,51.70385],[-1.48987,51.69402],[-1.54519,51.70324],[-1.57564,51.70009],[-1.59856,51.68791],[-1.60604,51.69226],[-1.64825,51.68409],[-1.688,51.71204],[-1.69587,51.72354],[-1.68702,51.73988],[-1.7007,51.77058],[-1.71949,51.78321],[-1.68193,51.80399],[-1.68646,51.83446],[-1.67638,51.85031],[-1.68687,51.8655],[-1.66711,51.877],[-1.65865,51.89655],[-1.63305,51.89923],[-1.64553,51.92229],[-1.61519,51.93768],[-1.63249,51.95565],[-1.66253,51.964],[-1.66575,51.98749],[-1.61234,51.9554],[-1.59163,51.97045],[-1.6003,51.97694],[-1.56354,51.97704],[-1.54967,51.98086],[-1.55722,51.99166],[-1.52283,51.99684],[-1.49367,51.9749],[-1.45408,51.97967],[-1.43737,51.98919],[-1.40965,51.97271],[-1.40187,51.97987],[-1.37732,51.97964],[-1.3614,51.96854],[-1.36186,51.94838],[-1.33247,51.94215],[-1.33995,51.9349],[-1.29892,51.91316],[-1.30369,51.90261],[-1.29133,51.89668],[-1.29799,51.88839],[-1.28625,51.87484],[-1.30211,51.86912],[-1.29675,51.8611],[-1.33399,51.86248],[-1.33918,51.85617],[-1.342,51.83018],[-1.32669,51.82662],[-1.33834,51.81995],[-1.32234,51.78784]]]}},
{"type":"Feature","properties":{"area_code":"E07000187","area_name":"Mendip"},"geometry":{"type":"Polygon","coordinates":[[[-2.3463,51.13051],[-2.37146,51.14345],[-2.42815,51.14329],[-2.45384,51.12279],[-2.48208,51.11929],[-2.5217,51.10119],[-2.57924,51.08878],[-2.5981,51.09841],[-2.60116,51.08898],[-2.58605,51.08446],[-2.6013,51.08465],[-2.59801,51.07028],[-2.63263,51.06328],[-2.64253,51.08264],[-2.6344,51.08823],[-2.64823,51.10207],[-2.66396,51.09927],[-2.67451,51.08343],[-2.69734,51.07623],[-2.70815,51.08021],[-2.70585,51.07203],[-2.71547,51.07772],[-2.70741,51.09163],[-2.73445,51.10675],[-2.74713,51.09534],[-2.81987,51.10793],[-2.82431,51.12037],[-2.78611,51.11243],[-2.79679,51.12821],[-2.78601,51.15295],[-2.84269,51.17294],[-2.83795,51.19052],[-2.80704,51.17975],[-2.79384,51.20434],[-2.74594,51.20627],[-2.75154,51.22419],[-2.77974,51.2299],[-2.77804,51.24691],[-2.73869,51.26645],[-2.7272,51.26122],[-2.70989,51.27011],[-2.72059,51.27559],[-2.71497,51.28174],[-2.73299,51.28222],[-2.73279,51.30412],[-2.76563,51.30903],[-2.76464,51.32258],[-2.69488,51.31809],[-2.6387,51.29482],[-2.62749,51.28287],[-2.55782,51.30266],[-2.49722,51.29084],[-2.50636,51.27899],[-2.478,51.2731],[-2.47379,51.27799],[-2.45172,51.27425],[-2.40092,51.3048],[-2.38718,51.29464],[-2.28909,51.32527],[-2.27309,51.32288],[-2.27195,51.31425],[-2.28507,51.30946],[-2.28068,51.29346],[-2.26525,51.29622],[-2.2535,51.28983],[-2.24534,51.25388],[-2.29837,51.17544],[-2.3463,51.13051]]]}},
{"type":"Feature","properties":{"area_code":"E07000188","area_name":"Sedgemoor"},"geometry":{"type":"Polygon","coordinates":[[[-2.99987,51.32198],[-2.98627,51.31441],[-2.98982,51.29903],[-2.97262,51.29571],[-2.96204,51.30479],[-2.93688,51.30308],[-2.8971,51.29061],[-2.88492,51.30666],[-2.87715,51.30006],[-2.81024,51.30142],[-2.81867,51.32637],[-2.76464,51.32258],[-2.76563,51.30903],[-2.73279,51.30412],[-2.73299,51.28222],[-2.71497,51.28174],[-2.72059,51.27559],[-2.70989,51.27011],[-2.7272,51.26122],[-2.73869,51.26645],[-2.77804,51.24691],[-2.77974,51.2299],[-2.75154,51.22419],[-2.74594,51.20627],[-2.79384,51.20434],[-2.80704,51.17975],[-2.83795,51.19052],[-2.84269,51.17294],[-2.78601,51.15295],[-2.79679,51.12821],[-2.78611,51.11243],[-2.82431,51.12037],[-2.81987,51.10793],[-2.84995,51.10318],[-2.85729,51.07795],[-2.87743,51.08128],[-2.88819,51.0691],[-2.91219,51.08516],[-2.92526,51.08513],[-2.94875,51.07351],[-2.92683,51.06153],[-2.95778,51.04743],[-2.98215,51.04082],[-2.99745,51.05378],[-3.01624,51.05479],[-3.03121,51.04791],[-3.02468,51.05984],[-3.04645,51.06556],[-3.13796,51.0722],[-3.15995,51.09086],[-3.14086,51.09951],[-3.14217,51.10928],[-3.16843,51.10431],[-3.21588,51.12956],[-3.20547,51.14281],[-3.17868,51.14671],[-3.15754,51.16367],[-3.11373,51.16991],[-3.11623,51.17605],[-3.08547,51.19608],[-3.06747,51.19446],[-3.05166,51.20326],[-3.0538,51.20594],[-3.01926,51.21848],[-3.03255,51.19458],[-3.05111,51.18708],[-3.02564,51.19391],[-2.99778,51.22544],[-3.00021,51.24206],[-3.02181,51.26574],[-3.0114,51.32073],[-3.03593,51.32855],[-2.99987,51.32198]]]}},
{"type":"Feature","properties":{"area_code":"E07000189","area_name":"South Somerset"},"geometry":{"type":"Polygon","coordinates":[[[-2.3463,51.13051],[-2.34454,51.12468],[-2.36453,51.11888],[-2.36253,51.10162],[-2.32585,51.07968],[-2.34998,51.0688],[-2.33001,51.04134],[-2.38135,51.00492],[-2.37692,50.99076],[-2.3549,50.99088],[-2.34456,50.97883],[-2.41493,50.96058],[-2.42799,50.97139],[-2.44718,50.96785],[-2.44287,50.95966],[-2.4562,50.94934],[-2.49035,50.97277],[-2.50235,50.99384],[-2.52642,50.99191],[-2.54744,50.99954],[-2.54542,50.98508],[-2.55621,50.97954],[-2.57463,50.98669],[-2.58602,50.97687],[-2.59585,50.98134],[-2.60339,50.97634],[-2.5982,50.94857],[-2.61609,50.94058],[-2.60404,50.92672],[-2.62407,50.90787],[-2.60957,50.89155],[-2.6161,50.88163],[-2.66061,50.8871],[-2.71439,50.87114],[-2.71456,50.86389],[-2.7575,50.8669],[-2.79229,50.85282],[-2.81143,50.86341],[-2.82896,50.84866],[-2.88624,50.85059],[-2.93016,50.84093],[-2.95432,50.82117],[-2.96983,50.83418],[-2.97358,50.85571],[-3.03681,50.85107],[-3.03263,50.86164],[-3.05479,50.87462],[-3.05242,50.90826],[-3.08457,50.92165],[-3.08838,50.93801],[-3.03282,50.93631],[-3.00771,50.95707],[-2.98046,50.96499],[-2.97866,50.99762],[-2.94431,51.00327],[-2.95048,51.01127],[-2.88384,51.04579],[-2.89311,51.05503],[-2.88819,51.0691],[-2.87743,51.08128],[-2.85729,51.07795],[-2.84995,51.10318],[-2.81987,51.10793],[-2.74713,51.09534],[-2.73445,51.10675],[-2.70741,51.09163],[-2.71547,51.07772],[-2.70585,51.07203],[-2.70815,51.08021],[-2.69734,51.07623],[-2.67451,51.08343],[-2.66396,51.09927],[-2.64823,51.10207],[-2.6344,51.08823],[-2.64253,51.08264],[-2.63263,51.06328],[-2.59801,51.07028],[-2.6013,51.08465],[-2.58605,51.08446],[-2.60116,51.08898],[-2.5981,51.09841],[-2.57924,51.08878],[-2.5217,51.10119],[-2.48208,51.11929],[-2.45384,51.12279],[-2.42815,51.14329],[-2.37146,51.14345],[-2.3463,51.13051]]]}},
{"type":"Feature","properties":{"area_code":"E07000192","area_name":"Cannock Chase"},"geometry":{"type":"Polygon","coordinates":[[[-1.95457,52.66264],[-1.96096,52.64281],[-1.98655,52.64041],[-2.00408,52.66868],[-2.05188,52.6787],[-2.05463,52.69006],[-2.03099,52.70531],[-2.0268,52.73632],[-2.01758,52.75926],[-1.97313,52.76156],[-1.94394,52.77376],[-1.91164,52.75927],[-1.91081,52.75119],[-1.9377,52.71627],[-1.91551,52.71064],[-1.95925,52.68415],[-1.95457,52.66264]]]}},
{"type":"Feature","properties":{"area_code":"E07000193","area_name":"East Staffordshire"},"geometry":{"type":"Polygon","coordinates":[[[-1.746,52.86869],[-1.72532,52.85966],[-1.70434,52.86668],[-1.70061,52.86058],[-1.69027,52.86447],[-1.62675,52.85444],[-1.58535,52.83171],[-1.61049,52.8164],[-1.59183,52.80949],[-1.58887,52.79987],[-1.61435,52.78827],[-1.61113,52.7814],[-1.66654,52.78472],[-1.70416,52.73208],[-1.7506,52.73915],[-1.76715,52.75081],[-1.78417,52.7458],[-1.79053,52.75379],[-1.81753,52.75519],[-1.82842,52.76904],[-1.8095,52.78314],[-1.81785,52.79313],[-1.84236,52.79593],[-1.85374,52.78232],[-1.88988,52.80037],[-1.90194,52.79532],[-1.95133,52.80743],[-1.96787,52.82436],[-1.93678,52.84809],[-1.93598,52.87061],[-1.96054,52.87023],[-1.97966,52.89328],[-1.9997,52.89227],[-2.01275,52.90658],[-2.04153,52.91748],[-1.97112,52.94079],[-1.94051,52.93148],[-1.92689,52.9413],[-1.91019,52.93981],[-1.90355,52.94601],[-1.92547,52.96319],[-1.85991,52.97777],[-1.8806,52.9946],[-1.88418,53.02006],[-1.8716,53.02003],[-1.85603,53.0341],[-1.83048,53.03297],[-1.81314,53.02939],[-1.796,53.01321],[-1.78487,53.02458],[-1.79466,53.03934],[-1.77898,53.04484],[-1.75893,53.03732],[-1.7624,52.99986],[-1.82678,52.97709],[-1.8298,52.94571],[-1.85658,52.92339],[-1.82821,52.88443],[-1.77722,52.88381],[-1.746,52.86869]]]}},
{"type":"Feature","properties":{"area_code":"E07000194","area_name":"Lichfield"},"geometry":{"type":"Polygon","coordinates":[[[-1.70416,52.73208],[-1.65661,52.72175],[-1.65504,52.6988],[-1.59754,52.70042],[-1.58965,52.68726],[-1.64494,52.65752],[-1.68431,52.64725],[-1.72244,52.65138],[-1.73447,52.64459],[-1.73133,52.63279],[-1.70221,52.61585],[-1.69151,52.61751],[-1.70039,52.59091],[-1.72931,52.58793],[-1.74241,52.59433],[-1.78808,52.58786],[-1.79653,52.59912],[-1.82813,52.60872],[-1.85395,52.60193],[-1.87256,52.58494],[-1.89227,52.59915],[-1.88609,52.61541],[-1.91599,52.63529],[-1.90508,52.64321],[-1.91801,52.64989],[-1.91088,52.6565],[-1.93357,52.66161],[-1.9454,52.6563],[-1.95457,52.66264],[-1.95925,52.68415],[-1.91551,52.71064],[-1.9377,52.71627],[-1.91081,52.75119],[-1.91164,52.75927],[-1.94394,52.77376],[-1.95813,52.79849],[-1.95133,52.80743],[-1.90194,52.79532],[-1.88988,52.80037],[-1.85374,52.78232],[-1.84236,52.79593],[-1.81785,52.79313],[-1.8095,52.78314],[-1.82842,52.76904],[-1.81753,52.75519],[-1.79053,52.75379],[-1.78417,52.7458],[-1.76715,52.75081],[-1.7506,52.73915],[-1.70416,52.73208]]]}},
{"type":"Feature","properties":{"area_code":"E07000195","area_name":"Newcastle-under-Lyme"},"geometry":{"type":"Polygon","coordinates":[[[-2.18121,53.0898],[-2.19862,53.09272],[-2.23876,53.07334],[-2.20252,53.01996],[-2.21549,53.01531],[-2.20434,52.9814],[-2.21251,52.98058],[-2.27015,52.96348],[-2.27802,52.95125],[-2.26411,52.9237],[-2.31991,52.93243],[-2.34737,52.91411],[-2.35792,52.9186],[-2.37917,52.91289],[-2.37894,52.89172],[-2.44041,52.88123],[-2.44614,52.87401],[-2.47084,52.90587],[-2.43712,52.9436],[-2.42527,52.95],[-2.4056,52.94729],[-2.4129,52.96174],[-2.38621,52.95322],[-2.37972,52.97607],[-2.36873,52.97936],[-2.38079,52.99841],[-2.38304,53.00779],[-2.37047,53.01458],[-2.38423,53.02617],[-2.38125,53.05255],[-2.34759,53.05617],[-2.31805,53.08136],[-2.29338,53.07833],[-2.25325,53.09398],[-2.24741,53.08985],[-2.21131,53.11582],[-2.18121,53.0898]]]}},
{"type":"Feature","properties":{"area_code":"E07000196","area_name":"South Staffordshire"},"geometry":{"type":"Polygon","coordinates":[[[-2.0268,52.73632],[-2.03099,52.70531],[-2.05463,52.69006],[-2.05188,52.6787],[-2.00408,52.66868],[-1.98655,52.64041],[-2.02947,52.62567],[-2.03012,52.61695],[-2.05072,52.62052],[-2.081,52.6119],[-2.10124,52.63505],[-2.13164,52.63762],[-2.16835,52.61999],[-2.16916,52.60934],[-2.1964,52.60662],[-2.18919,52.58878],[-2.2067,52.58518],[-2.18034,52.5745],[-2.17553,52.55441],[-2.13349,52.55407],[-2.13559,52.53446],[-2.15221,52.5257],[-2.14421,52.51707],[-2.19194,52.50346],[-2.16742,52.47154],[-2.17648,52.45482],[-2.16485,52.4302],[-2.16771,52.42378],[-2.2695,52.43862],[-2.29496,52.44895],[-2.28738,52.45532],[-2.31275,52.48921],[-2.29139,52.51168],[-2.26094,52.5241],[-2.26922,52.53069],[-2.25641,52.5418],[-2.28248,52.5534],[-2.26194,52.56906],[-2.30029,52.59303],[-2.32202,52.59364],[-2.3238,52.61295],[-2.28158,52.60587],[-2.25617,52.6098],[-2.23289,52.64769],[-2.23471,52.65585],[-2.24769,52.65666],[-2.23872,52.6637],[-2.24773,52.68307],[-2.30304,52.68295],[-2.31991,52.6954],[-2.32483,52.70534],[-2.3086,52.72075],[-2.31558,52.73295],[-2.31221,52.74087],[-2.27496,52.74279],[-2.24535,52.71516],[-2.2168,52.73292],[-2.18773,52.73299],[-2.1779,52.74401],[-2.16073,52.74274],[-2.14704,52.78258],[-2.11458,52.76881],[-2.09896,52.77323],[-2.09516,52.78643],[-2.06596,52.77355],[-2.07616,52.76697],[-2.0434,52.76135],[-2.0268,52.73632]]]}},
{"type":"Feature","properties":{"area_code":"E07000197","area_name":"Stafford"},"geometry":{"type":"Polygon","coordinates":[[[-2.08813,52.97385],[-2.04303,52.95135],[-2.06304,52.92244],[-2.04153,52.91748],[-2.01275,52.90658],[-1.9997,52.89227],[-1.97966,52.89328],[-1.96054,52.87023],[-1.93598,52.87061],[-1.93678,52.84809],[-1.96787,52.82436],[-1.95133,52.80743],[-1.95813,52.79849],[-1.94394,52.77376],[-1.97313,52.76156],[-2.01758,52.75926],[-2.0268,52.73632],[-2.0434,52.76135],[-2.07616,52.76697],[-2.06596,52.77355],[-2.09516,52.78643],[-2.09896,52.77323],[-2.11458,52.76881],[-2.14704,52.78258],[-2.16073,52.74274],[-2.1779,52.74401],[-2.18773,52.73299],[-2.2168,52.73292],[-2.24535,52.71516],[-2.27496,52.74279],[-2.31221,52.74087],[-2.38503,52.78955],[-2.37141,52.79528],[-2.37765,52.81164],[-2.41635,52.82701],[-2.39376,52.83662],[-2.37894,52.89172],[-2.37917,52.91289],[-2.35792,52.9186],[-2.34737,52.91411],[-2.31991,52.93243],[-2.26411,52.9237],[-2.27802,52.95125],[-2.27015,52.96348],[-2.21251,52.98058],[-2.18161,52.94621],[-2.1769,52.95371],[-2.16259,52.95337],[-2.14571,52.97611],[-2.1304,52.97118],[-2.12166,52.95609],[-2.08122,52.96691],[-2.08813,52.97385]]]}},
{"type":"Feature","properties":{"area_code":"E07000198","area_name":"Staffordshire Moorlands"},"geometry":{"type":"Polygon","coordinates":[[[-1.89863,53.19996],[-1.86073,53.18843],[-1.81254,53.15434],[-1.82188,53.1367],[-1.78373,53.10283],[-1.79424,53.08839],[-1.77565,53.05935],[-1.77898,53.04484],[-1.79466,53.03934],[-1.78487,53.02458],[-1.796,53.01321],[-1.81314,53.02939],[-1.83048,53.03297],[-1.85603,53.0341],[-1.8716,53.02003],[-1.88418,53.02006],[-1.8806,52.9946],[-1.85991,52.97777],[-1.92547,52.96319],[-1.90355,52.94601],[-1.91019,52.93981],[-1.92689,52.9413],[-1.94051,52.93148],[-1.97112,52.94079],[-2.04153,52.91748],[-2.06304,52.92244],[-2.04303,52.95135],[-2.08813,52.97385],[-2.07924,52.9745],[-2.09189,52.98561],[-2.08857,52.99714],[-2.10495,52.99769],[-2.10347,53.01086],[-2.12374,53.02164],[-2.13178,53.04733],[-2.11658,53.04803],[-2.1254,53.06458],[-2.16115,53.07012],[-2.1717,53.08945],[-2.18121,53.0898],[-2.21131,53.11582],[-2.15564,53.15962],[-2.14141,53.15665],[-2.14044,53.18381],[-2.11208,53.16866],[-2.07023,53.17169],[-2.04653,53.19265],[-2.0002,53.19374],[-1.98741,53.21359],[-1.96236,53.22624],[-1.95671,53.21375],[-1.89863,53.19996]]]}},
{"type":"Feature","properties":{"area_code":"E07000199","area_name":"Tamworth"},"geometry":{"type":"Polygon","coordinates":[[[-1.70039,52.59091],[-1.69151,52.61751],[-1.70221,52.61585],[-1.73133,52.63279],[-1.73447,52.64459],[-1.72244,52.65138],[-1.68431,52.64725],[-1.64494,52.65752],[-1.63292,52.64348],[-1.64242,52.64094],[-1.64378,52.60335],[-1.66564,52.59225],[-1.70039,52.59091]]]}},
{"type":"Feature","properties":{"area_code":"E07000200","area_name":"Babergh"},"geometry":{"type":"MultiPolygon","coordinates":[[[[1.28257,51.96606],[1.28217,51.97108],[1.28592,51.96457],[1.28257,51.96606]]],[[[1.06117,51.95367],[1.05881,51.95593],[1.05992,51.95421],[1.04771,51.9595],[1.02471,51.9549],[0.99871,51.96397],[0.97098,51.96241],[0.96259,51.97716],[0.94291,51.97069],[0.92517,51.97619],[0.88969,51.97339],[0.85024,51.96077],[0.82465,51.96855],[0.81088,51.9607],[0.78147,51.96651],[0.77226,51.97042],[0.77463,51.98259],[0.75967,51.98543],[0.76115,51.99748],[0.73853,52.0107],[0.74063,52.0312],[0.7144,52.02732],[0.69651,52.0393],[0.6994,52.04844],[0.71626,52.04869],[0.70318,52.06527],[0.71212,52.07224],[0.6842,52.08697],[0.6569,52.08544],[0.62689,52.12899],[0.64537,52.16018],[0.6917,52.15758],[0.69815,52.18131],[0.71596,52.17928],[0.7228,52.1651],[0.73834,52.16997],[0.74199,52.15933],[0.75913,52.15751],[0.76869,52.175],[0.78692,52.17789],[0.81417,52.17073],[0.82606,52.16259],[0.86882,52.16558],[0.88158,52.1547],[0.89388,52.15768],[0.89237,52.15047],[0.93805,52.15754],[0.95155,52.11058],[0.97312,52.10692],[0.97078,52.09567],[1.00381,52.09861],[1.03598,52.06836],[1.04629,52.07811],[1.06486,52.06539],[1.1092,52.071],[1.12202,52.06152],[1.10728,52.04652],[1.11294,52.03458],[1.12958,52.02995],[1.15639,52.03478],[1.16021,52.0307],[1.15351,52.03401],[1.1709,52.01572],[1.17236,52.01418],[1.20358,52.00019],[1.21153,51.99662],[1.26739,51.98783],[1.27554,51.95763],[1.27202,51.9571],[1.24298,51.96141],[1.21966,51.95286],[1.20032,51.9546],[1.18734,51.95576],[1.16354,51.97053],[1.13042,51.95356],[1.08613,51.95893],[1.06882,51.95036],[1.06117,51.95367]]]]}},
{"type":"Feature","properties":{"area_code":"E07000202","area_name":"Ipswich"},"geometry":{"type":"Polygon","coordinates":[[[1.15784,52.08875],[1.16426,52.0795],[1.18989,52.08045],[1.20645,52.06402],[1.2018,52.03735],[1.22361,52.02943],[1.20948,52.02077],[1.18158,52.0205],[1.17719,52.02232],[1.16021,52.0307],[1.15639,52.03478],[1.12958,52.02995],[1.11294,52.03458],[1.10728,52.04652],[1.12202,52.06152],[1.1092,52.071],[1.11093,52.0892],[1.13853,52.08839],[1.14229,52.09447],[1.15784,52.08875]]]}},
{"type":"Feature","properties":{"area_code":"E07000203","area_name":"Mid Suffolk"},"geometry":{"type":"Polygon","coordinates":[[[1.15784,52.08875],[1.14229,52.09447],[1.13853,52.08839],[1.11093,52.0892],[1.1092,52.071],[1.06486,52.06539],[1.04629,52.07811],[1.03598,52.06836],[1.00381,52.09861],[0.97078,52.09567],[0.97312,52.10692],[0.95155,52.11058],[0.93805,52.15754],[0.89237,52.15047],[0.89388,52.15768],[0.88158,52.1547],[0.86882,52.16558],[0.82606,52.16259],[0.81417,52.17073],[0.83627,52.18217],[0.83813,52.19534],[0.81515,52.20391],[0.82713,52.23897],[0.79758,52.25123],[0.79944,52.26471],[0.82583,52.26652],[0.84387,52.2598],[0.84259,52.26803],[0.85633,52.26844],[0.84308,52.28492],[0.87363,52.29951],[0.88736,52.29272],[0.88294,52.30014],[0.90015,52.29892],[0.93112,52.31287],[0.92571,52.32736],[0.9327,52.33573],[0.95734,52.34037],[0.95317,52.35606],[0.96747,52.37011],[1.02996,52.37874],[1.06819,52.37852],[1.21387,52.35539],[1.26,52.3711],[1.28623,52.39069],[1.3163,52.38739],[1.3471,52.40441],[1.37486,52.39468],[1.40951,52.36327],[1.3574,52.33727],[1.35748,52.32216],[1.38402,52.31067],[1.38414,52.29411],[1.40165,52.2857],[1.35566,52.27408],[1.34443,52.28209],[1.3473,52.29341],[1.32759,52.29848],[1.34127,52.28445],[1.33977,52.26593],[1.30102,52.25902],[1.28673,52.24054],[1.24745,52.2289],[1.24181,52.20175],[1.25673,52.19836],[1.25417,52.18813],[1.23984,52.17043],[1.21397,52.16654],[1.1914,52.13998],[1.16947,52.13125],[1.17777,52.1207],[1.15784,52.08875]]]}},
{"type":"Feature","properties":{"area_code":"E07000207","area_name":"Elmbridge"},"geometry":{"type":"Polygon","coordinates":[[[-0.3177,51.39367],[-0.30737,51.37838],[-0.33051,51.34842],[-0.33066,51.32901],[-0.36032,51.3118],[-0.39693,51.31282],[-0.39474,51.29795],[-0.40533,51.29489],[-0.40954,51.30314],[-0.43996,51.30466],[-0.4457,51.32414],[-0.43716,51.32745],[-0.46234,51.32996],[-0.46365,51.34062],[-0.48116,51.34936],[-0.46697,51.35658],[-0.47548,51.36409],[-0.45799,51.38057],[-0.4426,51.38982],[-0.43221,51.38399],[-0.40958,51.40466],[-0.38335,51.40854],[-0.35914,51.4119],[-0.32782,51.39184],[-0.3177,51.39367]]]}},
{"type":"Feature","properties":{"area_code":"E07000208","area_name":"Epsom and Ewell"},"geometry":{"type":"Polygon","coordinates":[[[-0.22094,51.32986],[-0.24297,51.32128],[-0.24713,51.29804],[-0.2644,51.29955],[-0.27223,51.29233],[-0.30619,51.33508],[-0.28544,51.36425],[-0.26115,51.3796],[-0.24503,51.38003],[-0.2454,51.36685],[-0.22274,51.35709],[-0.21726,51.34339],[-0.22982,51.33652],[-0.22094,51.32986]]]}},
{"type":"Feature","properties":{"area_code":"E07000209","area_name":"Guildford"},"geometry":{"type":"Polygon","coordinates":[[[-0.39474,51.29795],[-0.38714,51.26508],[-0.39696,51.23789],[-0.43465,51.23991],[-0.42568,51.23032],[-0.43844,51.20968],[-0.40988,51.1927],[-0.40834,51.17571],[-0.41856,51.17318],[-0.44392,51.18359],[-0.45707,51.17495],[-0.50534,51.1836],[-0.50564,51.20502],[-0.53245,51.21345],[-0.55556,51.19926],[-0.57377,51.19831],[-0.57734,51.18811],[-0.5937,51.19126],[-0.58487,51.1986],[-0.5925,51.20288],[-0.61411,51.20805],[-0.63448,51.20211],[-0.63116,51.18413],[-0.64812,51.17584],[-0.66341,51.20025],[-0.68826,51.18871],[-0.70656,51.20271],[-0.73176,51.19692],[-0.74831,51.21068],[-0.74554,51.23046],[-0.72933,51.25611],[-0.73109,51.28036],[-0.70364,51.28416],[-0.6875,51.31381],[-0.64679,51.3119],[-0.64789,51.30436],[-0.61817,51.28271],[-0.60076,51.28611],[-0.54437,51.2655],[-0.53417,51.27371],[-0.54919,51.28466],[-0.54022,51.30097],[-0.5298,51.29756],[-0.5103,51.31312],[-0.50085,51.30656],[-0.47547,51.31636],[-0.48896,51.3299],[-0.46234,51.32996],[-0.43716,51.32745],[-0.4457,51.32414],[-0.43996,51.30466],[-0.40954,51.30314],[-0.40533,51.29489],[-0.39474,51.29795]]]}},
{"type":"Feature","properties":{"area_code":"E07000210","area_name":"Mole Valley"},"geometry":{"type":"Polygon","coordinates":[[[-0.27223,51.29233],[-0.26574,51.26139],[-0.22598,51.25379],[-0.25073,51.22708],[-0.23537,51.22235],[-0.22507,51.21232],[-0.23476,51.20609],[-0.21282,51.19332],[-0.2429,51.18951],[-0.24307,51.18283],[-0.2097,51.17231],[-0.18982,51.18141],[-0.17671,51.16685],[-0.21214,51.15545],[-0.21424,51.14846],[-0.25517,51.14414],[-0.25461,51.13905],[-0.30035,51.12474],[-0.39152,51.11651],[-0.4192,51.1052],[-0.41856,51.17318],[-0.40834,51.17571],[-0.40988,51.1927],[-0.43844,51.20968],[-0.42568,51.23032],[-0.43465,51.23991],[-0.39696,51.23789],[-0.38714,51.26508],[-0.39474,51.29795],[-0.39693,51.31282],[-0.36032,51.3118],[-0.33066,51.32901],[-0.30619,51.33508],[-0.27223,51.29233]]]}},
{"type":"Feature","properties":{"area_code":"E07000211","area_name":"Reigate and Banstead"},"geometry":{"type":"Polygon","coordinates":[[[-0.15652,51.32149],[-0.15532,51.30127],[-0.13731,51.30078],[-0.12429,51.28676],[-0.1268,51.26174],[-0.14566,51.25135],[-0.15496,51.23069],[-0.1455,51.21073],[-0.13585,51.21205],[-0.14351,51.18653],[-0.12772,51.16504],[-0.14046,51.16005],[-0.17671,51.16685],[-0.18982,51.18141],[-0.2097,51.17231],[-0.24307,51.18283],[-0.2429,51.18951],[-0.21282,51.19332],[-0.23476,51.20609],[-0.22507,51.21232],[-0.23537,51.22235],[-0.25073,51.22708],[-0.22598,51.25379],[-0.26574,51.26139],[-0.27223,51.29233],[-0.2644,51.29955],[-0.24713,51.29804],[-0.24297,51.32128],[-0.22094,51.32986],[-0.19732,51.3436],[-0.15652,51.32149]]]}},
{"type":"Feature","properties":{"area_code":"E07000212","area_name":"Runnymede"},"geometry":{"type":"Polygon","coordinates":[[[-0.52277,51.4353],[-0.51039,51.42978],[-0.51243,51.41722],[-0.4932,51.41189],[-0.48525,51.38718],[-0.47711,51.39032],[-0.45799,51.38057],[-0.47548,51.36409],[-0.46697,51.35658],[-0.48116,51.34936],[-0.51563,51.33886],[-0.54855,51.34802],[-0.55523,51.36194],[-0.56962,51.36034],[-0.57395,51.37082],[-0.6185,51.39239],[-0.59394,51.44166],[-0.57168,51.45101],[-0.52277,51.4353]]]}},
{"type":"Feature","properties":{"area_code":"E07000213","area_name":"Spelthorne"},"geometry":{"type":"Polygon","coordinates":[[[-0.5097,51.46918],[-0.45865,51.4563],[-0.45647,51.43811],[-0.39132,51.42232],[-0.38335,51.40854],[-0.40958,51.40466],[-0.43221,51.38399],[-0.4426,51.38982],[-0.45799,51.38057],[-0.47711,51.39032],[-0.48525,51.38718],[-0.4932,51.41189],[-0.51243,51.41722],[-0.51039,51.42978],[-0.52277,51.4353],[-0.54061,51.45785],[-0.52436,51.47153],[-0.5097,51.46918]]]}},
{"type":"Feature","properties":{"area_code":"E07000214","area_name":"Surrey Heath"},"geometry":{"type":"Polygon","coordinates":[[[-0.54855,51.34802],[-0.5769,51.33626],[-0.62592,51.33484],[-0.62351,51.31991],[-0.64679,51.3119],[-0.6875,51.31381],[-0.70364,51.28416],[-0.73109,51.28036],[-0.74417,51.30929],[-0.7629,51.31873],[-0.77547,51.33196],[-0.73534,51.36501],[-0.66763,51.38457],[-0.61634,51.38354],[-0.6185,51.39239],[-0.57395,51.37082],[-0.56962,51.36034],[-0.55523,51.36194],[-0.54855,51.34802]]]}},
{"type":"Feature","properties":{"area_code":"E07000215","area_name":"Tandridge"},"geometry":{"type":"Polygon","coordinates":[[[0.00226,51.32913],[0.01501,51.29179],[0.03291,51.30752],[0.0424,51.29267],[0.05824,51.24778],[0.0336,51.21434],[0.0526,51.18062],[0.05002,51.14265],[0.02736,51.13985],[-0.13757,51.14216],[-0.13296,51.15888],[-0.14046,51.16005],[-0.12772,51.16504],[-0.14351,51.18653],[-0.13585,51.21205],[-0.1455,51.21073],[-0.15496,51.23069],[-0.14566,51.25135],[-0.1268,51.26174],[-0.12429,51.28676],[-0.09117,51.30147],[-0.07892,51.31977],[-0.05131,51.32245],[-0.03789,51.3387],[0.00226,51.32913]]]}},
{"type":"Feature","properties":{"area_code":"E07000216","area_name":"Waverley"},"geometry":{"type":"Polygon","coordinates":[[[-0.75933,51.10326],[-0.74927,51.10325],[-0.74553,51.11219],[-0.76928,51.11714],[-0.7984,51.15253],[-0.8342,51.14758],[-0.82544,51.18136],[-0.84891,51.21072],[-0.80475,51.24506],[-0.80174,51.23904],[-0.77609,51.24196],[-0.74554,51.23046],[-0.74831,51.21068],[-0.73176,51.19692],[-0.70656,51.20271],[-0.68826,51.18871],[-0.66341,51.20025],[-0.64812,51.17584],[-0.63116,51.18413],[-0.63448,51.20211],[-0.61411,51.20805],[-0.5925,51.20288],[-0.58487,51.1986],[-0.5937,51.19126],[-0.57734,51.18811],[-0.57377,51.19831],[-0.55556,51.19926],[-0.53245,51.21345],[-0.50564,51.20502],[-0.50534,51.1836],[-0.45707,51.17495],[-0.44392,51.18359],[-0.41856,51.17318],[-0.4192,51.1052],[-0.49213,51.09448],[-0.50538,51.08826],[-0.53498,51.09358],[-0.53922,51.08202],[-0.57759,51.08665],[-0.60114,51.0797],[-0.62937,51.08899],[-0.69675,51.07149],[-0.75348,51.08646],[-0.75933,51.10326]]]}},
{"type":"Feature","properties":{"area_code":"E07000217","area_name":"Woking"},"geometry":{"type":"Polygon","coordinates":[[[-0.46234,51.32996],[-0.48896,51.3299],[-0.47547,51.31636],[-0.50085,51.30656],[-0.5103,51.31312],[-0.5298,51.29756],[-0.54022,51.30097],[-0.54919,51.28466],[-0.53417,51.27371],[-0.54437,51.2655],[-0.60076,51.28611],[-0.61817,51.28271],[-0.64789,51.30436],[-0.64679,51.3119],[-0.62351,51.31991],[-0.62592,51.33484],[-0.5769,51.33626],[-0.54855,51.34802],[-0.51563,51.33886],[-0.48116,51.34936],[-0.46365,51.34062],[-0.46234,51.32996]]]}},
{"type":"Feature","properties":{"area_code":"E07000218","area_name":"North Warwickshire"},"geometry":{"type":"Polygon","coordinates":[[[-1.55177,52.66746],[-1.54452,52.64461],[-1.57135,52.63527],[-1.55445,52.61476],[-1.56076,52.59616],[-1.52716,52.58274],[-1.52287,52.5706],[-1.45999,52.55159],[-1.48665,52.54039],[-1.55604,52.53193],[-1.55339,52.51341],[-1.5143,52.48286],[-1.51482,52.47627],[-1.54518,52.47266],[-1.53036,52.47041],[-1.53979,52.4648],[-1.56119,52.45522],[-1.58986,52.46191],[-1.59549,52.45592],[-1.62445,52.46354],[-1.6414,52.44334],[-1.66229,52.4443],[-1.66659,52.43547],[-1.67715,52.43636],[-1.75352,52.51297],[-1.75381,52.52121],[-1.72888,52.52456],[-1.74909,52.53142],[-1.756,52.55538],[-1.77423,52.56463],[-1.76355,52.57098],[-1.78808,52.58786],[-1.74241,52.59433],[-1.72931,52.58793],[-1.70039,52.59091],[-1.66564,52.59225],[-1.64378,52.60335],[-1.64242,52.64094],[-1.63292,52.64348],[-1.64494,52.65752],[-1.58965,52.68726],[-1.55177,52.66746]]]}},
{"type":"Feature","properties":{"area_code":"E07000219","area_name":"Nuneaton and Bedworth"},"geometry":{"type":"Polygon","coordinates":[[[-1.41734,52.53446],[-1.42887,52.51619],[-1.40546,52.51313],[-1.40503,52.47638],[-1.41041,52.46657],[-1.43762,52.46805],[-1.45905,52.45516],[-1.49198,52.45858],[-1.50503,52.45009],[-1.53979,52.4648],[-1.53036,52.47041],[-1.54518,52.47266],[-1.51482,52.47627],[-1.5143,52.48286],[-1.55339,52.51341],[-1.55604,52.53193],[-1.48665,52.54039],[-1.45999,52.55159],[-1.41734,52.53446]]]}},
{"type":"Feature","properties":{"area_code":"E07000220","area_name":"Rugby"},"geometry":{"type":"Polygon","coordinates":[[[-1.32509,52.50104],[-1.30595,52.4934],[-1.20161,52.39673],[-1.17497,52.35629],[-1.23339,52.34652],[-1.26535,52.32836],[-1.20923,52.3152],[-1.23378,52.29033],[-1.21573,52.26638],[-1.233,52.25326],[-1.25948,52.2565],[-1.2878,52.27363],[-1.30902,52.25747],[-1.38915,52.30086],[-1.41941,52.30375],[-1.40697,52.31912],[-1.43598,52.32842],[-1.44364,52.34554],[-1.4562,52.34678],[-1.44805,52.35368],[-1.46491,52.35808],[-1.46401,52.37327],[-1.43139,52.39687],[-1.43805,52.41026],[-1.42393,52.43298],[-1.45905,52.45516],[-1.43762,52.46805],[-1.41041,52.46657],[-1.40503,52.47638],[-1.40546,52.51313],[-1.42887,52.51619],[-1.41734,52.53446],[-1.32509,52.50104]]]}},
{"type":"Feature","properties":{"area_code":"E07000221","area_name":"Stratford-on-Avon"},"geometry":{"type":"Polygon","coordinates":[[[-1.77575,52.34796],[-1.76166,52.30801],[-1.73383,52.29352],[-1.72376,52.29846],[-1.68549,52.2828],[-1.66764,52.2855],[-1.67648,52.26975],[-1.66921,52.258],[-1.64593,52.25827],[-1.62136,52.24442],[-1.62494,52.23844],[-1.60695,52.23789],[-1.6259,52.22628],[-1.62123,52.21381],[-1.60202,52.22526],[-1.5744,52.2162],[-1.56006,52.23165],[-1.5282,52.22515],[-1.514,52.24183],[-1.49999,52.23759],[-1.47766,52.26174],[-1.43522,52.27279],[-1.44847,52.29407],[-1.42473,52.29428],[-1.41941,52.30375],[-1.38915,52.30086],[-1.30902,52.25747],[-1.2878,52.27363],[-1.25948,52.2565],[-1.233,52.25326],[-1.26689,52.23524],[-1.28464,52.23858],[-1.25478,52.19889],[-1.28119,52.19195],[-1.31313,52.19047],[-1.3319,52.16849],[-1.34871,52.13513],[-1.36615,52.13608],[-1.3933,52.11896],[-1.37084,52.11753],[-1.35777,52.10131],[-1.3854,52.09415],[-1.42586,52.11825],[-1.45346,52.11301],[-1.44719,52.09763],[-1.4773,52.10135],[-1.4878,52.09396],[-1.52283,51.99684],[-1.55722,51.99166],[-1.54967,51.98086],[-1.56354,51.97704],[-1.6003,51.97694],[-1.59163,51.97045],[-1.61234,51.9554],[-1.66575,51.98749],[-1.66617,51.99692],[-1.61753,52.03344],[-1.62442,52.03898],[-1.66387,52.03128],[-1.69398,52.03953],[-1.68864,52.05183],[-1.70514,52.05971],[-1.70173,52.07281],[-1.71295,52.06658],[-1.73067,52.0734],[-1.72856,52.10012],[-1.74602,52.09296],[-1.76765,52.11259],[-1.75766,52.11608],[-1.79577,52.12435],[-1.78579,52.1322],[-1.80843,52.13988],[-1.82322,52.13638],[-1.82335,52.14593],[-1.83967,52.15271],[-1.85419,52.13852],[-1.86693,52.15301],[-1.88977,52.15621],[-1.89423,52.14825],[-1.88512,52.14685],[-1.90347,52.13345],[-1.92189,52.15301],[-1.9443,52.15533],[-1.93548,52.16956],[-1.96041,52.16867],[-1.94164,52.17741],[-1.93563,52.20412],[-1.91746,52.21818],[-1.93461,52.25202],[-1.9374,52.27615],[-1.91598,52.27503],[-1.88648,52.28663],[-1.88093,52.31093],[-1.86857,52.31459],[-1.86483,52.33309],[-1.88897,52.36109],[-1.87203,52.3676],[-1.8078,52.36661],[-1.77575,52.34796]]]}},
{"type":"Feature","properties":{"area_code":"E07000222","area_name":"Warwick"},"geometry":{"type":"Polygon","coordinates":[[[-1.46401,52.37327],[-1.46491,52.35808],[-1.44805,52.35368],[-1.4562,52.34678],[-1.44364,52.34554],[-1.43598,52.32842],[-1.40697,52.31912],[-1.41941,52.30375],[-1.42473,52.29428],[-1.44847,52.29407],[-1.43522,52.27279],[-1.47766,52.26174],[-1.49999,52.23759],[-1.514,52.24183],[-1.5282,52.22515],[-1.56006,52.23165],[-1.5744,52.2162],[-1.60202,52.22526],[-1.62123,52.21381],[-1.6259,52.22628],[-1.60695,52.23789],[-1.62494,52.23844],[-1.62136,52.24442],[-1.64593,52.25827],[-1.66921,52.258],[-1.67648,52.26975],[-1.66764,52.2855],[-1.68549,52.2828],[-1.72376,52.29846],[-1.73383,52.29352],[-1.76166,52.30801],[-1.77575,52.34796],[-1.77922,52.36454],[-1.74617,52.35494],[-1.73497,52.37024],[-1.72047,52.37257],[-1.71855,52.35574],[-1.69389,52.35101],[-1.68445,52.36319],[-1.66089,52.36567],[-1.64842,52.35674],[-1.62251,52.36616],[-1.60107,52.3893],[-1.56761,52.38469],[-1.55241,52.36389],[-1.52465,52.3794],[-1.51391,52.36906],[-1.5045,52.37781],[-1.46401,52.37327]]]}},
{"type":"Feature","properties":{"area_code":"E07000223","area_name":"Adur"},"geometry":{"type":"Polygon","coordinates":[[[-0.24497,50.86381],[-0.21674,50.82755],[-0.24586,50.8265],[-0.24309,50.83044],[-0.25153,50.83014],[-0.24912,50.82641],[-0.26816,50.82612],[-0.27764,50.82678],[-0.29766,50.82339],[-0.3327,50.81744],[-0.33319,50.81738],[-0.35547,50.8271],[-0.36745,50.86053],[-0.3646,50.87453],[-0.3409,50.86262],[-0.25658,50.86234],[-0.2553,50.87155],[-0.24497,50.86381]]]}},
{"type":"Feature","properties":{"area_code":"E07000224","area_name":"Arun"},"geometry":{"type":"Polygon","coordinates":[[[-0.5531,50.90152],[-0.54296,50.89122],[-0.56104,50.88785],[-0.54887,50.88009],[-0.53818,50.88622],[-0.52479,50.88298],[-0.49992,50.89988],[-0.49312,50.88526],[-0.48284,50.8991],[-0.47659,50.88506],[-0.46492,50.88397],[-0.4515,50.89547],[-0.43998,50.87753],[-0.43052,50.89297],[-0.41174,50.88656],[-0.41316,50.87959],[-0.39272,50.89337],[-0.38006,50.88559],[-0.3639,50.88848],[-0.3646,50.87453],[-0.36745,50.86053],[-0.38158,50.86317],[-0.40928,50.85226],[-0.42279,50.86023],[-0.4223,50.84068],[-0.44601,50.83985],[-0.43575,50.80317],[-0.43596,50.80314],[-0.54201,50.80024],[-0.55498,50.79841],[-0.56836,50.79803],[-0.62515,50.78849],[-0.70167,50.77761],[-0.71084,50.77402],[-0.72555,50.77153],[-0.73885,50.76307],[-0.75107,50.75829],[-0.75627,50.76411],[-0.76309,50.77292],[-0.7638,50.77253],[-0.7648,50.77365],[-0.74983,50.78151],[-0.75509,50.79069],[-0.73476,50.79366],[-0.73474,50.80944],[-0.71911,50.80525],[-0.6899,50.81282],[-0.69203,50.84966],[-0.68112,50.86329],[-0.65035,50.86694],[-0.65494,50.90568],[-0.6492,50.90001],[-0.61739,50.90556],[-0.5531,50.90152]]]}},
{"type":"Feature","properties":{"area_code":"E07000225","area_name":"Chichester"},"geometry":{"type":"MultiPolygon","coordinates":[[[[-0.75627,50.76411],[-0.75107,50.75829],[-0.7516,50.75808],[-0.75627,50.76411]]],[[[-0.93949,50.8303],[-0.91207,50.82737],[-0.90785,50.8169],[-0.91108,50.80331],[-0.94258,50.8154],[-0.93949,50.8303]]],[[[-0.80408,50.72949],[-0.84286,50.75356],[-0.85893,50.7594],[-0.85955,50.75973],[-0.86045,50.75995],[-0.86706,50.76234],[-0.91682,50.78038],[-0.91232,50.78897],[-0.91562,50.78044],[-0.9049,50.78228],[-0.89223,50.79429],[-0.87815,50.80764],[-0.86603,50.80461],[-0.84473,50.79929],[-0.82537,50.80448],[-0.81578,50.81911],[-0.84457,50.80485],[-0.86584,50.81275],[-0.86881,50.81385],[-0.86567,50.81976],[-0.86124,50.82807],[-0.85841,50.83966],[-0.86517,50.8401],[-0.87089,50.84047],[-0.86576,50.82696],[-0.87758,50.8115],[-0.89231,50.81851],[-0.89503,50.83858],[-0.91346,50.84002],[-0.9124,50.82771],[-0.92084,50.83304],[-0.93511,50.83026],[-0.93248,50.84605],[-0.93448,50.84587],[-0.92645,50.86409],[-0.93861,50.87372],[-0.95758,50.89063],[-0.94025,50.91805],[-0.92401,50.9242],[-0.94211,50.94289],[-0.93185,50.94558],[-0.90786,50.99424],[-0.89335,51.00274],[-0.89699,51.02201],[-0.85281,51.04484],[-0.84285,51.06689],[-0.79776,51.06356],[-0.78079,51.07938],[-0.75348,51.08646],[-0.69675,51.07149],[-0.62937,51.08899],[-0.60114,51.0797],[-0.57759,51.08665],[-0.53922,51.08202],[-0.53498,51.09358],[-0.50538,51.08826],[-0.49213,51.09448],[-0.47841,51.06647],[-0.48413,51.05681],[-0.47564,51.05638],[-0.48393,51.04099],[-0.47319,51.03385],[-0.47586,51.02096],[-0.48622,51.01011],[-0.51068,51.00782],[-0.51765,50.99855],[-0.50727,50.99053],[-0.52486,50.98704],[-0.53375,50.95024],[-0.54967,50.95398],[-0.56871,50.94251],[-0.55607,50.92348],[-0.53697,50.91675],[-0.5515,50.91325],[-0.5531,50.90152],[-0.61739,50.90556],[-0.6492,50.90001],[-0.65494,50.90568],[-0.65035,50.86694],[-0.68112,50.86329],[-0.69203,50.84966],[-0.6899,50.81282],[-0.71911,50.80525],[-0.73474,50.80944],[-0.73476,50.79366],[-0.75509,50.79069],[-0.74983,50.78151],[-0.7648,50.77365],[-0.7638,50.77253],[-0.78682,50.75986],[-0.7728,50.76164],[-0.7618,50.75114],[-0.75011,50.75717],[-0.76159,50.74597],[-0.78838,50.72315],[-0.79379,50.72387],[-0.80408,50.72949]]]]}},
{"type":"Feature","properties":{"area_code":"E07000226","area_name":"Crawley"},"geometry":{"type":"Polygon","coordinates":[[[-0.14046,51.16005],[-0.13296,51.15888],[-0.13757,51.14216],[-0.14519,51.10264],[-0.17385,51.08932],[-0.21198,51.08658],[-0.21937,51.09957],[-0.23249,51.09735],[-0.23689,51.10944],[-0.20027,51.13909],[-0.25461,51.13905],[-0.25517,51.14414],[-0.21424,51.14846],[-0.21214,51.15545],[-0.17671,51.16685],[-0.14046,51.16005]]]}},
{"type":"Feature","properties":{"area_code":"E07000227","area_name":"Horsham"},"geometry":{"type":"Polygon","coordinates":[[[-0.21198,51.08658],[-0.21175,51.06464],[-0.22263,51.06021],[-0.22676,51.04157],[-0.21916,51.03792],[-0.24694,51.03351],[-0.24908,51.02495],[-0.23665,51.02108],[-0.2453,51.01233],[-0.23202,51.01085],[-0.24087,50.95272],[-0.22446,50.94295],[-0.23194,50.93582],[-0.22378,50.91178],[-0.24415,50.90736],[-0.24866,50.87307],[-0.23924,50.86789],[-0.24497,50.86381],[-0.2553,50.87155],[-0.25658,50.86234],[-0.3409,50.86262],[-0.3646,50.87453],[-0.3639,50.88848],[-0.38006,50.88559],[-0.39272,50.89337],[-0.41316,50.87959],[-0.41174,50.88656],[-0.43052,50.89297],[-0.43998,50.87753],[-0.4515,50.89547],[-0.46492,50.88397],[-0.47659,50.88506],[-0.48284,50.8991],[-0.49312,50.88526],[-0.49992,50.89988],[-0.52479,50.88298],[-0.53818,50.88622],[-0.54887,50.88009],[-0.56104,50.88785],[-0.54296,50.89122],[-0.5531,50.90152],[-0.5515,50.91325],[-0.53697,50.91675],[-0.55607,50.92348],[-0.56871,50.94251],[-0.54967,50.95398],[-0.53375,50.95024],[-0.52486,50.98704],[-0.50727,50.99053],[-0.51765,50.99855],[-0.51068,51.00782],[-0.48622,51.01011],[-0.47586,51.02096],[-0.47319,51.03385],[-0.48393,51.04099],[-0.47564,51.05638],[-0.48413,51.05681],[-0.47841,51.06647],[-0.49213,51.09448],[-0.4192,51.1052],[-0.39152,51.11651],[-0.30035,51.12474],[-0.25461,51.13905],[-0.20027,51.13909],[-0.23689,51.10944],[-0.23249,51.09735],[-0.21937,51.09957],[-0.21198,51.08658]]]}},
{"type":"Feature","properties":{"area_code":"E07000228","area_name":"Mid Sussex"},"geometry":{"type":"Polygon","coordinates":[[[-0.01641,51.00251],[-0.0246,50.98003],[-0.06159,50.97842],[-0.07362,50.99168],[-0.11521,50.97608],[-0.10417,50.94648],[-0.11973,50.94234],[-0.13501,50.88663],[-0.16813,50.88075],[-0.16861,50.89237],[-0.18242,50.88832],[-0.18773,50.86857],[-0.22672,50.87818],[-0.23924,50.86789],[-0.24866,50.87307],[-0.24415,50.90736],[-0.22378,50.91178],[-0.23194,50.93582],[-0.22446,50.94295],[-0.24087,50.95272],[-0.23202,51.01085],[-0.2453,51.01233],[-0.23665,51.02108],[-0.24908,51.02495],[-0.24694,51.03351],[-0.21916,51.03792],[-0.22676,51.04157],[-0.22263,51.06021],[-0.21175,51.06464],[-0.21198,51.08658],[-0.17385,51.08932],[-0.14519,51.10264],[-0.13757,51.14216],[0.02736,51.13985],[0.02815,51.11772],[0.04456,51.11064],[0.01862,51.10358],[0.00951,51.11039],[0.01047,51.10218],[-0.03621,51.09343],[-0.02685,51.07511],[-0.01326,51.07397],[-0.00855,51.05646],[0.01373,51.05701],[-0.003,51.04756],[-0.00157,51.03575],[-0.02191,51.02651],[-0.01641,51.00251]]]}},
{"type":"Feature","properties":{"area_code":"E07000229","area_name":"Worthing"},"geometry":{"type":"Polygon","coordinates":[[[-0.36745,50.86053],[-0.35547,50.8271],[-0.33319,50.81738],[-0.43575,50.80317],[-0.44601,50.83985],[-0.4223,50.84068],[-0.42279,50.86023],[-0.40928,50.85226],[-0.38158,50.86317],[-0.36745,50.86053]]]}},
{"type":"Feature","properties":{"area_code":"E07000234","area_name":"Bromsgrove"},"geometry":{"type":"Polygon","coordinates":[[[-2.01699,52.43268],[-1.98604,52.41673],[-2.03364,52.40233],[-1.99849,52.38114],[-1.95361,52.39337],[-1.93431,52.38724],[-1.91368,52.40746],[-1.8827,52.39981],[-1.86875,52.40474],[-1.8455,52.39978],[-1.87203,52.3676],[-1.88897,52.36109],[-1.86483,52.33309],[-1.86857,52.31459],[-1.88093,52.31093],[-1.89187,52.32143],[-1.95506,52.32101],[-1.98201,52.30831],[-1.98415,52.2921],[-2.00202,52.28814],[-2.00246,52.27958],[-2.09169,52.28856],[-2.08516,52.3135],[-2.12406,52.3145],[-2.11328,52.33716],[-2.13147,52.34708],[-2.12773,52.35224],[-2.13717,52.34998],[-2.11921,52.35789],[-2.1377,52.3939],[-2.12625,52.4033],[-2.13404,52.4103],[-2.15826,52.40928],[-2.16771,52.42378],[-2.16485,52.4302],[-2.13603,52.42627],[-2.09857,52.44528],[-2.08482,52.4322],[-2.06805,52.4352],[-2.06247,52.42743],[-2.05578,52.44131],[-2.03788,52.44156],[-2.03699,52.42755],[-2.01699,52.43268]]]}},
{"type":"Feature","properties":{"area_code":"E07000235","area_name":"Malvern Hills"},"geometry":{"type":"Polygon","coordinates":[[[-2.26642,52.32361],[-2.27507,52.27226],[-2.25189,52.26676],[-2.23183,52.24991],[-2.24327,52.22185],[-2.23489,52.21146],[-2.24877,52.21075],[-2.26188,52.18195],[-2.25261,52.18349],[-2.24718,52.16956],[-2.22769,52.16368],[-2.20337,52.16732],[-2.18958,52.14602],[-2.16492,52.14283],[-2.19641,52.12483],[-2.14875,52.10325],[-2.15832,52.08453],[-2.14998,52.07543],[-2.15813,52.06123],[-2.17539,52.05865],[-2.17138,52.04757],[-2.18068,52.04173],[-2.17691,52.02256],[-2.18768,52.01908],[-2.16463,51.99614],[-2.18075,51.99962],[-2.18508,51.99056],[-2.22061,51.9955],[-2.25136,51.96656],[-2.27056,51.96894],[-2.30043,51.96678],[-2.31262,51.9765],[-2.32654,51.97579],[-2.32471,52.00357],[-2.35254,52.01354],[-2.35138,52.02136],[-2.33796,52.08988],[-2.35215,52.10349],[-2.3514,52.14462],[-2.37932,52.15511],[-2.41519,52.14524],[-2.43518,52.16822],[-2.42195,52.17248],[-2.40784,52.20275],[-2.39268,52.20861],[-2.40389,52.22145],[-2.3844,52.22523],[-2.42307,52.23726],[-2.46486,52.23437],[-2.4747,52.24136],[-2.4681,52.25604],[-2.428,52.27061],[-2.4514,52.28508],[-2.50311,52.27745],[-2.49565,52.25694],[-2.52582,52.2481],[-2.53167,52.25328],[-2.57421,52.25273],[-2.62897,52.24037],[-2.6283,52.26116],[-2.59793,52.28162],[-2.63988,52.28638],[-2.66321,52.30392],[-2.61803,52.30696],[-2.57485,52.31758],[-2.56264,52.31114],[-2.56222,52.33311],[-2.53915,52.34414],[-2.51213,52.33711],[-2.5132,52.32921],[-2.4818,52.33108],[-2.48833,52.3554],[-2.47477,52.36715],[-2.41492,52.36825],[-2.42099,52.33306],[-2.43413,52.32266],[-2.36987,52.32681],[-2.36328,52.31485],[-2.33402,52.31892],[-2.31093,52.34055],[-2.29916,52.32236],[-2.27389,52.32893],[-2.26642,52.32361]]]}},
{"type":"Feature","properties":{"area_code":"E07000236","area_name":"Redditch"},"geometry":{"type":"Polygon","coordinates":[[[-1.88093,52.31093],[-1.88648,52.28663],[-1.91598,52.27503],[-1.9374,52.27615],[-1.93461,52.25202],[-1.96759,52.23703],[-2.01674,52.23728],[-2.01553,52.27],[-2.00246,52.27958],[-2.00202,52.28814],[-1.98415,52.2921],[-1.98201,52.30831],[-1.95506,52.32101],[-1.89187,52.32143],[-1.88093,52.31093]]]}},
{"type":"Feature","properties":{"area_code":"E07000237","area_name":"Worcester"},"geometry":{"type":"Polygon","coordinates":[[[-2.20337,52.16732],[-2.22769,52.16368],[-2.24718,52.16956],[-2.25261,52.18349],[-2.26188,52.18195],[-2.24877,52.21075],[-2.23489,52.21146],[-2.24327,52.22185],[-2.22158,52.23141],[-2.15741,52.21314],[-2.17115,52.18456],[-2.20337,52.16732]]]}},
{"type":"Feature","properties":{"area_code":"E07000238","area_name":"Wychavon"},"geometry":{"type":"Polygon","coordinates":[[[-2.13717,52.34998],[-2.12773,52.35224],[-2.13147,52.34708],[-2.11328,52.33716],[-2.12406,52.3145],[-2.08516,52.3135],[-2.09169,52.28856],[-2.00246,52.27958],[-2.01553,52.27],[-2.01674,52.23728],[-1.96759,52.23703],[-1.93461,52.25202],[-1.91746,52.21818],[-1.93563,52.20412],[-1.94164,52.17741],[-1.96041,52.16867],[-1.93548,52.16956],[-1.9443,52.15533],[-1.92189,52.15301],[-1.90347,52.13345],[-1.88512,52.14685],[-1.89423,52.14825],[-1.88977,52.15621],[-1.86693,52.15301],[-1.85419,52.13852],[-1.83967,52.15271],[-1.82335,52.14593],[-1.82322,52.13638],[-1.80843,52.13988],[-1.78579,52.1322],[-1.79577,52.12435],[-1.75766,52.11608],[-1.76765,52.11259],[-1.80229,52.09694],[-1.81274,52.07874],[-1.81894,52.0854],[-1.83175,52.07277],[-1.84662,52.07942],[-1.87441,52.06999],[-1.86345,52.05342],[-1.83459,52.04373],[-1.82502,52.03093],[-1.83905,52.00678],[-1.91345,52.04446],[-1.93173,52.02996],[-1.95139,52.03773],[-1.98414,52.03588],[-2.03836,52.0046],[-2.04951,52.0038],[-2.06078,52.01468],[-2.08487,52.01048],[-2.1122,52.01534],[-2.14069,51.99946],[-2.14966,52.01126],[-2.1394,52.02789],[-2.11722,52.03361],[-2.11838,52.04211],[-2.17138,52.04757],[-2.17539,52.05865],[-2.15813,52.06123],[-2.14998,52.07543],[-2.15832,52.08453],[-2.14875,52.10325],[-2.19641,52.12483],[-2.16492,52.14283],[-2.18958,52.14602],[-2.20337,52.16732],[-2.17115,52.18456],[-2.15741,52.21314],[-2.22158,52.23141],[-2.24327,52.22185],[-2.23183,52.24991],[-2.25189,52.26676],[-2.27507,52.27226],[-2.26642,52.32361],[-2.26037,52.32831],[-2.27178,52.33263],[-2.24951,52.34567],[-2.24568,52.36104],[-2.21048,52.35518],[-2.19046,52.32894],[-2.17088,52.33164],[-2.17462,52.31665],[-2.13717,52.34998]]]}},
{"type":"Feature","properties":{"area_code":"E07000239","area_name":"Wyre Forest"},"geometry":{"type":"Polygon","coordinates":[[[-2.16771,52.42378],[-2.15826,52.40928],[-2.13404,52.4103],[-2.12625,52.4033],[-2.1377,52.3939],[-2.11921,52.35789],[-2.13717,52.34998],[-2.17462,52.31665],[-2.17088,52.33164],[-2.19046,52.32894],[-2.21048,52.35518],[-2.24568,52.36104],[-2.24951,52.34567],[-2.27178,52.33263],[-2.26037,52.32831],[-2.26642,52.32361],[-2.27389,52.32893],[-2.29916,52.32236],[-2.31093,52.34055],[-2.33402,52.31892],[-2.36328,52.31485],[-2.36987,52.32681],[-2.43413,52.32266],[-2.42099,52.33306],[-2.41492,52.36825],[-2.41047,52.38715],[-2.39067,52.38153],[-2.36735,52.38806],[-2.33553,52.38535],[-2.37295,52.40196],[-2.36353,52.43943],[-2.31175,52.43753],[-2.28738,52.45532],[-2.29496,52.44895],[-2.2695,52.43862],[-2.16771,52.42378]]]}},
{"type":"Feature","properties":{"area_code":"E07000240","area_name":"St Albans"},"geometry":{"type":"Polygon","coordinates":[[[-0.27354,51.83536],[-0.24326,51.81238],[-0.27754,51.79779],[-0.27584,51.77225],[-0.24238,51.745],[-0.24443,51.73189],[-0.25514,51.72954],[-0.26479,51.73802],[-0.2843,51.733],[-0.28641,51.7211],[-0.27695,51.72128],[-0.30198,51.70807],[-0.30002,51.69652],[-0.32233,51.69348],[-0.32686,51.70348],[-0.35411,51.69894],[-0.35532,51.6906],[-0.372,51.68759],[-0.37536,51.69251],[-0.37556,51.69291],[-0.38077,51.70699],[-0.40499,51.71254],[-0.40246,51.72116],[-0.42208,51.74084],[-0.42283,51.76599],[-0.44058,51.78688],[-0.41337,51.79119],[-0.41197,51.80028],[-0.42883,51.80676],[-0.41411,51.81909],[-0.41628,51.83576],[-0.40486,51.84061],[-0.37336,51.82923],[-0.36331,51.8421],[-0.33949,51.84961],[-0.3194,51.83665],[-0.27354,51.83536]]]}},
{"type":"Feature","properties":{"area_code":"E07000241","area_name":"Welwyn Hatfield"},"geometry":{"type":"Polygon","coordinates":[[[-0.17279,51.85659],[-0.16676,51.84418],[-0.17853,51.84119],[-0.16848,51.83042],[-0.1836,51.81507],[-0.14797,51.79902],[-0.1667,51.79255],[-0.14144,51.77374],[-0.13841,51.73728],[-0.10119,51.74513],[-0.09214,51.74321],[-0.09865,51.73595],[-0.11408,51.72081],[-0.10578,51.69188],[-0.16349,51.68812],[-0.16312,51.69986],[-0.18333,51.70652],[-0.21991,51.71372],[-0.23897,51.70614],[-0.25514,51.72954],[-0.24443,51.73189],[-0.24238,51.745],[-0.27584,51.77225],[-0.27754,51.79779],[-0.24326,51.81238],[-0.27354,51.83536],[-0.24779,51.84623],[-0.24162,51.8353],[-0.22491,51.83323],[-0.22576,51.84454],[-0.21293,51.8514],[-0.20596,51.8464],[-0.21457,51.8396],[-0.19891,51.84415],[-0.20669,51.85426],[-0.19683,51.85938],[-0.17279,51.85659]]]}},
{"type":"Feature","properties":{"area_code":"E07000242","area_name":"East Hertfordshire"},"geometry":{"type":"Polygon","coordinates":[[[0.06906,51.98404],[0.09646,51.98433],[0.10701,51.97182],[0.12485,51.92361],[0.12476,51.88459],[0.18385,51.8935],[0.17498,51.88281],[0.19559,51.86809],[0.17047,51.86162],[0.16625,51.82215],[0.17258,51.8163],[0.15831,51.81352],[0.14614,51.79624],[0.05766,51.77967],[0.0268,51.77418],[0.01403,51.76438],[0.00557,51.78007],[-0.01813,51.78052],[-0.02168,51.77354],[-0.0479,51.76881],[-0.05831,51.7347],[-0.09865,51.73595],[-0.09214,51.74321],[-0.10119,51.74513],[-0.13841,51.73728],[-0.14144,51.77374],[-0.1667,51.79255],[-0.14797,51.79902],[-0.1836,51.81507],[-0.16848,51.83042],[-0.17853,51.84119],[-0.16676,51.84418],[-0.17279,51.85659],[-0.16449,51.86183],[-0.17358,51.87533],[-0.14682,51.87057],[-0.1513,51.88539],[-0.16118,51.88498],[-0.15302,51.899],[-0.16218,51.92034],[-0.14563,51.93399],[-0.11928,51.9283],[-0.12016,51.94219],[-0.11015,51.9419],[-0.10701,51.95396],[-0.07466,51.97116],[-0.06554,51.95685],[-0.04019,51.9677],[-0.0482,51.97945],[-0.03063,51.98381],[-0.02373,51.99717],[-0.00304,51.99345],[0.00247,51.98305],[0.03503,51.98963],[0.06906,51.98404]]]}},
{"type":"Feature","properties":{"area_code":"E07000243","area_name":"Stevenage"},"geometry":{"type":"Polygon","coordinates":[[[-0.16218,51.92034],[-0.15302,51.899],[-0.16118,51.88498],[-0.1513,51.88539],[-0.14682,51.87057],[-0.17358,51.87533],[-0.1919,51.88292],[-0.2042,51.88014],[-0.23437,51.90525],[-0.22657,51.93011],[-0.18461,51.93241],[-0.16218,51.92034]]]}},
{"type":"Feature","properties":{"area_code":"E07000244","area_name":"East Suffolk"},"geometry":{"type":"Polygon","coordinates":[[[1.74037,52.5321],[1.74087,52.53121],[1.76357,52.48164],[1.75764,52.47693],[1.7562,52.47155],[1.73735,52.45075],[1.73457,52.44797],[1.73453,52.44765],[1.73426,52.44735],[1.72806,52.40037],[1.71474,52.37733],[1.70407,52.35996],[1.67553,52.31342],[1.66719,52.31167],[1.66105,52.30529],[1.64997,52.30019],[1.6345,52.27902],[1.63431,52.27749],[1.63292,52.27603],[1.62247,52.18673],[1.62065,52.18265],[1.5801,52.09115],[1.49979,52.06126],[1.48628,52.05623],[1.49983,52.0618],[1.54212,52.07919],[1.51796,52.07587],[1.51052,52.06956],[1.50132,52.07069],[1.50048,52.07013],[1.46784,52.04851],[1.4625,52.04664],[1.43017,52.00484],[1.39421,51.98725],[1.38854,51.9994],[1.36158,52.00619],[1.39147,51.98932],[1.38877,51.97934],[1.34492,51.95692],[1.31995,51.93325],[1.31632,51.94867],[1.3159,51.95119],[1.3157,51.95128],[1.31567,51.95141],[1.31485,51.95166],[1.28592,51.96457],[1.28217,51.97108],[1.28042,51.99309],[1.21545,52.00651],[1.20436,52.0111],[1.19473,52.01507],[1.18158,52.0205],[1.20948,52.02077],[1.22361,52.02943],[1.2018,52.03735],[1.20645,52.06402],[1.18989,52.08045],[1.16426,52.0795],[1.15784,52.08875],[1.17777,52.1207],[1.16947,52.13125],[1.1914,52.13998],[1.21397,52.16654],[1.23984,52.17043],[1.25417,52.18813],[1.25673,52.19836],[1.24181,52.20175],[1.24745,52.2289],[1.28673,52.24054],[1.30102,52.25902],[1.33977,52.26593],[1.34127,52.28445],[1.32759,52.29848],[1.3473,52.29341],[1.34443,52.28209],[1.35566,52.27408],[1.40165,52.2857],[1.38414,52.29411],[1.38402,52.31067],[1.35748,52.32216],[1.3574,52.33727],[1.40951,52.36327],[1.37486,52.39468],[1.3471,52.40441],[1.36366,52.42748],[1.40791,52.44441],[1.43259,52.44534],[1.43327,52.45596],[1.41102,52.4616],[1.42015,52.47105],[1.44617,52.45601],[1.48074,52.47189],[1.50802,52.46175],[1.52973,52.46835],[1.55782,52.4577],[1.56802,52.47463],[1.58619,52.47869],[1.6185,52.46328],[1.63454,52.46295],[1.64655,52.472],[1.65883,52.4684],[1.68247,52.49505],[1.67208,52.50387],[1.65428,52.50142],[1.62858,52.52602],[1.66771,52.55024],[1.70201,52.54466],[1.726,52.53064],[1.74037,52.5321]]]}},
{"type":"Feature","properties":{"area_code":"E07000245","area_name":"West Suffolk"},"geometry":{"type":"Polygon","coordinates":[[[0.96747,52.37011],[0.95317,52.35606],[0.95734,52.34037],[0.9327,52.33573],[0.92571,52.32736],[0.93112,52.31287],[0.90015,52.29892],[0.88294,52.30014],[0.88736,52.29272],[0.87363,52.29951],[0.84308,52.28492],[0.85633,52.26844],[0.84259,52.26803],[0.84387,52.2598],[0.82583,52.26652],[0.79944,52.26471],[0.79758,52.25123],[0.82713,52.23897],[0.81515,52.20391],[0.83813,52.19534],[0.83627,52.18217],[0.81417,52.17073],[0.78692,52.17789],[0.76869,52.175],[0.75913,52.15751],[0.74199,52.15933],[0.73834,52.16997],[0.7228,52.1651],[0.71596,52.17928],[0.69815,52.18131],[0.6917,52.15758],[0.64537,52.16018],[0.62689,52.12899],[0.6569,52.08544],[0.58213,52.07585],[0.55149,52.06881],[0.54226,52.05776],[0.51105,52.05983],[0.50168,52.05385],[0.46667,52.07846],[0.45362,52.06815],[0.43828,52.07233],[0.40464,52.0655],[0.395,52.09597],[0.3818,52.1027],[0.38959,52.11747],[0.41828,52.13436],[0.41728,52.15931],[0.43592,52.1595],[0.45219,52.1732],[0.47073,52.16326],[0.49133,52.1651],[0.51448,52.22678],[0.49493,52.23926],[0.48034,52.23268],[0.42696,52.2536],[0.41452,52.24786],[0.42134,52.23969],[0.37125,52.22656],[0.34268,52.24234],[0.36089,52.24942],[0.34,52.26769],[0.359,52.29754],[0.38272,52.29327],[0.42421,52.25587],[0.4988,52.27302],[0.50477,52.28472],[0.45762,52.31625],[0.43138,52.31583],[0.42422,52.32922],[0.4425,52.34883],[0.40762,52.36157],[0.37478,52.40973],[0.42934,52.43643],[0.44554,52.44737],[0.52366,52.44818],[0.5547,52.45603],[0.5825,52.45186],[0.64183,52.45096],[0.66632,52.46251],[0.68397,52.45316],[0.71865,52.44971],[0.6685,52.40897],[0.69077,52.39753],[0.73759,52.39514],[0.7474,52.38319],[0.76597,52.39036],[0.80817,52.38952],[0.84093,52.4008],[0.86687,52.39035],[0.93023,52.38884],[0.96747,52.37011]]]}},
{"type":"Feature","properties":{"area_code":"E07000246","area_name":"Somerset West and Taunton"},"geometry":{"type":"Polygon","coordinates":[[[-3.0538,51.20594],[-3.05166,51.20326],[-3.06747,51.19446],[-3.08547,51.19608],[-3.11623,51.17605],[-3.11373,51.16991],[-3.15754,51.16367],[-3.17868,51.14671],[-3.20547,51.14281],[-3.21588,51.12956],[-3.16843,51.10431],[-3.14217,51.10928],[-3.14086,51.09951],[-3.15995,51.09086],[-3.13796,51.0722],[-3.04645,51.06556],[-3.02468,51.05984],[-3.03121,51.04791],[-3.01624,51.05479],[-2.99745,51.05378],[-2.98215,51.04082],[-2.95778,51.04743],[-2.92683,51.06153],[-2.94875,51.07351],[-2.92526,51.08513],[-2.91219,51.08516],[-2.88819,51.0691],[-2.89311,51.05503],[-2.88384,51.04579],[-2.95048,51.01127],[-2.94431,51.00327],[-2.97866,50.99762],[-2.98046,50.96499],[-3.00771,50.95707],[-3.03282,50.93631],[-3.08838,50.93801],[-3.08457,50.92165],[-3.05242,50.90826],[-3.12634,50.90172],[-3.14418,50.89139],[-3.18787,50.91042],[-3.16648,50.94771],[-3.25483,50.94185],[-3.29385,50.95514],[-3.33367,50.98279],[-3.37866,50.97751],[-3.38049,51.01849],[-3.41417,51.0197],[-3.4213,51.03078],[-3.46019,51.02522],[-3.48337,51.03383],[-3.50427,51.03011],[-3.52043,51.02587],[-3.51888,51.0148],[-3.53505,51.00335],[-3.60321,51.00723],[-3.61465,51.01549],[-3.59447,51.05519],[-3.64671,51.05806],[-3.69241,51.08059],[-3.71995,51.08081],[-3.80429,51.11569],[-3.83449,51.13838],[-3.83918,51.17692],[-3.7863,51.17193],[-3.72498,51.17959],[-3.7332,51.22273],[-3.72055,51.23307],[-3.72017,51.23303],[-3.63329,51.22387],[-3.62185,51.21707],[-3.62097,51.21738],[-3.61984,51.21673],[-3.5788,51.23214],[-3.54274,51.23234],[-3.49612,51.22378],[-3.47032,51.20812],[-3.44763,51.20892],[-3.43267,51.20023],[-3.40203,51.18242],[-3.27725,51.17956],[-3.15293,51.20884],[-3.14663,51.20939],[-3.12576,51.21121],[-3.07606,51.20135],[-3.05456,51.20567],[-3.0538,51.20594]]]}},
{"type":"Feature","properties":{"area_code":"E08000001","area_name":"Bolton"},"geometry":{"type":"Polygon","coordinates":[[[-2.37913,53.63087],[-2.37944,53.6203],[-2.36299,53.61031],[-2.37706,53.59292],[-2.37399,53.57084],[-2.35603,53.56067],[-2.35898,53.55294],[-2.37359,53.55391],[-2.34148,53.54588],[-2.33819,53.53361],[-2.3537,53.53506],[-2.35439,53.52624],[-2.43715,53.54225],[-2.4511,53.52861],[-2.50585,53.53899],[-2.53375,53.52301],[-2.5696,53.54785],[-2.55963,53.56123],[-2.57766,53.58106],[-2.62591,53.59368],[-2.59593,53.61081],[-2.56928,53.5956],[-2.51132,53.62699],[-2.4792,53.61704],[-2.4597,53.62004],[-2.43872,53.64605],[-2.4217,53.62384],[-2.37913,53.63087]]]}},
{"type":"Feature","properties":{"area_code":"E08000002","area_name":"Bury"},"geometry":{"type":"Polygon","coordinates":[[[-2.27179,53.61451],[-2.24508,53.60014],[-2.28237,53.58389],[-2.27333,53.57932],[-2.25924,53.58527],[-2.2433,53.5717],[-2.23723,53.53886],[-2.25174,53.54461],[-2.26827,53.53743],[-2.26411,53.52469],[-2.24664,53.52924],[-2.25697,53.51795],[-2.2908,53.51202],[-2.31047,53.52719],[-2.33819,53.53361],[-2.34148,53.54588],[-2.37359,53.55391],[-2.35898,53.55294],[-2.35603,53.56067],[-2.37399,53.57084],[-2.37706,53.59292],[-2.36299,53.61031],[-2.37944,53.6203],[-2.37913,53.63087],[-2.37033,53.63153],[-2.36275,53.6554],[-2.37124,53.66708],[-2.31676,53.65499],[-2.29899,53.6667],[-2.29527,53.6404],[-2.27179,53.61451]]]}},
{"type":"Feature","properties":{"area_code":"E08000003","area_name":"Manchester"},"geometry":{"type":"Polygon","coordinates":[[[-2.23723,53.53886],[-2.21873,53.54391],[-2.18601,53.52906],[-2.15476,53.51803],[-2.17871,53.50585],[-2.16303,53.49285],[-2.16806,53.48009],[-2.14683,53.46766],[-2.15845,53.45494],[-2.17288,53.448],[-2.17647,53.4331],[-2.18854,53.43665],[-2.21343,53.41891],[-2.21259,53.40697],[-2.24683,53.39606],[-2.24079,53.35957],[-2.25645,53.36068],[-2.30136,53.34012],[-2.29693,53.34858],[-2.314,53.35742],[-2.29859,53.36082],[-2.28566,53.37625],[-2.31992,53.41162],[-2.29772,53.40836],[-2.27778,53.41551],[-2.27362,53.4225],[-2.30019,53.43642],[-2.25369,53.45995],[-2.26532,53.47273],[-2.24514,53.48609],[-2.25542,53.49912],[-2.24523,53.51216],[-2.25697,53.51795],[-2.24664,53.52924],[-2.26411,53.52469],[-2.26827,53.53743],[-2.25174,53.54461],[-2.23723,53.53886]]]}},
{"type":"Feature","properties":{"area_code":"E08000004","area_name":"Oldham"},"geometry":{"type":"Polygon","coordinates":[[[-2.00947,53.61678],[-1.94273,53.56164],[-1.91288,53.55164],[-1.90962,53.53839],[-1.92678,53.52095],[-1.92197,53.50995],[-1.95133,53.5042],[-1.96339,53.50983],[-2.05492,53.53139],[-2.05415,53.52227],[-2.09326,53.52062],[-2.13612,53.49193],[-2.16303,53.49285],[-2.17871,53.50585],[-2.15476,53.51803],[-2.18601,53.52906],[-2.16944,53.54616],[-2.17199,53.55823],[-2.15093,53.56712],[-2.15659,53.58229],[-2.12584,53.5865],[-2.11064,53.59971],[-2.05988,53.59249],[-2.03583,53.60293],[-2.02682,53.62417],[-2.02304,53.61584],[-2.00947,53.61678]]]}},
{"type":"Feature","properties":{"area_code":"E08000005","area_name":"Rochdale"},"geometry":{"type":"Polygon","coordinates":[[[-2.02682,53.62417],[-2.03583,53.60293],[-2.05988,53.59249],[-2.11064,53.59971],[-2.12584,53.5865],[-2.15659,53.58229],[-2.15093,53.56712],[-2.17199,53.55823],[-2.16944,53.54616],[-2.18601,53.52906],[-2.21873,53.54391],[-2.23723,53.53886],[-2.2433,53.5717],[-2.25924,53.58527],[-2.27333,53.57932],[-2.28237,53.58389],[-2.24508,53.60014],[-2.27179,53.61451],[-2.25677,53.6204],[-2.26987,53.64614],[-2.24588,53.66352],[-2.21773,53.66898],[-2.20523,53.65435],[-2.18241,53.64826],[-2.1854,53.63822],[-2.16135,53.64137],[-2.14633,53.68223],[-2.14226,53.67801],[-2.13413,53.68573],[-2.11809,53.67125],[-2.09291,53.67016],[-2.05124,53.68369],[-2.02682,53.62417]]]}},
{"type":"Feature","properties":{"area_code":"E08000006","area_name":"Salford"},"geometry":{"type":"Polygon","coordinates":[[[-2.33819,53.53361],[-2.31047,53.52719],[-2.2908,53.51202],[-2.25697,53.51795],[-2.24523,53.51216],[-2.25542,53.49912],[-2.24514,53.48609],[-2.26532,53.47273],[-2.28159,53.46487],[-2.32206,53.48017],[-2.35498,53.47402],[-2.39632,53.45843],[-2.41958,53.42932],[-2.44938,53.41589],[-2.48971,53.46028],[-2.43447,53.46504],[-2.43851,53.4924],[-2.41454,53.51489],[-2.4511,53.52861],[-2.43715,53.54225],[-2.35439,53.52624],[-2.3537,53.53506],[-2.33819,53.53361]]]}},
{"type":"Feature","properties":{"area_code":"E08000007","area_name":"Stockport"},"geometry":{"type":"Polygon","coordinates":[[[-2.02626,53.42987],[-2.0137,53.41589],[-1.99233,53.41519],[-2.00464,53.38633],[-2.03378,53.37554],[-2.03106,53.37026],[-2.04056,53.37409],[-2.06808,53.35739],[-2.09518,53.36608],[-2.1232,53.36195],[-2.13903,53.36732],[-2.15119,53.34813],[-2.1441,53.34287],[-2.16065,53.32731],[-2.19416,53.33865],[-2.18098,53.34404],[-2.18544,53.35266],[-2.24079,53.35957],[-2.24683,53.39606],[-2.21259,53.40697],[-2.21343,53.41891],[-2.18854,53.43665],[-2.17647,53.4331],[-2.17288,53.448],[-2.15845,53.45494],[-2.14169,53.43825],[-2.11601,53.44073],[-2.10244,53.43261],[-2.08904,53.43731],[-2.0798,53.42618],[-2.02626,53.42987]]]}},
{"type":"Feature","properties":{"area_code":"E08000008","area_name":"Tameside"},"geometry":{"type":"Polygon","coordinates":[[[-1.96339,53.50983],[-1.98782,53.48111],[-1.98579,53.45523],[-2.00823,53.44155],[-2.00422,53.43592],[-2.01423,53.43976],[-2.02626,53.42987],[-2.0798,53.42618],[-2.08904,53.43731],[-2.10244,53.43261],[-2.11601,53.44073],[-2.14169,53.43825],[-2.15845,53.45494],[-2.14683,53.46766],[-2.16806,53.48009],[-2.16303,53.49285],[-2.13612,53.49193],[-2.09326,53.52062],[-2.05415,53.52227],[-2.05492,53.53139],[-1.96339,53.50983]]]}},
{"type":"Feature","properties":{"area_code":"E08000009","area_name":"Trafford"},"geometry":{"type":"Polygon","coordinates":[[[-2.26532,53.47273],[-2.25369,53.45995],[-2.30019,53.43642],[-2.27362,53.4225],[-2.27778,53.41551],[-2.29772,53.40836],[-2.31992,53.41162],[-2.28566,53.37625],[-2.29859,53.36082],[-2.314,53.35742],[-2.33987,53.36738],[-2.37578,53.36535],[-2.42659,53.38746],[-2.47845,53.39622],[-2.44938,53.41589],[-2.41958,53.42932],[-2.39632,53.45843],[-2.35498,53.47402],[-2.32206,53.48017],[-2.28159,53.46487],[-2.26532,53.47273]]]}},
{"type":"Feature","properties":{"area_code":"E08000010","area_name":"Wigan"},"geometry":{"type":"Polygon","coordinates":[[[-2.62591,53.59368],[-2.57766,53.58106],[-2.55963,53.56123],[-2.5696,53.54785],[-2.53375,53.52301],[-2.50585,53.53899],[-2.4511,53.52861],[-2.41454,53.51489],[-2.43851,53.4924],[-2.43447,53.46504],[-2.48971,53.46028],[-2.49633,53.48093],[-2.55264,53.46781],[-2.54908,53.46149],[-2.57039,53.45848],[-2.57674,53.44606],[-2.61536,53.4636],[-2.61214,53.48114],[-2.64554,53.48025],[-2.6663,53.49976],[-2.69889,53.50203],[-2.73052,53.5206],[-2.71793,53.52721],[-2.70482,53.55919],[-2.71922,53.57611],[-2.69335,53.58943],[-2.68931,53.6043],[-2.63459,53.60828],[-2.62591,53.59368]]]}},
{"type":"Feature","properties":{"area_code":"E08000011","area_name":"Knowsley"},"geometry":{"type":"Polygon","coordinates":[[[-2.82496,53.48521],[-2.81871,53.46689],[-2.80441,53.46724],[-2.79507,53.44323],[-2.80503,53.43866],[-2.7762,53.42669],[-2.78678,53.40119],[-2.74517,53.4021],[-2.75765,53.38074],[-2.77667,53.38106],[-2.7873,53.35629],[-2.81881,53.348],[-2.84041,53.34733],[-2.8535,53.36351],[-2.85617,53.37881],[-2.82195,53.38067],[-2.83719,53.39974],[-2.85622,53.39496],[-2.89241,53.41076],[-2.86593,53.4183],[-2.86786,53.44929],[-2.90032,53.46916],[-2.91438,53.46501],[-2.92262,53.47498],[-2.88799,53.50383],[-2.86515,53.49209],[-2.84984,53.49314],[-2.84442,53.48413],[-2.82496,53.48521]]]}},
{"type":"Feature","properties":{"area_code":"E08000012","area_name":"Liverpool"},"geometry":{"type":"Polygon","coordinates":[[[-2.81881,53.348],[-2.81878,53.33977],[-2.83246,53.33729],[-2.82795,53.33146],[-2.85443,53.3274],[-2.87816,53.3342],[-2.90271,53.34556],[-2.97465,53.37878],[-3.00185,53.41033],[-3.00863,53.43788],[-2.97491,53.44332],[-2.97382,53.46276],[-2.95631,53.47299],[-2.92262,53.47498],[-2.91438,53.46501],[-2.90032,53.46916],[-2.86786,53.44929],[-2.86593,53.4183],[-2.89241,53.41076],[-2.85622,53.39496],[-2.83719,53.39974],[-2.82195,53.38067],[-2.85617,53.37881],[-2.8535,53.36351],[-2.84041,53.34733],[-2.81881,53.348]]]}},
{"type":"Feature","properties":{"area_code":"E08000013","area_name":"St. Helens"},"geometry":{"type":"Polygon","coordinates":[[[-2.73052,53.5206],[-2.69889,53.50203],[-2.6663,53.49976],[-2.64554,53.48025],[-2.61214,53.48114],[-2.61536,53.4636],[-2.57674,53.44606],[-2.5853,53.43981],[-2.59868,53.45041],[-2.59623,53.44267],[-2.62746,53.43441],[-2.63914,53.44439],[-2.67717,53.45279],[-2.68208,53.4389],[-2.66851,53.44091],[-2.67527,53.43297],[-2.66355,53.42871],[-2.67632,53.38762],[-2.69063,53.38539],[-2.7128,53.39063],[-2.71523,53.39903],[-2.74517,53.4021],[-2.78678,53.40119],[-2.7762,53.42669],[-2.80503,53.43866],[-2.79507,53.44323],[-2.80441,53.46724],[-2.81871,53.46689],[-2.82496,53.48521],[-2.81674,53.51217],[-2.78248,53.53143],[-2.76887,53.51357],[-2.73052,53.5206]]]}},
{"type":"Feature","properties":{"area_code":"E08000014","area_name":"Sefton"},"geometry":{"type":"Polygon","coordinates":[[[-2.95622,53.69749],[-2.94679,53.68802],[-2.94014,53.65861],[-2.96726,53.63133],[-2.98182,53.62221],[-2.99789,53.62667],[-3.02882,53.60232],[-3.03599,53.58722],[-3.02071,53.58368],[-3.02262,53.5696],[-3.04039,53.56527],[-3.0467,53.54296],[-2.97583,53.51529],[-2.96296,53.52371],[-2.97761,53.54592],[-2.94789,53.54435],[-2.92301,53.52522],[-2.88172,53.52054],[-2.88799,53.50383],[-2.92262,53.47498],[-2.95631,53.47299],[-2.97382,53.46276],[-2.97491,53.44332],[-3.00863,53.43788],[-3.00876,53.43838],[-3.04141,53.4655],[-3.05738,53.49204],[-3.06506,53.5048],[-3.06248,53.52958],[-3.07191,53.52162],[-3.10003,53.53973],[-3.10445,53.55882],[-3.04272,53.63633],[-2.99897,53.67231],[-2.96714,53.69845],[-2.97149,53.69216],[-2.95622,53.69749]]]}},
{"type":"Feature","properties":{"area_code":"E08000015","area_name":"Wirral"},"geometry":{"type":"Polygon","coordinates":[[[-2.92876,53.30841],[-2.9316,53.30607],[-2.93955,53.31042],[-2.96803,53.30126],[-2.99274,53.30711],[-3.02614,53.29775],[-3.07417,53.31638],[-3.10373,53.30001],[-3.10901,53.29726],[-3.11663,53.31172],[-3.12234,53.32254],[-3.18628,53.36445],[-3.20038,53.3875],[-3.04124,53.44293],[-3.00252,53.37473],[-2.93417,53.31329],[-2.92876,53.30841]]]}},
{"type":"Feature","properties":{"area_code":"E08000016","area_name":"Barnsley"},"geometry":{"type":"Polygon","coordinates":[[[-1.34873,53.58335],[-1.32681,53.55819],[-1.29766,53.5515],[-1.29381,53.53581],[-1.27573,53.52984],[-1.28617,53.52676],[-1.28128,53.51649],[-1.31244,53.51379],[-1.3801,53.51423],[-1.42797,53.48585],[-1.44105,53.49111],[-1.45221,53.48493],[-1.45522,53.47175],[-1.49475,53.48627],[-1.51481,53.46367],[-1.51317,53.45142],[-1.53293,53.43832],[-1.55126,53.4462],[-1.53905,53.46172],[-1.54966,53.47849],[-1.60659,53.49291],[-1.70109,53.50312],[-1.73198,53.4909],[-1.73871,53.47715],[-1.78365,53.4848],[-1.80147,53.48099],[-1.79629,53.50315],[-1.82223,53.52109],[-1.80428,53.53701],[-1.77188,53.53385],[-1.74156,53.54107],[-1.72318,53.55993],[-1.66947,53.55323],[-1.64823,53.5622],[-1.61563,53.56303],[-1.5962,53.57699],[-1.60175,53.58776],[-1.58798,53.59349],[-1.58645,53.60717],[-1.56045,53.60755],[-1.53078,53.59313],[-1.51867,53.59972],[-1.49656,53.59737],[-1.49512,53.60319],[-1.48371,53.59487],[-1.44763,53.61274],[-1.40036,53.59867],[-1.3767,53.60648],[-1.34873,53.58335]]]}},
{"type":"Feature","properties":{"area_code":"E08000017","area_name":"Doncaster"},"geometry":{"type":"Polygon","coordinates":[[[-0.86534,53.63771],[-0.89793,53.58328],[-0.90112,53.56872],[-0.891,53.56656],[-0.90127,53.54791],[-0.8923,53.53747],[-0.94372,53.53064],[-0.95001,53.51366],[-0.93209,53.51067],[-0.93556,53.50252],[-0.95326,53.48442],[-0.98598,53.47167],[-0.99567,53.43693],[-1.01435,53.4263],[-1.03052,53.4252],[-1.03095,53.43098],[-1.08044,53.42687],[-1.11604,53.40735],[-1.14595,53.41232],[-1.13602,53.42448],[-1.16049,53.42435],[-1.17029,53.4353],[-1.2381,53.43275],[-1.25816,53.45498],[-1.24993,53.47682],[-1.26982,53.48585],[-1.29849,53.47559],[-1.28906,53.49104],[-1.31006,53.49793],[-1.31244,53.51379],[-1.28128,53.51649],[-1.28617,53.52676],[-1.27573,53.52984],[-1.29381,53.53581],[-1.29766,53.5515],[-1.32681,53.55819],[-1.34873,53.58335],[-1.30782,53.57537],[-1.28825,53.58073],[-1.25803,53.592],[-1.24825,53.61635],[-1.22917,53.61688],[-1.23284,53.62111],[-1.21747,53.62422],[-1.20983,53.64316],[-1.19031,53.63592],[-1.1523,53.64278],[-1.13541,53.63273],[-1.12174,53.64672],[-1.06607,53.64889],[-1.04866,53.65606],[-0.94684,53.65914],[-0.86534,53.63771]]]}},
{"type":"Feature","properties":{"area_code":"E08000018","area_name":"Rotherham"},"geometry":{"type":"Polygon","coordinates":[[[-1.31244,53.51379],[-1.31006,53.49793],[-1.28906,53.49104],[-1.29849,53.47559],[-1.26982,53.48585],[-1.24993,53.47682],[-1.25816,53.45498],[-1.2381,53.43275],[-1.17029,53.4353],[-1.16049,53.42435],[-1.13602,53.42448],[-1.14595,53.41232],[-1.11604,53.40735],[-1.11558,53.39719],[-1.13461,53.39003],[-1.13054,53.37557],[-1.14603,53.36904],[-1.13854,53.35591],[-1.16261,53.35684],[-1.15684,53.34497],[-1.14101,53.34675],[-1.13872,53.34138],[-1.19974,53.31144],[-1.20324,53.30422],[-1.23069,53.30856],[-1.24387,53.30157],[-1.28201,53.30946],[-1.29568,53.31504],[-1.28859,53.32623],[-1.29902,53.33251],[-1.32467,53.32881],[-1.33198,53.35236],[-1.3914,53.38332],[-1.3758,53.39367],[-1.39353,53.42],[-1.38044,53.42417],[-1.4085,53.42035],[-1.44154,53.44543],[-1.45522,53.47175],[-1.45221,53.48493],[-1.44105,53.49111],[-1.42797,53.48585],[-1.3801,53.51423],[-1.31244,53.51379]]]}},
{"type":"Feature","properties":{"area_code":"E08000019","area_name":"Sheffield"},"geometry":{"type":"Polygon","coordinates":[[[-1.45522,53.47175],[-1.44154,53.44543],[-1.4085,53.42035],[-1.38044,53.42417],[-1.39353,53.42],[-1.3758,53.39367],[-1.3914,53.38332],[-1.33198,53.35236],[-1.32467,53.32881],[-1.33775,53.31585],[-1.38674,53.31763],[-1.38657,53.3349],[-1.41103,53.34199],[-1.42087,53.33457],[-1.44197,53.33749],[-1.45988,53.33069],[-1.45522,53.32187],[-1.46791,53.31712],[-1.50213,53.31758],[-1.53677,53.30475],[-1.56173,53.30641],[-1.56173,53.31597],[-1.58053,53.31174],[-1.5849,53.32159],[-1.59909,53.31132],[-1.6092,53.32266],[-1.62549,53.31642],[-1.63273,53.32084],[-1.6123,53.34322],[-1.59055,53.34592],[-1.66355,53.3666],[-1.65382,53.39191],[-1.70497,53.40506],[-1.70853,53.41734],[-1.73976,53.42099],[-1.74532,53.46218],[-1.76844,53.46477],[-1.80147,53.48099],[-1.78365,53.4848],[-1.73871,53.47715],[-1.73198,53.4909],[-1.70109,53.50312],[-1.60659,53.49291],[-1.54966,53.47849],[-1.53905,53.46172],[-1.55126,53.4462],[-1.53293,53.43832],[-1.51317,53.45142],[-1.51481,53.46367],[-1.49475,53.48627],[-1.45522,53.47175]]]}},
{"type":"Feature","properties":{"area_code":"E08000021","area_name":"Newcastle upon Tyne"},"geometry":{"type":"Polygon","coordinates":[[[-1.63789,55.06477],[-1.63851,55.04155],[-1.59264,55.03894],[-1.58738,55.02578],[-1.60027,55.00984],[-1.5585,55.00554],[-1.56298,54.99232],[-1.52921,54.98334],[-1.53553,54.96523],[-1.55388,54.95908],[-1.59433,54.97061],[-1.64007,54.95927],[-1.70039,54.97078],[-1.71966,54.96748],[-1.74713,54.98177],[-1.76976,54.98098],[-1.77384,55.00414],[-1.75656,55.00326],[-1.75025,55.02402],[-1.69488,55.04293],[-1.71376,55.06548],[-1.64768,55.07939],[-1.63789,55.06477]]]}},
{"type":"Feature","properties":{"area_code":"E08000022","area_name":"North Tyneside"},"geometry":{"type":"Polygon","coordinates":[[[-1.52921,54.98334],[-1.56298,54.99232],[-1.5585,55.00554],[-1.60027,55.00984],[-1.58738,55.02578],[-1.59264,55.03894],[-1.63851,55.04155],[-1.63789,55.06477],[-1.57854,55.06308],[-1.57508,55.05562],[-1.55704,55.05418],[-1.53987,55.06159],[-1.53234,55.05415],[-1.51028,55.05501],[-1.50863,55.04802],[-1.48781,55.05359],[-1.49233,55.06606],[-1.46179,55.07434],[-1.44994,55.05858],[-1.45053,55.0552],[-1.44424,55.05099],[-1.42068,55.01959],[-1.40317,55.01461],[-1.41679,55.01653],[-1.42184,55.01361],[-1.42984,55.01323],[-1.4533,54.98982],[-1.52921,54.98334]]]}},
{"type":"Feature","properties":{"area_code":"E08000023","area_name":"South Tyneside"},"geometry":{"type":"Polygon","coordinates":[[[-1.364,54.94387],[-1.41937,54.92992],[-1.51122,54.93167],[-1.51533,54.95735],[-1.53553,54.96523],[-1.52921,54.98334],[-1.44943,54.98435],[-1.42575,55.00645],[-1.42004,55.00456],[-1.41866,55.00326],[-1.41223,55.00616],[-1.41066,54.99858],[-1.3766,54.97755],[-1.35663,54.9652],[-1.36397,54.94412],[-1.364,54.94387]]]}},
{"type":"Feature","properties":{"area_code":"E08000024","area_name":"Sunderland"},"geometry":{"type":"Polygon","coordinates":[[[-1.34723,54.86044],[-1.42154,54.83948],[-1.41295,54.82365],[-1.42255,54.80317],[-1.49073,54.7993],[-1.48186,54.80965],[-1.50428,54.83123],[-1.50667,54.87114],[-1.53178,54.87819],[-1.56181,54.87572],[-1.55941,54.88204],[-1.55708,54.90921],[-1.56889,54.92462],[-1.51122,54.93167],[-1.41937,54.92992],[-1.364,54.94387],[-1.36529,54.93303],[-1.36611,54.9261],[-1.35895,54.92363],[-1.35864,54.92214],[-1.36341,54.92274],[-1.37088,54.91177],[-1.35764,54.91717],[-1.35475,54.90291],[-1.36164,54.8983],[-1.34745,54.86063],[-1.34723,54.86044]]]}},
{"type":"Feature","properties":{"area_code":"E08000025","area_name":"Birmingham"},"geometry":{"type":"Polygon","coordinates":[[[-1.78808,52.58786],[-1.76355,52.57098],[-1.77423,52.56463],[-1.756,52.55538],[-1.74909,52.53142],[-1.72888,52.52456],[-1.75381,52.52121],[-1.75352,52.51297],[-1.79945,52.50429],[-1.75578,52.49948],[-1.7596,52.45191],[-1.77915,52.45015],[-1.80032,52.4583],[-1.83464,52.41743],[-1.8445,52.41025],[-1.86665,52.41105],[-1.86875,52.40474],[-1.8827,52.39981],[-1.91368,52.40746],[-1.93431,52.38724],[-1.95361,52.39337],[-1.99849,52.38114],[-2.03364,52.40233],[-1.98604,52.41673],[-2.01699,52.43268],[-2.01324,52.46219],[-1.9779,52.46717],[-1.96401,52.48199],[-1.95078,52.48325],[-1.93813,52.49842],[-1.96302,52.5049],[-1.96198,52.52842],[-1.92944,52.5313],[-1.93315,52.54581],[-1.91816,52.54731],[-1.87872,52.56943],[-1.87256,52.58494],[-1.85395,52.60193],[-1.82813,52.60872],[-1.79653,52.59912],[-1.78808,52.58786]]]}},
{"type":"Feature","properties":{"area_code":"E08000026","area_name":"Coventry"},"geometry":{"type":"Polygon","coordinates":[[[-1.45905,52.45516],[-1.42393,52.43298],[-1.43805,52.41026],[-1.43139,52.39687],[-1.46401,52.37327],[-1.5045,52.37781],[-1.51391,52.36906],[-1.52465,52.3794],[-1.55241,52.36389],[-1.56761,52.38469],[-1.60107,52.3893],[-1.60218,52.41606],[-1.61445,52.42797],[-1.60827,52.43884],[-1.59523,52.43993],[-1.59549,52.45592],[-1.58986,52.46191],[-1.56119,52.45522],[-1.53979,52.4648],[-1.50503,52.45009],[-1.49198,52.45858],[-1.45905,52.45516]]]}},
{"type":"Feature","properties":{"area_code":"E08000027","area_name":"Dudley"},"geometry":{"type":"Polygon","coordinates":[[[-2.07394,52.54988],[-2.07959,52.52408],[-2.05726,52.51227],[-2.06432,52.48717],[-2.09709,52.46839],[-2.05902,52.46198],[-2.02275,52.48055],[-2.01324,52.46219],[-2.01699,52.43268],[-2.03699,52.42755],[-2.03788,52.44156],[-2.05578,52.44131],[-2.06247,52.42743],[-2.06805,52.4352],[-2.08482,52.4322],[-2.09857,52.44528],[-2.13603,52.42627],[-2.16485,52.4302],[-2.17648,52.45482],[-2.16742,52.47154],[-2.19194,52.50346],[-2.14421,52.51707],[-2.15221,52.5257],[-2.13559,52.53446],[-2.13349,52.55407],[-2.12145,52.55693],[-2.10824,52.54394],[-2.07978,52.55703],[-2.07394,52.54988]]]}},
{"type":"Feature","properties":{"area_code":"E08000028","area_name":"Sandwell"},"geometry":{"type":"Polygon","coordinates":[[[-1.91816,52.54731],[-1.93315,52.54581],[-1.92944,52.5313],[-1.96198,52.52842],[-1.96302,52.5049],[-1.93813,52.49842],[-1.95078,52.48325],[-1.96401,52.48199],[-1.9779,52.46717],[-2.01324,52.46219],[-2.02275,52.48055],[-2.05902,52.46198],[-2.09709,52.46839],[-2.06432,52.48717],[-2.05726,52.51227],[-2.07959,52.52408],[-2.07394,52.54988],[-2.05098,52.55273],[-2.01098,52.56907],[-1.9755,52.55556],[-1.96414,52.56323],[-1.95107,52.55683],[-1.93393,52.56003],[-1.91816,52.54731]]]}},
{"type":"Feature","properties":{"area_code":"E08000029","area_name":"Solihull"},"geometry":{"type":"Polygon","coordinates":[[[-1.59549,52.45592],[-1.59523,52.43993],[-1.60827,52.43884],[-1.61445,52.42797],[-1.60218,52.41606],[-1.60107,52.3893],[-1.62251,52.36616],[-1.64842,52.35674],[-1.66089,52.36567],[-1.68445,52.36319],[-1.69389,52.35101],[-1.71855,52.35574],[-1.72047,52.37257],[-1.73497,52.37024],[-1.74617,52.35494],[-1.77922,52.36454],[-1.77575,52.34796],[-1.8078,52.36661],[-1.87203,52.3676],[-1.8455,52.39978],[-1.86875,52.40474],[-1.86665,52.41105],[-1.8445,52.41025],[-1.83464,52.41743],[-1.80032,52.4583],[-1.77915,52.45015],[-1.7596,52.45191],[-1.75578,52.49948],[-1.79945,52.50429],[-1.75352,52.51297],[-1.67715,52.43636],[-1.66659,52.43547],[-1.66229,52.4443],[-1.6414,52.44334],[-1.62445,52.46354],[-1.59549,52.45592]]]}},
{"type":"Feature","properties":{"area_code":"E08000030","area_name":"Walsall"},"geometry":{"type":"Polygon","coordinates":[[[-1.87256,52.58494],[-1.87872,52.56943],[-1.91816,52.54731],[-1.93393,52.56003],[-1.95107,52.55683],[-1.96414,52.56323],[-1.9755,52.55556],[-2.01098,52.56907],[-2.05098,52.55273],[-2.06195,52.55825],[-2.05002,52.57214],[-2.07782,52.58606],[-2.0546,52.60085],[-2.05072,52.62052],[-2.03012,52.61695],[-2.02947,52.62567],[-1.98655,52.64041],[-1.96096,52.64281],[-1.95457,52.66264],[-1.9454,52.6563],[-1.93357,52.66161],[-1.91088,52.6565],[-1.91801,52.64989],[-1.90508,52.64321],[-1.91599,52.63529],[-1.88609,52.61541],[-1.89227,52.59915],[-1.87256,52.58494]]]}},
{"type":"Feature","properties":{"area_code":"E08000031","area_name":"Wolverhampton"},"geometry":{"type":"Polygon","coordinates":[[[-2.05072,52.62052],[-2.0546,52.60085],[-2.07782,52.58606],[-2.05002,52.57214],[-2.06195,52.55825],[-2.05098,52.55273],[-2.07394,52.54988],[-2.07978,52.55703],[-2.10824,52.54394],[-2.12145,52.55693],[-2.13349,52.55407],[-2.17553,52.55441],[-2.18034,52.5745],[-2.2067,52.58518],[-2.18919,52.58878],[-2.1964,52.60662],[-2.16916,52.60934],[-2.16835,52.61999],[-2.13164,52.63762],[-2.10124,52.63505],[-2.081,52.6119],[-2.05072,52.62052]]]}},
{"type":"Feature","properties":{"area_code":"E08000032","area_name":"Bradford"},"geometry":{"type":"Polygon","coordinates":[[[-1.87888,53.95427],[-1.86013,53.93266],[-1.8362,53.93142],[-1.84769,53.94077],[-1.80509,53.93902],[-1.77598,53.92149],[-1.74563,53.923],[-1.72722,53.9102],[-1.73205,53.89594],[-1.71706,53.89226],[-1.72543,53.88569],[-1.75635,53.88471],[-1.78746,53.8969],[-1.80042,53.88596],[-1.76051,53.86361],[-1.71529,53.86624],[-1.69509,53.85754],[-1.712,53.78307],[-1.68227,53.78641],[-1.67423,53.78],[-1.64041,53.77968],[-1.64956,53.7682],[-1.68162,53.75647],[-1.71443,53.76246],[-1.73377,53.74692],[-1.74723,53.74681],[-1.7459,53.73449],[-1.76091,53.73465],[-1.77009,53.72625],[-1.80937,53.76438],[-1.82784,53.76373],[-1.85546,53.74831],[-1.87265,53.75494],[-1.8734,53.77869],[-1.92817,53.78758],[-1.98085,53.78635],[-1.98677,53.79615],[-2.06125,53.82564],[-2.04692,53.82951],[-2.04613,53.85014],[-2.02175,53.87154],[-1.98236,53.86886],[-1.97942,53.90113],[-1.95257,53.90353],[-1.97687,53.92642],[-1.96308,53.9334],[-1.96619,53.95155],[-1.89377,53.95526],[-1.88363,53.96317],[-1.87888,53.95427]]]}},
{"type":"Feature","properties":{"area_code":"E08000033","area_name":"Calderdale"},"geometry":{"type":"Polygon","coordinates":[[[-1.77009,53.72625],[-1.75364,53.72586],[-1.73587,53.71324],[-1.73128,53.68037],[-1.7473,53.69459],[-1.82572,53.67026],[-1.85368,53.67254],[-1.84357,53.66612],[-1.8946,53.64542],[-1.93415,53.64834],[-1.97274,53.62577],[-2.00947,53.61678],[-2.02304,53.61584],[-2.02682,53.62417],[-2.05124,53.68369],[-2.09291,53.67016],[-2.11809,53.67125],[-2.13413,53.68573],[-2.14226,53.67801],[-2.14633,53.68223],[-2.17329,53.72301],[-2.13117,53.75154],[-2.13636,53.7801],[-2.12482,53.78806],[-2.12836,53.79903],[-2.11228,53.80571],[-2.06125,53.82564],[-1.98677,53.79615],[-1.98085,53.78635],[-1.92817,53.78758],[-1.8734,53.77869],[-1.87265,53.75494],[-1.85546,53.74831],[-1.82784,53.76373],[-1.80937,53.76438],[-1.77009,53.72625]]]}},
{"type":"Feature","properties":{"area_code":"E08000034","area_name":"Kirklees"},"geometry":{"type":"Polygon","coordinates":[[[-1.68162,53.75647],[-1.65844,53.74546],[-1.63788,53.74773],[-1.62337,53.71855],[-1.5922,53.71854],[-1.57112,53.7064],[-1.59838,53.69978],[-1.6025,53.69217],[-1.59192,53.68933],[-1.61522,53.67758],[-1.59063,53.66066],[-1.6249,53.65364],[-1.61368,53.62457],[-1.58645,53.60717],[-1.58798,53.59349],[-1.60175,53.58776],[-1.5962,53.57699],[-1.61563,53.56303],[-1.64823,53.5622],[-1.66947,53.55323],[-1.72318,53.55993],[-1.74156,53.54107],[-1.77188,53.53385],[-1.80428,53.53701],[-1.82223,53.52109],[-1.84182,53.51991],[-1.87349,53.54043],[-1.89411,53.53361],[-1.90962,53.53839],[-1.91288,53.55164],[-1.94273,53.56164],[-2.00947,53.61678],[-1.97274,53.62577],[-1.93415,53.64834],[-1.8946,53.64542],[-1.84357,53.66612],[-1.85368,53.67254],[-1.82572,53.67026],[-1.7473,53.69459],[-1.73128,53.68037],[-1.73587,53.71324],[-1.75364,53.72586],[-1.77009,53.72625],[-1.76091,53.73465],[-1.7459,53.73449],[-1.74723,53.74681],[-1.73377,53.74692],[-1.71443,53.76246],[-1.68162,53.75647]]]}},
{"type":"Feature","properties":{"area_code":"E08000035","area_name":"Leeds"},"geometry":{"type":"Polygon","coordinates":[[[-1.31372,53.9047],[-1.32227,53.90046],[-1.3126,53.86532],[-1.35297,53.85675],[-1.32656,53.84042],[-1.3361,53.83359],[-1.30362,53.81654],[-1.31487,53.80956],[-1.31381,53.78156],[-1.29039,53.76319],[-1.29494,53.75546],[-1.31224,53.75589],[-1.31536,53.74368],[-1.30204,53.74172],[-1.39972,53.71931],[-1.44315,53.72823],[-1.4883,53.72776],[-1.49573,53.72231],[-1.5104,53.72969],[-1.55932,53.69898],[-1.57112,53.7064],[-1.5922,53.71854],[-1.62337,53.71855],[-1.63788,53.74773],[-1.65844,53.74546],[-1.68162,53.75647],[-1.64956,53.7682],[-1.64041,53.77968],[-1.67423,53.78],[-1.68227,53.78641],[-1.712,53.78307],[-1.69509,53.85754],[-1.71529,53.86624],[-1.76051,53.86361],[-1.80042,53.88596],[-1.78746,53.8969],[-1.75635,53.88471],[-1.72543,53.88569],[-1.71706,53.89226],[-1.73205,53.89594],[-1.72722,53.9102],[-1.71796,53.90854],[-1.70708,53.91913],[-1.68463,53.91059],[-1.65508,53.91248],[-1.65167,53.90566],[-1.62054,53.90339],[-1.59999,53.90978],[-1.58749,53.90125],[-1.58363,53.90929],[-1.55184,53.90294],[-1.54879,53.91091],[-1.49878,53.91531],[-1.46271,53.90602],[-1.433,53.91081],[-1.4326,53.92724],[-1.40671,53.92785],[-1.39718,53.94254],[-1.34041,53.94589],[-1.34471,53.9395],[-1.30696,53.93442],[-1.30899,53.9241],[-1.29418,53.92706],[-1.30731,53.92149],[-1.2972,53.92168],[-1.30059,53.90749],[-1.31372,53.9047]]]}},
{"type":"Feature","properties":{"area_code":"E08000036","area_name":"Wakefield"},"geometry":{"type":"Polygon","coordinates":[[[-1.23284,53.62111],[-1.22917,53.61688],[-1.24825,53.61635],[-1.25803,53.592],[-1.28825,53.58073],[-1.30782,53.57537],[-1.34873,53.58335],[-1.3767,53.60648],[-1.40036,53.59867],[-1.44763,53.61274],[-1.48371,53.59487],[-1.49512,53.60319],[-1.49656,53.59737],[-1.51867,53.59972],[-1.53078,53.59313],[-1.56045,53.60755],[-1.58645,53.60717],[-1.61368,53.62457],[-1.6249,53.65364],[-1.59063,53.66066],[-1.61522,53.67758],[-1.59192,53.68933],[-1.6025,53.69217],[-1.59838,53.69978],[-1.57112,53.7064],[-1.55932,53.69898],[-1.5104,53.72969],[-1.49573,53.72231],[-1.4883,53.72776],[-1.44315,53.72823],[-1.39972,53.71931],[-1.30204,53.74172],[-1.2687,53.71498],[-1.22957,53.71491],[-1.22654,53.70988],[-1.21981,53.71442],[-1.19882,53.70073],[-1.19902,53.69489],[-1.24442,53.69243],[-1.25548,53.64542],[-1.23284,53.62111]]]}},
{"type":"Feature","properties":{"area_code":"E08000037","area_name":"Gateshead"},"geometry":{"type":"Polygon","coordinates":[[[-1.76976,54.98098],[-1.74713,54.98177],[-1.71966,54.96748],[-1.70039,54.97078],[-1.64007,54.95927],[-1.59433,54.97061],[-1.55388,54.95908],[-1.53553,54.96523],[-1.51533,54.95735],[-1.51122,54.93167],[-1.56889,54.92462],[-1.55708,54.90921],[-1.55941,54.88204],[-1.57991,54.87777],[-1.59416,54.90202],[-1.65056,54.87932],[-1.64932,54.89299],[-1.67558,54.8981],[-1.67478,54.90956],[-1.69169,54.9026],[-1.69863,54.90905],[-1.72491,54.9088],[-1.7362,54.91858],[-1.76874,54.90673],[-1.78176,54.91154],[-1.79493,54.90355],[-1.82101,54.90566],[-1.85272,54.91741],[-1.84115,54.92973],[-1.82695,54.93023],[-1.83369,54.95331],[-1.81281,54.97632],[-1.78835,54.98426],[-1.76976,54.98098]]]}},
{"type":"Feature","properties":{"area_code":"E09000002","area_name":"Barking and Dagenham"},"geometry":{"type":"Polygon","coordinates":[[[0.16007,51.51172],[0.15872,51.51219],[0.12717,51.51944],[0.09813,51.51495],[0.0926,51.5257],[0.07275,51.52927],[0.06836,51.54439],[0.09352,51.54586],[0.1189,51.55737],[0.13158,51.57182],[0.12639,51.58673],[0.14821,51.59897],[0.1467,51.5688],[0.16189,51.56162],[0.18518,51.56551],[0.19022,51.55265],[0.16007,51.51172]]]}},
{"type":"Feature","properties":{"area_code":"E09000003","area_name":"Barnet"},"geometry":{"type":"Polygon","coordinates":[[[-0.18196,51.66868],[-0.18589,51.66285],[-0.15473,51.65555],[-0.12909,51.63227],[-0.1445,51.61551],[-0.13871,51.61019],[-0.15133,51.59747],[-0.15648,51.60532],[-0.15713,51.58619],[-0.17123,51.57242],[-0.21349,51.55519],[-0.23342,51.57198],[-0.25113,51.57028],[-0.24823,51.58431],[-0.26711,51.60037],[-0.30445,51.63635],[-0.25733,51.64183],[-0.25058,51.65606],[-0.21214,51.66135],[-0.20335,51.67013],[-0.19107,51.6639],[-0.18196,51.66868]]]}},
{"type":"Feature","properties":{"area_code":"E09000004","area_name":"Bexley"},"geometry":{"type":"Polygon","coordinates":[[[0.16274,51.5046],[0.16936,51.49889],[0.18356,51.48106],[0.21763,51.48047],[0.22118,51.4788],[0.20335,51.45433],[0.17285,51.44325],[0.16433,51.42858],[0.15588,51.43088],[0.15293,51.40871],[0.14887,51.40843],[0.10702,51.41426],[0.07536,51.43199],[0.08743,51.44328],[0.08231,51.46664],[0.09824,51.47545],[0.12419,51.47685],[0.11868,51.51131],[0.12024,51.51145],[0.16274,51.5046]]]}},
{"type":"Feature","properties":{"area_code":"E09000005","area_name":"Brent"},"geometry":{"type":"Polygon","coordinates":[[[-0.21349,51.55519],[-0.19147,51.53629],[-0.19648,51.52764],[-0.20514,51.53296],[-0.21602,51.52792],[-0.22844,51.53032],[-0.24628,51.53274],[-0.28424,51.52891],[-0.28246,51.53865],[-0.30745,51.53309],[-0.30774,51.54588],[-0.33556,51.55656],[-0.32215,51.56968],[-0.32664,51.57878],[-0.3047,51.58705],[-0.28247,51.58503],[-0.29041,51.59354],[-0.26711,51.60037],[-0.24823,51.58431],[-0.25113,51.57028],[-0.23342,51.57198],[-0.21349,51.55519]]]}},
{"type":"Feature","properties":{"area_code":"E09000006","area_name":"Bromley"},"geometry":{"type":"Polygon","coordinates":[[[0.07536,51.43199],[0.10702,51.41426],[0.14887,51.40843],[0.16238,51.39249],[0.14774,51.3928],[0.15206,51.36969],[0.13696,51.34417],[0.11846,51.34415],[0.1179,51.32966],[0.08503,51.31602],[0.08569,51.29308],[0.0424,51.29267],[0.03291,51.30752],[0.01501,51.29179],[0.00226,51.32913],[-0.02677,51.37938],[-0.0369,51.37702],[-0.03652,51.38843],[-0.0682,51.40349],[-0.07856,51.41987],[-0.07829,51.4206],[-0.07391,51.42621],[-0.03022,51.42568],[-0.01031,51.41358],[0.02546,51.42897],[0.03628,51.42242],[0.02938,51.44171],[0.06171,51.4237],[0.07536,51.43199]]]}},
{"type":"Feature","properties":{"area_code":"E09000007","area_name":"Camden"},"geometry":{"type":"Polygon","coordinates":[[[-0.1424,51.56911],[-0.12256,51.53075],[-0.10529,51.51855],[-0.11157,51.51534],[-0.12934,51.51347],[-0.15268,51.53751],[-0.19147,51.53629],[-0.21349,51.55519],[-0.17123,51.57242],[-0.1424,51.56911]]]}},
{"type":"Feature","properties":{"area_code":"E09000008","area_name":"Croydon"},"geometry":{"type":"Polygon","coordinates":[[[-0.07856,51.41987],[-0.0682,51.40349],[-0.03652,51.38843],[-0.0369,51.37702],[-0.02677,51.37938],[0.00226,51.32913],[-0.03789,51.3387],[-0.05131,51.32245],[-0.07892,51.31977],[-0.09117,51.30147],[-0.12429,51.28676],[-0.13731,51.30078],[-0.15532,51.30127],[-0.15652,51.32149],[-0.14558,51.32349],[-0.14458,51.34209],[-0.11684,51.34576],[-0.13432,51.39085],[-0.12414,51.39761],[-0.12772,51.41232],[-0.11263,51.42324],[-0.07856,51.41987]]]}},
{"type":"Feature","properties":{"area_code":"E09000009","area_name":"Ealing"},"geometry":{"type":"Polygon","coordinates":[[[-0.24628,51.53274],[-0.25304,51.50142],[-0.26768,51.49392],[-0.28077,51.50285],[-0.29402,51.50156],[-0.31191,51.49197],[-0.35062,51.49911],[-0.37185,51.49048],[-0.40692,51.49967],[-0.37619,51.52882],[-0.41945,51.54033],[-0.39529,51.54255],[-0.39871,51.5479],[-0.37784,51.55498],[-0.33556,51.55656],[-0.30774,51.54588],[-0.30745,51.53309],[-0.28246,51.53865],[-0.28424,51.52891],[-0.24628,51.53274]]]}},
{"type":"Feature","properties":{"area_code":"E09000010","area_name":"Enfield"},"geometry":{"type":"Polygon","coordinates":[[[-0.01192,51.68088],[-0.01226,51.64623],[-0.04139,51.60565],[-0.13871,51.61019],[-0.1445,51.61551],[-0.12909,51.63227],[-0.15473,51.65555],[-0.18589,51.66285],[-0.18196,51.66868],[-0.16349,51.68812],[-0.10578,51.69188],[-0.01192,51.68088]]]}},
{"type":"Feature","properties":{"area_code":"E09000011","area_name":"Greenwich"},"geometry":{"type":"MultiPolygon","coordinates":[[[[0.02938,51.44171],[0.00996,51.4594],[0.01796,51.47383],[-0.01506,51.46804],[-0.01916,51.47725],[0.00199,51.48846],[0.00159,51.50185],[0.00152,51.50426],[0.0021,51.50438],[0.00705,51.50175],[0.01547,51.49728],[0.0216,51.49402],[0.05806,51.49406],[0.07672,51.49595],[0.082,51.50045],[0.09073,51.50788],[0.09353,51.50914],[0.11868,51.51131],[0.12419,51.47685],[0.09824,51.47545],[0.08231,51.46664],[0.08743,51.44328],[0.07536,51.43199],[0.06171,51.4237],[0.02938,51.44171]]],[[[-0.01709,51.48041],[-0.01957,51.47819],[-0.02202,51.48369],[-0.01709,51.48041]]],[[[-0.00835,51.48709],[-0.00843,51.48658],[-0.01078,51.48705],[-0.00835,51.48709]]]]}},
{"type":"Feature","properties":{"area_code":"E09000012","area_name":"Hackney and City of London"},"geometry":{"type":"Polygon","coordinates":[[[-0.10917,51.50987],[-0.11144,51.50977],[-0.11157,51.51534],[-0.10529,51.51855],[-0.08523,51.52035],[-0.09703,51.533],[-0.07656,51.54784],[-0.10437,51.56477],[-0.09774,51.57362],[-0.06116,51.57779],[-0.04708,51.56259],[-0.02839,51.56102],[-0.01717,51.55158],[-0.01655,51.54333],[-0.06243,51.53553],[-0.07853,51.52151],[-0.08018,51.50687],[-0.10917,51.50987]]]}},
{"type":"Feature","properties":{"area_code":"E09000013","area_name":"Hammersmith and Fulham"},"geometry":{"type":"Polygon","coordinates":[[[-0.22844,51.53032],[-0.21418,51.50083],[-0.17775,51.47754],[-0.19053,51.46428],[-0.22174,51.47233],[-0.22996,51.48793],[-0.24337,51.48789],[-0.25304,51.50142],[-0.24628,51.53274],[-0.22844,51.53032]]]}},
{"type":"Feature","properties":{"area_code":"E09000014","area_name":"Haringey"},"geometry":{"type":"Polygon","coordinates":[[[-0.04139,51.60565],[-0.06116,51.57779],[-0.09774,51.57362],[-0.10437,51.56477],[-0.11953,51.57551],[-0.1424,51.56911],[-0.17123,51.57242],[-0.15713,51.58619],[-0.15648,51.60532],[-0.15133,51.59747],[-0.13871,51.61019],[-0.04139,51.60565]]]}},
{"type":"Feature","properties":{"area_code":"E09000015","area_name":"Harrow"},"geometry":{"type":"Polygon","coordinates":[[[-0.30445,51.63635],[-0.26711,51.60037],[-0.29041,51.59354],[-0.28247,51.58503],[-0.3047,51.58705],[-0.32664,51.57878],[-0.32215,51.56968],[-0.33556,51.55656],[-0.37784,51.55498],[-0.404,51.61318],[-0.36262,51.6235],[-0.31667,51.64054],[-0.30445,51.63635]]]}},
{"type":"Feature","properties":{"area_code":"E09000016","area_name":"Havering"},"geometry":{"type":"MultiPolygon","coordinates":[[[[0.16274,51.5046],[0.16511,51.50422],[0.16936,51.49889],[0.16274,51.5046]]],[[[0.18206,51.49863],[0.17858,51.50528],[0.16007,51.51172],[0.19022,51.55265],[0.18518,51.56551],[0.16189,51.56162],[0.1467,51.5688],[0.14821,51.59897],[0.13818,51.62355],[0.20031,51.62494],[0.22409,51.63174],[0.25219,51.61777],[0.26456,51.60832],[0.25401,51.6016],[0.26988,51.59957],[0.29029,51.5643],[0.31304,51.56582],[0.33402,51.5405],[0.26535,51.53215],[0.26368,51.51787],[0.25383,51.51789],[0.24896,51.52867],[0.23718,51.51933],[0.24192,51.50796],[0.2266,51.50656],[0.22997,51.49937],[0.21416,51.49604],[0.21179,51.48974],[0.21055,51.49024],[0.18768,51.48786],[0.18206,51.49863]]]]}},
{"type":"Feature","properties":{"area_code":"E09000017","area_name":"Hillingdon"},"geometry":{"type":"Polygon","coordinates":[[[-0.404,51.61318],[-0.37784,51.55498],[-0.39871,51.5479],[-0.39529,51.54255],[-0.41945,51.54033],[-0.37619,51.52882],[-0.40692,51.49967],[-0.41692,51.48248],[-0.41113,51.46989],[-0.44395,51.45329],[-0.45865,51.4563],[-0.5097,51.46918],[-0.49002,51.49475],[-0.48316,51.50713],[-0.49549,51.53855],[-0.47662,51.55919],[-0.5006,51.59969],[-0.49685,51.63173],[-0.45713,51.61229],[-0.44058,51.62007],[-0.404,51.61318]]]}},
{"type":"Feature","properties":{"area_code":"E09000018","area_name":"Hounslow"},"geometry":{"type":"Polygon","coordinates":[[[-0.25304,51.50142],[-0.24337,51.48789],[-0.25749,51.47121],[-0.2921,51.48728],[-0.32693,51.45701],[-0.37302,51.45747],[-0.38782,51.44944],[-0.36682,51.44162],[-0.39132,51.42232],[-0.45647,51.43811],[-0.45865,51.4563],[-0.44395,51.45329],[-0.41113,51.46989],[-0.41692,51.48248],[-0.40692,51.49967],[-0.37185,51.49048],[-0.35062,51.49911],[-0.31191,51.49197],[-0.29402,51.50156],[-0.28077,51.50285],[-0.26768,51.49392],[-0.25304,51.50142]]]}},
{"type":"Feature","properties":{"area_code":"E09000019","area_name":"Islington"},"geometry":{"type":"Polygon","coordinates":[[[-0.10437,51.56477],[-0.07656,51.54784],[-0.09703,51.533],[-0.08523,51.52035],[-0.10529,51.51855],[-0.12256,51.53075],[-0.1424,51.56911],[-0.11953,51.57551],[-0.10437,51.56477]]]}},
{"type":"Feature","properties":{"area_code":"E09000020","area_name":"Kensington and Chelsea"},"geometry":{"type":"Polygon","coordinates":[[[-0.21602,51.52792],[-0.17952,51.49777],[-0.15846,51.50223],[-0.14981,51.48455],[-0.17775,51.47754],[-0.21418,51.50083],[-0.22844,51.53032],[-0.21602,51.52792]]]}},
{"type":"Feature","properties":{"area_code":"E09000021","area_name":"Kingston upon Thames"},"geometry":{"type":"Polygon","coordinates":[[[-0.25109,51.43256],[-0.23969,51.38927],[-0.24503,51.38003],[-0.26115,51.3796],[-0.28544,51.36425],[-0.30619,51.33508],[-0.33066,51.32901],[-0.33051,51.34842],[-0.30737,51.37838],[-0.3177,51.39367],[-0.30879,51.40192],[-0.31065,51.43221],[-0.29062,51.42899],[-0.28656,51.42019],[-0.25407,51.43729],[-0.25109,51.43256]]]}},
{"type":"Feature","properties":{"area_code":"E09000022","area_name":"Lambeth"},"geometry":{"type":"Polygon","coordinates":[[[-0.07829,51.4206],[-0.07856,51.41987],[-0.11263,51.42324],[-0.12772,51.41232],[-0.14806,51.41287],[-0.14036,51.41926],[-0.13589,51.44198],[-0.14361,51.44184],[-0.15121,51.46586],[-0.12947,51.48589],[-0.11144,51.50977],[-0.10917,51.50987],[-0.10822,51.48031],[-0.09004,51.46607],[-0.10138,51.45192],[-0.07829,51.4206]]]}},
{"type":"Feature","properties":{"area_code":"E09000023","area_name":"Lewisham"},"geometry":{"type":"Polygon","coordinates":[[[-0.02202,51.48369],[-0.01957,51.47819],[-0.02274,51.47535],[-0.01916,51.47725],[-0.01506,51.46804],[0.01796,51.47383],[0.00996,51.4594],[0.02938,51.44171],[0.03628,51.42242],[0.02546,51.42897],[-0.01031,51.41358],[-0.03022,51.42568],[-0.07391,51.42621],[-0.0618,51.44779],[-0.04164,51.455],[-0.05397,51.48794],[-0.03234,51.49301],[-0.02482,51.48555],[-0.02202,51.48369]]]}},
{"type":"Feature","properties":{"area_code":"E09000024","area_name":"Merton"},"geometry":{"type":"Polygon","coordinates":[[[-0.14036,51.41926],[-0.14806,51.41287],[-0.12772,51.41232],[-0.12414,51.39761],[-0.13432,51.39085],[-0.16521,51.38797],[-0.17481,51.39341],[-0.1884,51.38543],[-0.20978,51.3883],[-0.21808,51.38018],[-0.23969,51.38927],[-0.25109,51.43256],[-0.19003,51.44146],[-0.18194,51.42473],[-0.14036,51.41926]]]}},
{"type":"Feature","properties":{"area_code":"E09000025","area_name":"Newham"},"geometry":{"type":"MultiPolygon","coordinates":[[[[0.09205,51.50901],[0.09353,51.50914],[0.09073,51.50788],[0.09205,51.50901]]],[[[0.02031,51.49941],[0.01647,51.50159],[0.01568,51.50204],[0.0055,51.5078],[-0.02113,51.53651],[-0.01655,51.54333],[-0.01717,51.55158],[0.02047,51.55613],[0.04627,51.55483],[0.05034,51.56402],[0.06836,51.54439],[0.07275,51.52927],[0.0926,51.5257],[0.09813,51.51495],[0.06573,51.50073],[0.06035,51.49837],[0.02031,51.49941]]]]}},
{"type":"Feature","properties":{"area_code":"E09000026","area_name":"Redbridge"},"geometry":{"type":"Polygon","coordinates":[[[0.13818,51.62355],[0.14821,51.59897],[0.12639,51.58673],[0.13158,51.57182],[0.1189,51.55737],[0.09352,51.54586],[0.06836,51.54439],[0.05034,51.56402],[0.04627,51.55483],[0.02047,51.55613],[0.0121,51.59269],[0.02144,51.6118],[0.00869,51.61907],[0.02182,51.62883],[0.07283,51.60469],[0.13818,51.62355]]]}},
{"type":"Feature","properties":{"area_code":"E09000027","area_name":"Richmond upon Thames"},"geometry":{"type":"Polygon","coordinates":[[[-0.22174,51.47233],[-0.23273,51.47251],[-0.23329,51.46397],[-0.25619,51.46283],[-0.25911,51.45495],[-0.2416,51.44312],[-0.25407,51.43729],[-0.28656,51.42019],[-0.29062,51.42899],[-0.31065,51.43221],[-0.30879,51.40192],[-0.3177,51.39367],[-0.32782,51.39184],[-0.35914,51.4119],[-0.38335,51.40854],[-0.39132,51.42232],[-0.36682,51.44162],[-0.38782,51.44944],[-0.37302,51.45747],[-0.32693,51.45701],[-0.2921,51.48728],[-0.25749,51.47121],[-0.24337,51.48789],[-0.22996,51.48793],[-0.22174,51.47233]]]}},
{"type":"Feature","properties":{"area_code":"E09000028","area_name":"Southwark"},"geometry":{"type":"Polygon","coordinates":[[[-0.08018,51.50687],[-0.07466,51.50546],[-0.07534,51.5045],[-0.0707,51.50306],[-0.06295,51.50066],[-0.05989,51.50168],[-0.04142,51.50658],[-0.03496,51.50583],[-0.03305,51.50121],[-0.03234,51.49301],[-0.05397,51.48794],[-0.04164,51.455],[-0.0618,51.44779],[-0.07391,51.42621],[-0.07829,51.4206],[-0.10138,51.45192],[-0.09004,51.46607],[-0.10822,51.48031],[-0.10917,51.50987],[-0.08018,51.50687]]]}},
{"type":"Feature","properties":{"area_code":"E09000029","area_name":"Sutton"},"geometry":{"type":"Polygon","coordinates":[[[-0.13432,51.39085],[-0.11684,51.34576],[-0.14458,51.34209],[-0.14558,51.32349],[-0.15652,51.32149],[-0.19732,51.3436],[-0.22094,51.32986],[-0.22982,51.33652],[-0.21726,51.34339],[-0.22274,51.35709],[-0.2454,51.36685],[-0.24503,51.38003],[-0.23969,51.38927],[-0.21808,51.38018],[-0.20978,51.3883],[-0.1884,51.38543],[-0.17481,51.39341],[-0.16521,51.38797],[-0.13432,51.39085]]]}},
{"type":"Feature","properties":{"area_code":"E09000030","area_name":"Tower Hamlets"},"geometry":{"type":"MultiPolygon","coordinates":[[[[-0.03341,51.50566],[-0.03315,51.50243],[-0.03305,51.50121],[-0.03496,51.50583],[-0.03341,51.50566]]],[[[-0.04434,51.50691],[-0.04142,51.50658],[-0.05989,51.50168],[-0.05651,51.50282],[-0.04434,51.50691]]],[[[0.0021,51.50438],[0.00152,51.50426],[0.00151,51.5047],[0.0021,51.50438]]],[[[-0.02923,51.50237],[-0.03125,51.50823],[-0.04549,51.50939],[-0.06121,51.5029],[-0.074,51.5064],[-0.07466,51.50546],[-0.08018,51.50687],[-0.07853,51.52151],[-0.06243,51.53553],[-0.01655,51.54333],[-0.02113,51.53651],[0.0055,51.5078],[0.00456,51.50834],[-0.00571,51.50511],[-0.00617,51.50198],[-0.00835,51.48709],[-0.01078,51.48705],[-0.02493,51.48981],[-0.02923,51.50237]]]]}},
{"type":"Feature","properties":{"area_code":"E09000031","area_name":"Waltham Forest"},"geometry":{"type":"Polygon","coordinates":[[[0.02182,51.62883],[0.00869,51.61907],[0.02144,51.6118],[0.0121,51.59269],[0.02047,51.55613],[-0.01717,51.55158],[-0.02839,51.56102],[-0.04708,51.56259],[-0.06116,51.57779],[-0.04139,51.60565],[-0.01226,51.64623],[0.02272,51.64112],[0.02182,51.62883]]]}},
{"type":"Feature","properties":{"area_code":"E09000032","area_name":"Wandsworth"},"geometry":{"type":"Polygon","coordinates":[[[-0.14036,51.41926],[-0.18194,51.42473],[-0.19003,51.44146],[-0.25109,51.43256],[-0.25407,51.43729],[-0.2416,51.44312],[-0.25911,51.45495],[-0.25619,51.46283],[-0.23329,51.46397],[-0.23273,51.47251],[-0.22174,51.47233],[-0.19053,51.46428],[-0.17775,51.47754],[-0.14981,51.48455],[-0.12947,51.48589],[-0.15121,51.46586],[-0.14361,51.44184],[-0.13589,51.44198],[-0.14036,51.41926]]]}},
{"type":"Feature","properties":{"area_code":"E09000033","area_name":"Westminster"},"geometry":{"type":"Polygon","coordinates":[[[-0.11157,51.51534],[-0.11144,51.50977],[-0.12947,51.48589],[-0.14981,51.48455],[-0.15846,51.50223],[-0.17952,51.49777],[-0.21602,51.52792],[-0.20514,51.53296],[-0.19648,51.52764],[-0.19147,51.53629],[-0.15268,51.53751],[-0.12934,51.51347],[-0.11157,51.51534]]]}}
]
}
